date,close,volume,px_0005_next
2012-01-01,5.0,21.602,5.0
2012-01-02,5.0,19.048,5.0
2012-01-03,5.29,88.03728092,5.29
2012-01-04,5.57,107.23326023000001,5.57
2012-01-05,6.65,94.80182926,6.65
2012-01-06,6.0,33.88274671,6.0
2012-01-07,6.8,0.29585799,6.8
2012-01-08,7.0,5.0,7.0
2012-01-09,6.3,66.8693229,6.3
2012-01-10,7.14,62.28998018,7.14
2012-01-11,7.0,105.35893401999999,7.0
2012-01-12,6.51,82.30163181,6.51
2012-01-13,6.6,48.970144839999996,6.6
2012-01-14,6.3,16.836,6.3
2012-01-15,7.15,16.6993007,7.15
2012-01-16,7.1,12.64929577,7.1
2012-01-17,6.0,80.51400824000001,6.0
2012-01-18,7.1,133.44676912,7.1
2012-01-19,6.22,246.71581895,6.22
2012-01-20,6.95,95.82599863,6.95
2012-01-21,6.77,81.41385241,6.77
2012-01-22,6.79,81.27103303,6.79
2012-01-23,6.52,94.92062908999999,6.52
2012-01-24,6.55,85.44624147,6.55
2012-01-25,6.31,81.1232564,6.31
2012-01-26,5.5,29.91907058,5.5
2012-01-27,5.88,92.07999287,5.88
2012-01-28,4.91,0.25,4.91
2012-01-29,5.5,9.45484643,5.5
2012-01-30,5.58,15.16,5.58
2012-01-31,5.3,110.50333334,5.3
2012-02-01,5.88,12.058806279999999,5.88
2012-02-02,6.28,251.00093001,6.28
2012-02-03,6.3,155.5524532,6.3
2012-02-04,5.94,67.63499408999999,5.94
2012-02-05,5.6,47.85042396,5.6
2012-02-06,5.6,29.17833833,5.6
2012-02-07,5.69,165.40541896,5.69
2012-02-08,5.87,83.57202011,5.87
2012-02-09,5.89,83.60318875,5.89
2012-02-10,5.88,176.93050375,5.88
2012-02-11,5.5,1.8794878,5.5
2012-02-12,5.67,64.8434324,5.67
2012-02-13,5.79,99.78443902000001,5.79
2012-02-14,4.89,128.34493428,4.89
2012-02-15,4.69,67.78916535,4.69
2012-02-16,4.51,115.6239213,4.51
2012-02-17,4.67,244.67028923,4.67
2012-02-18,4.23,254.39025200999998,4.23
2012-02-19,4.38,92.68354434,4.38
2012-02-20,4.44,315.93925361,4.44
2012-02-21,4.58,358.44920149,4.58
2012-02-22,4.51,75.30876636,4.51
2012-02-23,5.22,714.84400933,5.22
2012-02-24,4.95,37.59711782,4.95
2012-02-25,5.0,119.80740151,5.0
2012-02-26,4.98,40.9,4.98
2012-02-27,5.04,309.05231411,5.04
2012-02-28,4.88,440.24138707000003,4.97
2012-02-29,4.99,242.23784635,4.99
2012-03-01,5.0,291.16358119,5.0
2012-03-02,4.79,245.97471171,4.79
2012-03-03,4.65,125.91831513999999,4.65
2012-03-04,4.81,113.60841529999999,4.81
2012-03-05,5.06,518.05455153,5.06
2012-03-06,4.98,296.62794241999995,4.98
2012-03-07,4.93,373.49234495,4.93
2012-03-08,5.01,326.5657549,5.01
2012-03-09,4.93,277.58947934,4.93
2012-03-10,4.94,114.04892826,4.94
2012-03-11,5.0,24.68252609,5.0
2012-03-12,4.99,108.76167997,4.99
2012-03-13,5.3,734.65394306,5.3
2012-03-14,5.27,1129.74327668,5.27
2012-03-15,5.39,633.1678494700001,5.39
2012-03-16,5.26,157.69794429,5.26
2012-03-17,5.42,143.87332861000002,5.42
2012-03-18,5.25,412.66352117,5.25
2012-03-19,4.83,415.19375675000003,4.83
2012-03-20,4.79,279.75591707,4.79
2012-03-21,4.96,9.32862903,4.86
2012-03-22,4.91,396.4109947,4.91
2012-03-23,4.78,393.13018483999997,4.78
2012-03-24,4.83,191.53850932,4.83
2012-03-25,4.54,15.473571920000001,4.54
2012-03-26,4.73,64.76455997000001,4.73
2012-03-27,4.84,369.59079622999997,4.84
2012-03-28,4.93,418.64896346,4.93
2012-03-29,4.84,110.39370311,4.84
2012-03-30,4.88,161.39879423,4.88
2012-03-31,4.9,158.37378321,4.9
2012-04-01,4.89,308.5058652,4.89
2012-04-02,5.04,888.57861157,5.04
2012-04-03,4.99,244.30290125,4.99
2012-04-04,5.01,305.43564088,5.01
2012-04-05,5.0,400.86488523,5.0
2012-04-06,4.99,725.95771755,4.99
2012-04-07,4.7,228.65562961,4.7
2012-04-08,4.76,177.21795867,4.76
2012-04-09,4.75,158.55832457,4.75
2012-04-10,4.8,314.81763742,4.8
2012-04-11,4.92,425.60463177,4.92
2012-04-12,4.93,756.7945518299999,4.93
2012-04-13,4.93,1102.2658949,4.93
2012-04-14,4.96,544.64998903,4.96
2012-04-15,4.99,114.97408628,4.99
2012-04-16,4.98,487.00754874,4.98
2012-04-17,4.98,282.51538718,4.98
2012-04-18,5.16,839.9317501,5.16
2012-04-19,5.13,562.65170962,5.13
2012-04-20,5.38,372.83588987,5.38
2012-04-21,5.24,301.94356518,5.24
2012-04-22,5.17,139.56864263,5.17
2012-04-23,5.0,947.4609743799999,4.98
2012-04-24,5.08,1975.83110589,5.08
2012-04-25,5.14,1634.21397671,5.14
2012-04-26,4.98,762.130218,4.98
2012-04-27,5.04,718.01401093,5.04
2012-04-28,4.91,205.02552687,4.91
2012-04-29,4.91,62.87862749,4.91
2012-04-30,5.0,490.58077756,5.0
2012-05-01,4.97,831.74622588,4.97
2012-05-02,5.06,495.31714339999996,5.06
2012-05-03,5.1,645.0894015700001,5.1
2012-05-04,5.07,776.04276349,5.07
2012-05-05,5.04,415.56904636,5.04
2012-05-06,5.08,1234.04605556,5.08
2012-05-07,5.05,874.4786445899999,5.05
2012-05-08,5.02,640.55868732,5.02
2012-05-09,5.02,350.28159466,5.02
2012-05-10,4.87,907.11429341,4.87
2012-05-11,4.95,413.82665677,4.95
2012-05-12,4.91,219.33389116,4.91
2012-05-13,4.94,395.46296566,4.94
2012-05-14,4.93,718.7291176800001,4.93
2012-05-15,4.95,600.99596383,4.95
2012-05-16,5.04,178.0332215,5.04
2012-05-17,5.02,611.21283218,5.02
2012-05-18,5.07,912.52426975,5.07
2012-05-19,5.07,168.0059752,5.07
2012-05-20,5.03,26.40212653,5.03
2012-05-21,5.08,354.05739561,5.08
2012-05-22,5.03,678.0675854599999,5.03
2012-05-23,5.1,558.15131265,5.1
2012-05-24,5.12,904.74009563,5.12
2012-05-25,5.08,274.91026252,5.08
2012-05-26,5.07,388.70621698,5.07
2012-05-27,5.07,913.52967246,5.07
2012-05-28,5.07,180.68383316999999,5.07
2012-05-29,5.11,1341.51430437,5.07
2012-05-30,5.14,748.4016813000001,5.14
2012-05-31,5.17,1102.63991433,5.17
2012-06-01,5.22,473.66441064,5.22
2012-06-02,5.19,192.43478463,5.19
2012-06-03,5.19,14.33475413,5.19
2012-06-04,5.22,1359.1183093,5.22
2012-06-05,5.37,929.19495142,5.39
2012-06-06,5.41,770.84630967,5.41
2012-06-07,5.53,1412.87520676,5.53
2012-06-08,5.61,1397.44902146,5.6
2012-06-09,5.48,353.65603433,5.48
2012-06-10,5.42,270.95117634999997,5.42
2012-06-11,5.52,667.67216608,5.52
2012-06-12,5.71,9330.40796353,5.71
2012-06-13,5.86,1690.1974072799999,5.86
2012-06-14,5.9,3236.5087261,5.9
2012-06-15,6.42,2041.44728739,6.42
2012-06-16,6.41,1010.13937541,6.41
2012-06-17,6.19,424.19045736,6.19
2012-06-18,6.06,2483.09865301,6.06
2012-06-19,6.46,1389.04883704,6.46
2012-06-20,6.64,2075.9845673199998,6.64
2012-06-21,6.64,480.84201914,6.64
2012-06-22,6.59,963.16079856,6.59
2012-06-23,6.45,1137.14132849,6.45
2012-06-24,6.4,599.17294991,6.4
2012-06-25,6.26,1956.72821549,6.26
2012-06-26,6.41,2273.09860085,6.41
2012-06-27,6.49,11231.77828715,6.49
2012-06-28,6.5,4266.15056833,6.5
2012-06-29,6.52,8127.55500191,6.52
2012-06-30,6.61,828.0520601200001,6.61
2012-07-01,6.52,332.44372303,6.52
2012-07-02,6.61,1792.23613156,6.61
2012-07-03,6.44,1936.3905711,6.44
2012-07-04,6.44,2014.68873242,6.44
2012-07-05,6.6,1406.97193178,6.6
2012-07-06,6.59,1662.61510481,6.6
2012-07-07,6.79,1408.4798228,6.8
2012-07-08,6.73,830.3709043599999,6.73
2012-07-09,6.94,1751.75552753,6.95
2012-07-10,7.08,1495.1442887,7.08
2012-07-11,7.14,751.66207543,7.14
2012-07-12,7.59,2325.83757492,7.59
2012-07-13,7.59,1204.54573744,7.59
2012-07-14,7.55,717.31461971,7.55
2012-07-15,7.57,322.39208253000004,7.57
2012-07-16,8.3,3680.08259313,8.3
2012-07-17,8.55,3658.89689036,8.55
2012-07-18,9.0,2613.84283038,9.0
2012-07-19,8.76,2512.84139938,8.76
2012-07-20,8.44,1378.66512931,8.44
2012-07-21,8.74,2380.64465914,8.74
2012-07-22,8.42,1483.54734476,8.42
2012-07-23,8.59,2585.86162064,8.59
2012-07-24,8.61,1298.89850451,8.61
2012-07-25,8.64,1795.45977381,8.64
2012-07-26,8.75,837.67858918,8.75
2012-07-27,8.83,687.49671529,8.83
2012-07-28,8.88,1498.92603223,8.88
2012-07-29,8.71,590.37066164,8.71
2012-07-30,9.0,2423.61350598,9.0
2012-07-31,9.28,1324.42575089,9.28
2012-08-01,9.45,2419.60607326,9.45
2012-08-02,10.44,2209.70926083,10.44
2012-08-03,10.79,2419.4134313,10.79
2012-08-04,10.51,635.36838136,10.51
2012-08-05,10.71,1906.7619071,10.71
2012-08-06,10.84,2070.07812125,10.86
2012-08-07,10.75,1039.03555,10.75
2012-08-08,10.99,2746.09461909,10.99
2012-08-09,11.0,2432.99473283,11.0
2012-08-10,11.32,2554.4390557799998,11.32
2012-08-11,11.38,358.81692698,11.38
2012-08-12,11.49,838.43263007,11.49
2012-08-13,11.89,3499.58597117,11.89
2012-08-14,12.25,1925.97314893,12.25
2012-08-15,13.01,1592.26779358,13.01
2012-08-16,13.42,1529.32907411,13.42
2012-08-17,12.5,4868.27886465,12.5
2012-08-18,11.54,2511.36721759,11.54
2012-08-19,8.06,5427.25152631,8.06
2012-08-20,10.05,3382.49965273,10.05
2012-08-21,10.18,3384.91944343,10.18
2012-08-22,9.96,8193.33129544,9.96
2012-08-23,10.02,2710.255412,10.02
2012-08-24,10.37,4170.89273973,10.37
2012-08-25,10.57,581.27122837,10.57
2012-08-26,10.31,1412.06354452,10.31
2012-08-27,10.78,4283.77447562,10.78
2012-08-28,11.0,2970.10121301,11.0
2012-08-29,10.78,4768.86011118,10.81
2012-08-30,10.65,1513.88396985,10.65
2012-08-31,10.16,2915.12925668,10.16
2012-09-01,9.91,665.20204584,9.91
2012-09-02,10.18,1340.45182161,10.18
2012-09-03,10.55,1166.65101376,10.55
2012-09-04,10.36,2649.65990947,10.36
2012-09-05,10.99,1870.38903071,10.99
2012-09-06,11.02,3296.23211519,11.03
2012-09-07,11.03,1351.7701121,11.03
2012-09-08,10.97,1355.12940957,10.97
2012-09-09,10.98,1216.12471856,10.98
2012-09-10,10.95,2492.06090795,10.95
2012-09-11,11.04,4794.96358934,11.04
2012-09-12,11.14,2414.68753316,11.14
2012-09-13,11.3,2138.98077281,11.3
2012-09-14,11.5,2127.29435418,11.5
2012-09-15,11.63,594.79395476,11.63
2012-09-16,11.75,1287.40625221,11.75
2012-09-17,11.85,689.94090289,11.85
2012-09-18,11.91,3735.01772907,11.9
2012-09-19,12.32,1251.58348152,12.45
2012-09-20,12.28,767.93391028,12.28
2012-09-21,12.19,1990.3901719,12.14
2012-09-22,11.97,818.0470256899999,11.97
2012-09-23,11.99,1084.46274346,11.99
2012-09-24,11.9,1523.1995401,11.9
2012-09-25,11.75,3057.44986023,11.75
2012-09-26,12.2,3038.10509727,12.2
2012-09-27,12.22,3306.14546315,12.22
2012-09-28,12.28,2842.62287799,12.28
2012-09-29,12.28,584.15406141,12.28
2012-09-30,12.22,173.21424584,12.22
2012-10-01,12.14,3151.92775768,12.21
2012-10-02,12.64,4634.41770999,12.64
2012-10-03,12.9,4948.45567245,12.9
2012-10-04,12.57,3211.88600053,12.57
2012-10-05,12.5,5459.56068828,12.5
2012-10-06,12.39,1640.4168496300001,12.39
2012-10-07,11.71,3262.84750727,11.71
2012-10-08,11.62,2885.95781205,11.62
2012-10-09,11.99,1933.93908899,11.99
2012-10-10,12.24,2369.71836117,12.24
2012-10-11,12.09,2349.86047287,11.9
2012-10-12,11.9,735.71660723,11.9
2012-10-13,11.85,486.61590663,11.85
2012-10-14,11.79,336.21764746,11.79
2012-10-15,11.66,3425.95800654,11.66
2012-10-16,11.92,1004.4996770500001,11.92
2012-10-17,11.88,3020.8905373400003,11.88
2012-10-18,11.8,1277.75425699,11.75
2012-10-19,11.67,10149.00152833,11.65
2012-10-20,11.6,704.85501096,11.6
2012-10-21,11.32,2048.2603274,11.32
2012-10-22,11.49,1913.11800635,11.49
2012-10-23,11.58,2717.11005347,11.58
2012-10-24,11.4,3180.17696523,11.4
2012-10-25,10.55,3077.54063611,10.55
2012-10-26,10.0,2384.6465122199997,10.0
2012-10-27,10.43,1989.47751313,10.43
2012-10-28,10.54,972.31928641,10.54
2012-10-29,10.8,2655.79081055,10.8
2012-10-30,10.8,2780.31469798,10.8
2012-10-31,11.0,3057.67949806,11.0
2012-11-01,10.85,1726.98832092,10.85
2012-11-02,10.67,2477.44954182,10.67
2012-11-03,10.66,1572.81466123,10.66
2012-11-04,10.64,2010.40623271,10.64
2012-11-05,10.78,5531.261206419999,10.78
2012-11-06,10.74,3348.91281134,10.68
2012-11-07,10.8,4027.9994833,10.65
2012-11-08,10.81,2930.3994993,10.81
2012-11-09,10.8,2342.58038373,10.8
2012-11-10,10.81,1074.44382044,10.81
2012-11-11,10.82,650.67843328,10.82
2012-11-12,10.87,1146.3177332,10.92
2012-11-13,10.87,2565.61377888,10.87
2012-11-14,10.97,1294.56300651,10.97
2012-11-15,11.05,2452.65680751,11.05
2012-11-16,11.46,7094.45117038,11.46
2012-11-17,11.57,795.35041288,11.57
2012-11-18,11.51,1033.46070105,11.6
2012-11-19,11.65,4206.61783947,11.65
2012-11-20,11.65,2524.49574606,11.65
2012-11-21,11.67,3449.3800311,11.67
2012-11-22,11.88,10030.59751843,11.99
2012-11-23,12.16,2085.93949655,12.17
2012-11-24,12.25,1378.94883856,12.25
2012-11-25,12.31,1110.26121167,12.31
2012-11-26,12.2,4569.27484855,12.2
2012-11-27,12.07,3692.25210948,12.07
2012-11-28,12.22,4332.17242762,12.22
2012-11-29,12.37,3553.57577684,12.37
2012-11-30,12.43,3472.32663909,12.38
2012-12-01,12.34,2513.84899834,12.34
2012-12-02,12.42,1741.38980028,12.47
2012-12-03,12.6,5124.74579588,12.5
2012-12-04,12.59,5524.27022114,12.59
2012-12-05,13.2,3202.16066697,13.2
2012-12-06,13.45,4479.8787206,13.33
2012-12-07,13.37,3494.46597785,13.37
2012-12-08,13.36,509.44467265,13.3
2012-12-09,13.29,1187.24480088,13.29
2012-12-10,13.3,6444.03315201,13.3
2012-12-11,13.35,2641.35197436,13.35
2012-12-12,13.49,3925.65665283,13.49
2012-12-13,13.52,5259.54363934,13.52
2012-12-14,13.51,5949.65698329,13.51
2012-12-15,13.38,1531.92100659,13.38
2012-12-16,13.27,1217.80887677,13.27
2012-12-17,13.2,5313.36578294,13.2
2012-12-18,13.13,5416.93282338,13.13
2012-12-19,13.4,4893.71657021,13.4
2012-12-20,13.35,1866.13166051,13.35
2012-12-21,13.2,2559.57635586,13.2
2012-12-22,13.2,870.39564745,13.2
2012-12-23,13.14,518.01209598,13.14
2012-12-24,13.23,1511.90177224,13.23
2012-12-25,13.24,1136.04126972,13.24
2012-12-26,13.18,2247.7983618,13.18
2012-12-27,13.2,3347.61148062,13.19
2012-12-28,13.18,4176.8818021,13.18
2012-12-29,13.22,274.78659657,13.22
2012-12-30,13.2,1020.8902326799999,13.2
2012-12-31,13.24,1641.78561179,13.24
2013-01-01,13.22,2116.9294086200002,13.22
2013-01-02,13.09,1840.84872373,13.09
2013-01-03,13.19,3320.9720537,13.12
2013-01-04,13.19,2700.25350741,13.19
2013-01-05,13.15,1463.53584867,13.11
2013-01-06,13.15,453.5630895,13.15
2013-01-07,13.2,3935.24845698,13.2
2013-01-08,13.5,6086.27515492,13.5
2013-01-09,13.58,4640.26739318,13.67
2013-01-10,14.0,3719.44737915,14.0
2013-01-11,14.0,2405.62603846,14.02
2013-01-12,13.89,2245.5631997,13.89
2013-01-13,13.64,1578.50971345,13.64
2013-01-14,14.1,4314.60459809,14.1
2013-01-15,14.2,4961.37905221,14.2
2013-01-16,14.53,5436.22875828,14.53
2013-01-17,15.36,5227.75642184,15.34
2013-01-18,15.57,6749.5256782,15.57
2013-01-19,15.38,1993.54022684,15.38
2013-01-20,15.5,1427.76747178,15.5
2013-01-21,16.52,5634.62820353,16.52
2013-01-22,17.35,3827.75700027,17.35
2013-01-23,17.5,4853.15538002,17.5
2013-01-24,17.29,14880.17041128,17.29
2013-01-25,17.49,5131.56268928,17.49
2013-01-26,17.49,2485.89670409,17.48
2013-01-27,17.6,2589.57418764,17.6
2013-01-28,18.67,5344.51893733,18.6
2013-01-29,19.35,4541.64000435,19.46
2013-01-30,19.45,2557.50773646,19.45
2013-01-31,20.46,5738.86115204,20.46
2013-02-01,20.35,3503.83130961,20.35
2013-02-02,19.82,4786.977974,19.82
2013-02-03,20.29,2479.42164405,20.29
2013-02-04,20.3,4506.95113427,20.3
2013-02-05,20.5,3193.30770398,20.5
2013-02-06,20.91,3424.26001089,20.91
2013-02-07,21.71,6307.5765625700005,21.95
2013-02-08,22.4,2801.66595389,22.4
2013-02-09,23.14,2134.0789741,23.14
2013-02-10,23.7,2194.81136293,23.75
2013-02-11,23.94,2978.34729807,23.94
2013-02-12,25.47,8534.23395403,25.33
2013-02-13,25.0,3983.63915336,25.0
2013-02-14,27.4,12042.50498387,27.45
2013-02-15,27.0,3145.14317345,27.43
2013-02-16,27.5,2782.38948658,27.5
2013-02-17,26.98,7942.00011199,26.98
2013-02-18,26.92,3103.54193597,26.92
2013-02-19,29.39,9541.05177226,29.48
2013-02-20,30.0,3832.39322315,30.0
2013-02-21,30.0,3576.1120243,30.0
2013-02-22,30.4,6182.20227366,30.4
2013-02-23,29.54,3865.84825949,29.54
2013-02-24,29.78,1590.77752019,29.78
2013-02-25,30.43,1564.84867774,30.47
2013-02-26,31.1,5071.90174369,30.7
2013-02-27,31.31,3168.54441515,31.31
2013-02-28,33.53,6726.87432506,33.53
2013-03-01,34.55,3666.42582921,34.55
2013-03-02,34.16,2128.57214025,34.29
2013-03-03,34.33,1136.6260825900001,34.33
2013-03-04,36.52,6165.24472089,36.52
2013-03-05,40.75,6476.1922097199995,40.66
2013-03-06,42.32,10298.43893055,41.89
2013-03-07,41.68,16259.06198022,41.21
2013-03-08,43.76,4388.75944645,43.76
2013-03-09,46.0,3829.2199598,45.76
2013-03-10,45.29,1252.09771351,45.29
2013-03-11,48.25,3400.7859461,48.25
2013-03-12,44.84,11195.69562451,44.84
2013-03-13,46.99,3290.23440492,46.9
2013-03-14,46.95,3527.68709124,46.95
2013-03-15,46.9,1063.76443798,46.93
2013-03-16,46.74,909.75563433,46.74
2013-03-17,47.24,1102.96029809,47.24
2013-03-18,50.35,5924.10302677,49.87
2013-03-19,59.41,9303.93790035,59.41
2013-03-20,64.2,8546.00680193,64.2
2013-03-21,72.23,9864.56711014,72.23
2013-03-22,69.9,5462.69655236,69.99
2013-03-23,63.9,13092.94728399,64.7
2013-03-24,70.22,3627.6948039500003,70.22
2013-03-25,75.11,8198.25231403,74.3
2013-03-26,79.81,6748.3811185,79.01
2013-03-27,89.3,6073.07958286,89.4
2013-03-28,88.52,9823.47335779,86.8
2013-03-29,90.0,6658.41693742,90.49
2013-03-30,92.11,1799.52075455,92.11
2013-03-31,96.15,2003.81769842,95.25
2013-04-01,104.7,6540.7052677,104.74
2013-04-02,116.0,6441.03900269,117.0
2013-04-03,133.78,15003.948503650001,132.54
2013-04-04,135.0,7265.27300112,135.0
2013-04-05,141.8,7560.20101911,141.8
2013-04-06,141.0,3504.27395363,141.0
2013-04-07,164.97,6737.21244685,164.96
2013-04-08,185.6,13411.06323591,185.58
2013-04-09,229.0,11211.78878477,228.99
2013-04-10,162.0,20889.47079028,165.16
2013-04-11,83.4,37205.88492273,79.88
2013-04-12,109.9,29095.90818647,110.0
2013-04-13,91.64,16830.84314245,90.11
2013-04-14,91.11,5777.57333124,91.79
2013-04-15,74.0,19578.12871598,73.99
2013-04-16,68.09,35706.58629386,67.82
2013-04-17,89.98,30854.42411947,89.98
2013-04-18,109.3,16527.45971668,106.15
2013-04-19,117.71,25498.95204842,118.11
2013-04-20,126.55,7474.81424834,125.0
2013-04-21,118.81,17188.09077106,118.91
2013-04-22,123.74,6675.54945823,123.97
2013-04-23,137.29,13391.87055752,137.31
2013-04-24,149.0,21232.85034477,149.0
2013-04-25,141.9,16566.09169458,142.0
2013-04-26,137.3,10688.92108773,137.34
2013-04-27,128.8,6686.07508764,128.85
2013-04-28,135.28,5136.5255006,135.0
2013-04-29,143.31,10485.46213504,143.0
2013-04-30,139.88,8465.29718136,139.84
2013-05-01,116.75,21104.902129950002,114.56
2013-05-02,106.81,21725.133598,107.0
2013-05-03,98.08,26863.56444609,98.9
2013-05-04,112.62,15910.12807666,111.84
2013-05-05,116.57,9033.94177783,116.56
2013-05-06,112.71,17251.55561438,112.59
2013-05-07,110.0,14941.55263514,110.48
2013-05-08,113.16,8261.64064249,113.87
2013-05-09,111.96,6725.70842693,110.0
2013-05-10,117.9,10480.13511879,117.22
2013-05-11,115.04,4692.10496687,115.58
2013-05-12,114.5,3366.70303467,114.5
2013-05-13,115.99,3412.04123442,115.99
2013-05-14,107.0,12120.00783896,106.9
2013-05-15,108.95,10914.51829481,109.04
2013-05-16,113.35,7515.76166257,113.5
2013-05-17,116.73,9721.36089521,117.69
2013-05-18,118.49,3906.23090184,118.45
2013-05-19,116.38,4800.36143192,117.27
2013-05-20,116.55,4541.30988594,117.91
2013-05-21,117.5,3656.2547232,117.5
2013-05-22,119.11,7275.60471178,118.37
2013-05-23,123.84,10212.79546118,123.88
2013-05-24,128.7,13193.58203434,128.56
2013-05-25,128.97,5146.70519875,128.99
2013-05-26,129.5,3916.06467515,129.5
2013-05-27,126.25,7413.81180566,126.25
2013-05-28,125.92,6072.75780468,126.19
2013-05-29,130.35,9946.83923725,130.35
2013-05-30,126.81,9432.35613171,126.78
2013-05-31,127.91,5633.94849614,127.91
2013-06-01,128.77,3406.48517336,128.77
2013-06-02,123.0,15138.12901202,123.4
2013-06-03,123.22,8850.29223011,123.21
2013-06-04,120.57,7975.85871798,120.07
2013-06-05,121.2,4733.0269489600005,120.98
2013-06-06,118.78,4936.97817062,118.5
2013-06-07,110.18,18261.47609584,110.18
2013-06-08,109.11,5055.00711397,109.1
2013-06-09,100.17,30734.49888577,100.0
2013-06-10,104.22,13536.55840755,104.2
2013-06-11,107.36,5234.35334037,107.29
2013-06-12,106.56,7612.62055255,106.29
2013-06-13,102.0,8047.28050101,101.91
2013-06-14,99.01,10698.4120069,99.01
2013-06-15,99.42,4243.40771805,99.42
2013-06-16,99.37,3089.73462791,98.74
2013-06-17,100.0,4785.76602027,100.39
2013-06-18,104.5,10874.74329689,104.5
2013-06-19,105.24,5483.53573255,105.24
2013-06-20,102.61,9088.52547567,103.0
2013-06-21,101.8,12331.66300099,101.84
2013-06-22,100.0,3350.32557131,100.01
2013-06-23,100.41,1977.39270619,100.4
2013-06-24,99.47,9702.68839049,98.75
2013-06-25,97.87,5294.05179614,97.54
2013-06-26,98.77,4940.40777894,98.76
2013-06-27,96.31,4937.41675442,95.04
2013-06-28,89.96,18557.52900345,89.89
2013-06-29,88.98,4373.62440255,88.98
2013-06-30,89.53,2390.67441288,89.53
2013-07-01,84.5,20854.46869197,83.41
2013-07-02,88.0,12666.39148742,88.76
2013-07-03,77.01,20740.88552523,77.89
2013-07-04,79.4,21957.43214384,79.0
2013-07-05,66.93,32935.36592906,67.45
2013-07-06,66.34,17245.95828177,65.7
2013-07-07,73.96,6858.52231849,73.98
2013-07-08,74.4,18669.57799992,74.0
2013-07-09,75.01,15908.99990621,75.01
2013-07-10,86.19,27275.18412986,86.29
2013-07-11,87.13,17311.05698299,87.24
2013-07-12,90.17,32060.82985282,90.16
2013-07-13,91.67,6004.55580528,91.5
2013-07-14,90.03,5202.94162176,89.28
2013-07-15,93.78,13030.66102004,93.75
2013-07-16,91.55,9285.47354955,91.26
2013-07-17,90.97,7404.86645917,90.85
2013-07-18,85.28,21446.66606845,85.0
2013-07-19,86.51,8689.960752,86.5
2013-07-20,85.04,4451.4748679,85.02
2013-07-21,85.93,2907.86221135,86.0
2013-07-22,85.6,8294.01816821,85.56
2013-07-23,86.98,13038.50130799,86.94
2013-07-24,88.42,9276.4211009,88.43
2013-07-25,90.16,10416.8800968,90.06
2013-07-26,89.95,6500.58440396,89.97
2013-07-27,88.16,3489.15396964,88.17
2013-07-28,92.71,7294.35296151,92.79
2013-07-29,93.39,10250.84060044,93.46
2013-07-30,96.57,11695.36756812,96.51
2013-07-31,98.28,17025.38437411,98.28
2013-08-01,96.62,7832.16050467,96.57
2013-08-02,95.85,15553.07296963,95.87
2013-08-03,95.55,4499.94672997,95.53
2013-08-04,96.38,3019.67129901,96.38
2013-08-05,97.81,11003.41353294,97.88
2013-08-06,97.69,9248.61209517,97.82
2013-08-07,97.09,7127.85555164,97.12
2013-08-08,94.27,14017.03265768,94.27
2013-08-09,92.27,12311.24302657,92.27
2013-08-10,93.51,3115.45505946,93.51
2013-08-11,94.09,1863.55256347,94.09
2013-08-12,95.35,7203.7336517,95.37
2013-08-13,98.15,12840.28503739,97.71
2013-08-14,99.19,17997.71861974,99.19
2013-08-15,98.08,9533.324150370001,98.08
2013-08-16,98.25,9306.11308233,98.26
2013-08-17,99.71,5533.56584068,99.71
2013-08-18,99.3,2757.60749158,99.35
2013-08-19,102.85,20223.50852434,102.85
2013-08-20,104.87,11512.55473348,104.87
2013-08-21,110.43,23925.71807899,110.43
2013-08-22,109.12,12231.93171666,109.62
2013-08-23,107.65,9469.67629666,107.66
2013-08-24,109.15,4332.68697991,109.18
2013-08-25,113.12,9343.16273408,113.09
2013-08-26,111.9,10842.80342417,111.86
2013-08-27,117.75,18924.73961221,117.77
2013-08-28,117.91,10195.73119445,117.91
2013-08-29,118.5,9789.33885357,118.91
2013-08-30,124.86,17374.35799114,124.99
2013-08-31,128.0,19981.34364226,128.0
2013-09-01,130.66,8021.56323583,130.66
2013-09-02,130.15,8939.39980324,129.39
2013-09-03,129.18,11994.57661966,129.18
2013-09-04,122.81,18821.05012844,122.75
2013-09-05,122.5,19236.83229587,122.55
2013-09-06,117.67,19391.20825469,117.6
2013-09-07,119.93,9676.9974976,119.91
2013-09-08,118.34,5458.68589096,117.74
2013-09-09,121.68,21345.72633658,121.74
2013-09-10,122.07,11319.88974811,122.09
2013-09-11,127.55,18550.2138604,127.5
2013-09-12,126.38,13856.21063312,127.0
2013-09-13,127.71,9309.9491962,127.69
2013-09-14,124.49,8711.86383564,124.5
2013-09-15,125.36,5360.8824298,125.36
2013-09-16,126.27,7602.34785199,126.34
2013-09-17,126.92,8852.61357182,126.9
2013-09-18,127.0,13495.71105357,127.17
2013-09-19,124.18,10236.24813846,124.18
2013-09-20,122.91,10505.08009305,122.91
2013-09-21,123.39,4154.19202354,123.31
2013-09-22,123.27,2882.09130233,123.27
2013-09-23,122.63,7736.9339578,122.62
2013-09-24,123.86,10183.16714023,123.74
2013-09-25,123.25,8053.1844009199995,123.32
2013-09-26,124.84,7784.8432092699995,124.84
2013-09-27,126.95,12117.32341602,126.92
2013-09-28,126.54,6320.25836432,126.54
2013-09-29,127.01,6745.39450444,127.01
2013-09-30,126.25,11530.52471883,126.25
2013-10-01,127.33,7513.8349608,127.3
2013-10-02,103.85,60639.38898698,103.94
2013-10-03,117.63,26112.7638711,117.63
2013-10-04,121.94,13194.57595434,121.94
2013-10-05,121.2,2942.63601131,121.2
2013-10-06,122.49,3926.3413189,122.49
2013-10-07,123.5,11885.13460018,123.5
2013-10-08,124.13,13183.37384894,124.49
2013-10-09,125.9,18933.76126312,125.79
2013-10-10,126.8,11382.14626947,126.8
2013-10-11,127.38,7866.70490823,127.38
2013-10-12,127.98,7571.27286324,127.58
2013-10-13,132.82,12574.14780981,132.82
2013-10-14,135.42,21256.28057191,135.43
2013-10-15,142.76,22232.07911256,144.09
2013-10-16,137.56,26332.89631674,137.5
2013-10-17,143.94,16767.05247967,143.95
2013-10-18,152.89,23007.23097591,152.89
2013-10-19,166.0,37966.98264041,166.0
2013-10-20,166.59,5667.34588161,166.05
2013-10-21,180.13,33107.72111019,180.13
2013-10-22,189.75,41865.06715467,189.75
2013-10-23,203.96,24326.01475489,203.94
2013-10-24,193.87,55593.92700629,191.63
2013-10-25,186.6,32779.54290704,186.6
2013-10-26,179.56,9644.32071899,179.56
2013-10-27,194.0,10095.56583408,194.0
2013-10-28,196.62,12248.66455971,196.01
2013-10-29,204.69,16744.50649074,204.69
2013-10-30,197.54,25494.14807001,197.58
2013-10-31,203.54,13741.49074655,203.54
2013-11-01,202.15,4962.80900171,203.28
2013-11-02,204.86,6600.0982594,204.86
2013-11-03,210.0,11227.96295973,210.0
2013-11-04,226.83,28261.78814843,229.95
2013-11-05,242.9,42583.7008287,243.97
2013-11-06,263.24,40026.70686769,263.31
2013-11-07,291.0,49703.85180124,289.01
2013-11-08,334.0,40186.15864335,334.44
2013-11-09,341.24,44361.21177945,340.0
2013-11-10,323.0,67237.40748143,319.6
2013-11-11,343.91,26943.37824394,344.18
2013-11-12,354.96,19748.2815018,355.49
2013-11-13,393.5,38689.80193194,395.45
2013-11-14,416.95,31638.477442800002,417.0
2013-11-15,412.0,32323.20623812,412.0
2013-11-16,434.53,17983.46003914,437.19
2013-11-17,477.38,25991.59517426,478.42
2013-11-18,669.01,57089.07895381,670.0
2013-11-19,536.01,71560.94596711,520.0
2013-11-20,599.0,57711.50722124,608.63
2013-11-21,720.0,30720.73129411,720.05
2013-11-22,795.0,25125.12846391,798.0
2013-11-23,829.15,20338.86461312,829.5
2013-11-24,800.05,20130.68748874,806.5
2013-11-25,817.88,23042.05232527,812.02
2013-11-26,916.3,29793.02508816,913.0
2013-11-27,963.98,30325.52974397,963.97
2013-11-28,1012.98,36898.59364552,1000.0
2013-11-29,1131.99,21873.31334686,1128.0
2013-11-30,1119.52,12907.55909135,1119.79
2013-12-01,955.0,61544.38082098,959.9
2013-12-02,1047.47,31516.72530827,1047.01
2013-12-03,1055.0,12567.59167863,1063.0
2013-12-04,1132.01,14433.50978208,1137.99
2013-12-05,1023.87,55262.65698958,1025.0
2013-12-06,814.91,52688.66174422,814.99
2013-12-07,693.3,79852.423783,694.99
2013-12-08,787.0,27465.08270962,784.0
2013-12-09,899.9,28510.03873043,922.0
2013-12-10,979.23,22694.67993333,978.76
2013-12-11,879.04,31708.38203134,875.78
2013-12-12,871.22,13973.52413434,874.4
2013-12-13,885.98,14766.95107866,885.71
2013-12-14,850.78,7426.55203462,861.95
2013-12-15,862.0,11638.00040701,861.96
2013-12-16,691.0,58806.70410398,694.12
2013-12-17,673.62,43034.02835938,673.64
2013-12-18,520.0,137070.17833806,521.0
2013-12-19,685.0,56734.10927258,680.0
2013-12-20,610.0,40959.74061978,596.06
2013-12-21,595.03,19218.17096328,599.2
2013-12-22,612.66,17673.2339864,610.0
2013-12-23,654.76,13100.16416543,665.0
2013-12-24,652.99,12795.80403043,652.14
2013-12-25,679.01,6653.00965075,679.34
2013-12-26,747.0,28028.638357840002,751.0
2013-12-27,721.08,16261.66282726,724.87
2013-12-28,715.0,13385.190853170001,715.0
2013-12-29,728.0,8121.30581786,726.18
2013-12-30,736.51,6600.2391558,736.5
2013-12-31,732.0,7919.32033024,734.0
2014-01-01,754.9,7907.63786208,750.15
2014-01-02,784.19,15134.16900738,781.54
2014-01-03,809.4,14860.26282816,806.8
2014-01-04,828.79,10990.14294762,828.99
2014-01-05,905.0,24075.9495964,907.8
2014-01-06,919.24,25886.90639128,914.32
2014-01-07,785.0,34063.52120798,775.0
2014-01-08,823.45,26315.75852948,835.7
2014-01-09,824.76,25302.2442016,821.68
2014-01-10,852.61,12846.16052006,853.5
2014-01-11,896.59,16130.91651296,894.84
2014-01-12,844.05,12189.17547898,840.0
2014-01-13,823.0,19366.39159317,825.0
2014-01-14,815.99,9729.54391417,814.74
2014-01-15,841.14,12267.77449637,841.89
2014-01-16,814.4,8215.45166349,812.0
2014-01-17,797.2,17114.93953749,796.0
2014-01-18,810.0,5486.84152085,811.83
2014-01-19,842.07,8418.00804502,843.47
2014-01-20,826.02,6968.15670477,825.36
2014-01-21,824.89,7669.59937021,823.0
2014-01-22,819.2,8309.09407494,819.09
2014-01-23,812.0,7395.0094920599995,810.89
2014-01-24,780.0,15775.20253781,779.23
2014-01-25,806.8,8705.5640134,806.8
2014-01-26,814.75,9704.13726187,814.74
2014-01-27,751.95,25194.23662664,749.3
2014-01-28,788.0,20042.81613687,784.4
2014-01-29,794.21,7044.52156243,792.68
2014-01-30,799.99,13125.54815594,800.0
2014-01-31,803.0,7728.16005641,802.59
2014-02-01,813.23,8296.06416747,814.24
2014-02-02,814.99,4075.68246141,814.57
2014-02-03,808.5,4931.83355028,808.49
2014-02-04,802.99,7592.00316474,803.0
2014-02-05,782.33,8479.502335610001,783.74
2014-02-06,763.99,20652.60674868,763.07
2014-02-07,705.01,66362.25784175,703.01
2014-02-08,680.49,13501.11536102,674.0
2014-02-09,687.37,15061.93270719,688.68
2014-02-10,687.81,71860.53695222,689.76
2014-02-11,675.1,40062.43735234,673.0
2014-02-12,651.99,15511.78725823,652.99
2014-02-13,604.11,28145.8136164,607.0
2014-02-14,669.0,68378.14539627,669.73
2014-02-15,655.83,20762.64009438,654.45
2014-02-16,621.0,26397.57091925,623.61
2014-02-17,633.66,19902.4393218,634.73
2014-02-18,627.7,14833.93993495,628.01
2014-02-19,623.01,11128.47837448,624.85
2014-02-20,561.86,34966.69850131,561.0
2014-02-21,581.35,29612.93711462,581.95
2014-02-22,610.88,18076.09102116,612.16
2014-02-23,610.09,20868.15490482,607.44
2014-02-24,535.49,51840.81217712,521.44
2014-02-25,535.0,115761.98662156,532.15
2014-02-26,585.24,49110.90216434,584.99
2014-02-27,583.0,17048.07050459,582.5
2014-02-28,551.89,22634.32498739,545.26
2014-03-01,567.48,14303.9416427,567.45
2014-03-02,566.24,6437.39852141,562.38
2014-03-03,677.69,64914.82037014,677.01
2014-03-04,673.0,28031.31700336,673.3
2014-03-05,669.99,12719.614182,670.0
2014-03-06,669.57,10404.69739337,669.55
2014-03-07,632.79,21449.42620587,632.79
2014-03-08,620.0,9699.02131269,615.02
2014-03-09,640.0,9121.47474745,636.52
2014-03-10,629.39,13350.32162609,627.51
2014-03-11,632.1,9166.62008516,634.71
2014-03-12,634.95,12741.36127291,635.0
2014-03-13,641.01,6728.15269572,640.0
2014-03-14,630.42,8676.83483514,631.33
2014-03-15,637.24,2202.21801447,635.34
2014-03-16,634.99,3296.50753371,633.02
2014-03-17,621.11,9165.08796086,623.98
2014-03-18,612.0,14907.79764662,614.25
2014-03-19,611.2,7079.91716071,610.0
2014-03-20,587.98,10906.66527996,585.63
2014-03-21,570.0,22418.17284294,569.98
2014-03-22,565.31,13614.29823426,564.3
2014-03-23,561.0,6098.75124042,559.93
2014-03-24,585.99,13674.05994214,584.52
2014-03-25,583.77,8107.38220171,582.44
2014-03-26,581.49,10310.36256376,581.59
2014-03-27,475.0,49205.95632382,480.0
2014-03-28,502.01,34960.0555779,502.14
2014-03-29,491.99,7446.55826452,492.0
2014-03-30,460.0,31437.04543486,461.0
2014-03-31,454.83,20986.65095993,456.05
2014-04-01,478.98,22904.80786015,481.0
2014-04-02,439.0,34478.66605231,438.0
2014-04-03,451.03,26944.97730513,448.77
2014-04-04,452.2,15699.31017002,451.68
2014-04-05,464.8,6467.31793588,465.0
2014-04-06,456.27,5283.84837762,460.45
2014-04-07,447.11,7419.24793683,449.14
2014-04-08,453.57,5844.4224734,453.57
2014-04-09,441.69,8006.6040704,442.14
2014-04-10,363.12,49713.84445346,364.0
2014-04-11,423.0,42124.74577436,422.99
2014-04-12,423.42,10809.0520644,425.84
2014-04-13,416.3,11017.88490469,418.19
2014-04-14,458.5,33640.67485637,461.66
2014-04-15,521.0,32622.07731475,523.89
2014-04-16,530.0,30710.47011727,529.01
2014-04-17,500.09,20052.70199809,498.22
2014-04-18,483.11,11142.839766,481.58
2014-04-19,503.8,10268.73294781,505.18
2014-04-20,500.0,5798.58019722,500.07
2014-04-21,496.74,8377.05680943,498.87
2014-04-22,490.0,8521.46548043,488.62
2014-04-23,492.0,5696.00906268,491.99
2014-04-24,502.2,7952.77348869,502.15
2014-04-25,466.52,33416.96300818,466.51
2014-04-26,459.0,8812.12009945,460.89
2014-04-27,430.0,9312.34600754,428.88
2014-04-28,442.9,18282.9859723,442.71
2014-04-29,448.0,13844.63506405,446.01
2014-04-30,448.85,10757.36482184,451.42
2014-05-01,460.97,9556.03788617,462.37
2014-05-02,454.5,8269.89141728,454.18
2014-05-03,439.0,7431.62647961,439.93
2014-05-04,438.04,5154.40779439,435.88
2014-05-05,433.0,8188.08279477,433.0
2014-05-06,428.01,8041.19841525,429.85
2014-05-07,440.0,13248.34902294,442.6
2014-05-08,437.69,6326.64918367,439.59
2014-05-09,452.37,8282.11115483,452.72
2014-05-10,455.39,4130.38790298,458.0
2014-05-11,440.0,8863.68574441,440.45
2014-05-12,442.5,4582.44144849,440.39
2014-05-13,439.12,5969.67167394,439.04
2014-05-14,446.0,6398.98824957,446.0
2014-05-15,446.0,5496.48180562,446.01
2014-05-16,447.31,3667.08110965,447.02
2014-05-17,449.06,2295.07351646,449.06
2014-05-18,446.91,2498.74305537,446.99
2014-05-19,448.34,4723.48939284,448.34
2014-05-20,489.0,28210.08506636,489.25
2014-05-21,493.98,7111.8995869,494.0
2014-05-22,529.99,17439.03492533,529.98
2014-05-23,523.77,19619.562245869998,523.76
2014-05-24,528.44,5528.52161577,528.45
2014-05-25,573.9,19782.59517625,573.87
2014-05-26,581.88,11633.71988586,583.59
2014-05-27,572.7,19805.25778576,573.11
2014-05-28,580.66,8980.55145796,581.51
2014-05-29,572.37,8110.31804184,572.37
2014-05-30,621.0,22502.94353545,622.73
2014-05-31,627.8,9696.70747452,627.8
2014-06-01,630.99,24149.97945797,629.64
2014-06-02,661.22,20087.27572293,664.57
2014-06-03,670.14,13572.80908815,671.79
2014-06-04,640.59,17375.56805213,643.0
2014-06-05,661.48,10724.8128158,658.52
2014-06-06,647.16,6452.18388554,647.13
2014-06-07,657.13,5749.30472799,657.0
2014-06-08,658.0,2600.8503958,658.0
2014-06-09,648.83,6798.26691408,648.85
2014-06-10,648.55,5909.59291707,647.4
2014-06-11,620.5,10429.62396539,624.21
2014-06-12,569.1,24822.48984168,570.53
2014-06-13,592.0,18670.61329898,592.97
2014-06-14,566.58,16567.97164988,569.0
2014-06-15,588.55,8807.69919892,589.04
2014-06-16,586.91,10767.8271681,587.0
2014-06-17,606.48,6588.30888155,606.48
2014-06-18,607.0,6744.90183982,608.0
2014-06-19,593.4,4638.14295037,592.78
2014-06-20,588.02,6709.97949424,590.0
2014-06-21,591.29,2949.19025766,593.14
2014-06-22,600.34,3856.98903213,600.8
2014-06-23,588.22,5295.94498307,588.25
2014-06-24,572.62,6502.14511419,574.29
2014-06-25,560.4,8893.45697276,558.5
2014-06-26,579.99,4674.87892834,580.09
2014-06-27,599.99,9183.33155023,598.0
2014-06-28,589.56,3084.68947887,589.56
2014-06-29,599.89,1593.33179969,597.81
2014-06-30,641.11,15516.12603652,644.16
2014-07-01,638.25,9497.73976296,638.27
2014-07-02,650.5,5305.55272768,650.5
2014-07-03,645.99,4969.91178981,646.37
2014-07-04,629.0,8739.04642335,628.81
2014-07-05,630.0,1830.57985986,629.44
2014-07-06,630.57,3334.9435415899998,631.77
2014-07-07,622.09,7109.07789511,622.09
2014-07-08,623.98,2675.17329599,623.55
2014-07-09,621.97,2303.75559449,622.44
2014-07-10,616.87,6335.71200097,616.87
2014-07-11,635.0,6094.53367548,633.0
2014-07-12,638.1,3794.25754759,637.89
2014-07-13,630.88,4158.79112509,627.0
2014-07-14,621.17,3827.4245259,621.32
2014-07-15,622.9,3535.74807055,621.94
2014-07-16,616.86,5348.93295307,613.91
2014-07-17,622.2,4902.142579,622.25
2014-07-18,632.6,5026.34015101,630.63
2014-07-19,628.63,1923.59164607,630.0
2014-07-20,627.0,1467.59140174,627.0
2014-07-21,622.73,3959.6554446,619.46
2014-07-22,618.26,3364.10445806,619.37
2014-07-23,621.0,4040.73704089,621.0
2014-07-24,601.66,10241.00858618,603.99
2014-07-25,602.93,4843.77880284,602.9
2014-07-26,596.23,3607.97621754,596.24
2014-07-27,590.3,3792.78527365,594.26
2014-07-28,586.53,10539.93211413,588.4
2014-07-29,585.95,4084.10767328,582.04
2014-07-30,563.84,10498.74204272,562.0
2014-07-31,582.04,9383.41349936,584.84
2014-08-01,598.2,11939.594921419999,597.95
2014-08-02,589.59,3529.71854524,589.59
2014-08-03,588.91,2802.92118247,588.95
2014-08-04,588.5,5259.62783511,588.5
2014-08-05,581.76,6905.3529219,581.71
2014-08-06,581.16,7580.22972012,582.74
2014-08-07,585.84,4436.02538924,586.54
2014-08-08,588.02,4367.06223673,588.6
2014-08-09,587.97,1626.62584577,588.21
2014-08-10,590.96,3211.0914193900003,590.99
2014-08-11,573.98,6086.6029139699995,573.95
2014-08-12,566.69,6463.80393643,569.2
2014-08-13,548.81,25509.09742988,549.96
2014-08-14,507.99,25826.72212001,508.99
2014-08-15,500.25,16594.58663564,500.03
2014-08-16,521.97,12657.92306735,523.2
2014-08-17,496.86,10314.49245533,498.02
2014-08-18,475.22,28851.03396159,472.0
2014-08-19,491.98,17807.05682966,490.12
2014-08-20,516.39,19220.07652475,517.8
2014-08-21,519.28,14187.29751604,520.73
2014-08-22,514.65,15393.04567173,514.66
2014-08-23,497.0,8432.27651658,498.88
2014-08-24,507.85,5765.3573197,508.36
2014-08-25,503.82,5773.91627729,503.6
2014-08-26,512.18,6716.16026767,514.32
2014-08-27,511.87,7791.96468822,512.99
2014-08-28,506.0,7119.02351699,506.99
2014-08-29,509.3,7246.60661668,507.99
2014-08-30,500.85,4403.4022574499995,501.45
2014-08-31,479.04,11289.83523732,480.0
2014-09-01,474.54,9091.87194074,473.87
2014-09-02,474.5,7333.51314038,474.34
2014-09-03,474.89,4742.88446091,474.41
2014-09-04,487.43,10793.6031862,489.45
2014-09-05,477.65,5212.43495157,478.0
2014-09-06,479.78,2770.79627418,479.83
2014-09-07,475.43,2858.65175279,477.08
2014-09-08,468.33,14567.96157896,468.42
2014-09-09,473.2,9121.83125763,473.43
2014-09-10,476.57,11509.59447324,477.59
2014-09-11,475.9,7936.72859426,477.2
2014-09-12,474.62,6097.71157068,471.0
2014-09-13,477.98,5828.26364902,477.01
2014-09-14,475.49,3884.67652657,474.3
2014-09-15,469.47,6221.85047546,469.7
2014-09-16,462.02,5948.7590007,463.29
2014-09-17,452.09,12477.77437895,448.13
2014-09-18,425.0,22063.88469165,425.14
2014-09-19,395.86,29732.72036196,396.85
2014-09-20,408.76,19916.52493458,410.89
2014-09-21,399.55,14182.71565192,400.62
2014-09-22,400.07,10803.01757962,400.01
2014-09-23,438.97,26999.29385,441.51
2014-09-24,423.68,14141.19892519,423.89
2014-09-25,408.76,15016.869054,409.89
2014-09-26,403.57,9921.11699487,404.19
2014-09-27,401.77,5472.59979258,399.01
2014-09-28,375.35,16139.76492826,375.4
2014-09-29,374.2,20026.50713044,374.55
2014-09-30,391.09,14289.95929522,391.0
2014-10-01,384.86,13037.59844952,384.73
2014-10-02,374.68,10414.19712293,374.05
2014-10-03,358.74,20408.97505396,358.59
2014-10-04,326.21,28981.80406599,326.99
2014-10-05,323.52,61726.3716087,319.99
2014-10-06,328.59,69537.66216756,329.78
2014-10-07,334.8,22961.89001301,334.64
2014-10-08,355.73,28614.8310651,355.79
2014-10-09,364.01,47817.25004767,364.74
2014-10-10,360.89,20543.27563738,360.78
2014-10-11,362.0,9973.2687058,363.18
2014-10-12,378.11,14250.47171152,379.0
2014-10-13,392.6,26083.74635605,393.17
2014-10-14,403.38,24822.16245713,402.96
2014-10-15,394.52,19147.69042041,394.45
2014-10-16,383.95,22776.51542094,381.0
2014-10-17,383.65,10507.82628734,383.65
2014-10-18,390.58,7074.8254279,390.88
2014-10-19,387.53,3242.37367978,389.12
2014-10-20,381.21,12081.79942479,380.67
2014-10-21,385.81,7953.32305008,384.2
2014-10-22,382.04,8315.65019597,382.5
2014-10-23,357.18,21058.44056541,356.3
2014-10-24,358.86,15639.50451721,358.0
2014-10-25,348.69,11095.79913905,348.69
2014-10-26,355.18,7916.85437019,355.09
2014-10-27,350.0,9540.67167766,351.19
2014-10-28,356.96,7003.9364508,355.52
2014-10-29,335.7,13256.25448124,336.32
2014-10-30,346.14,14119.76518683,346.09
2014-10-31,337.99,7525.7572452800005,337.99
2014-11-01,324.7,14970.5578556,324.99
2014-11-02,324.36,8335.4168615,324.05
2014-11-03,325.5,11276.27248027,325.0
2014-11-04,330.22,13703.07796895,330.23
2014-11-05,338.38,15373.39989187,337.0
2014-11-06,349.99,14288.79665307,349.98
2014-11-07,342.16,7243.12542476,341.97
2014-11-08,345.39,3771.0324892,345.82
2014-11-09,364.77,10537.15947888,364.96
2014-11-10,366.43,19273.07459974,365.15
2014-11-11,370.65,7702.42181852,369.85
2014-11-12,426.63,44040.4020956,426.52
2014-11-13,420.93,49884.51198201,415.6
2014-11-14,399.98,21657.71043489,399.79
2014-11-15,376.99,14428.769070960001,375.02
2014-11-16,389.86,9680.49225548,389.87
2014-11-17,387.69,24309.43918879,387.18
2014-11-18,374.88,15205.2559529,373.09
2014-11-19,379.03,8984.9812234,378.94
2014-11-20,356.47,16380.89470034,357.36
2014-11-21,351.2,15248.88656337,353.0
2014-11-22,353.12,6705.69768625,353.02
2014-11-23,367.17,7971.8468309,367.02
2014-11-24,375.99,19079.67673317,376.05
2014-11-25,377.37,16156.69521149,376.1
2014-11-26,368.5,13021.29404586,371.32
2014-11-27,369.98,6218.38973362,369.25
2014-11-28,376.86,13791.86724228,375.97
2014-11-29,375.49,7252.09196527,375.48
2014-11-30,377.01,3085.29878738,377.12
2014-12-01,376.53,6937.82496739,377.22
2014-12-02,379.52,6550.77898256,378.16
2014-12-03,375.33,8457.23114708,376.61
2014-12-04,369.16,12332.87330712,369.14
2014-12-05,376.0,8600.51463149,376.6
2014-12-06,374.38,2386.1287834,373.89
2014-12-07,377.26,2490.66834657,376.0
2014-12-08,361.3,12336.72926731,362.96
2014-12-09,352.03,19034.12180696,352.47
2014-12-10,345.21,6964.18847778,344.98
2014-12-11,348.9,16159.74714638,348.87
2014-12-12,352.24,8079.63021756,352.14
2014-12-13,351.67,3845.24282719,349.35
2014-12-14,356.52,6538.8930965,357.18
2014-12-15,349.0,8092.84138056,348.94
2014-12-16,329.05,18183.37192451,327.35
2014-12-17,322.0,22891.99364168,321.99
2014-12-18,312.67,21603.61278539,310.26
2014-12-19,318.33,15995.61891376,318.57
2014-12-20,331.79,11378.8885085,331.02
2014-12-21,320.01,6358.0824846000005,320.95
2014-12-22,331.56,11812.76642619,332.53
2014-12-23,336.92,7679.77400906,335.12
2014-12-24,323.06,5884.87599768,323.03
2014-12-25,319.86,3888.24814964,319.8
2014-12-26,328.27,6406.26442873,329.03
2014-12-27,316.47,8687.53555717,317.86
2014-12-28,317.64,4121.07585359,317.7
2014-12-29,313.01,6929.62620397,313.31
2014-12-30,311.07,8885.65978227,311.83
2014-12-31,321.0,6338.20111979,320.43
2015-01-01,313.81,3087.43655395,314.53
2015-01-02,315.42,3468.28137523,314.41
2015-01-03,282.0,21752.71914628,281.79
2015-01-04,264.0,41441.27855287,265.39
2015-01-05,276.8,9528.27100203,276.8
2015-01-06,276.8,0.0,276.8
2015-01-07,276.8,0.0,276.8
2015-01-08,276.8,0.0,276.8
2015-01-09,293.97,9914.24959431,294.26
2015-01-10,275.59,29448.777845200002,275.02
2015-01-11,266.39,12758.94904418,266.38
2015-01-12,267.42,10478.25021362,267.15
2015-01-13,227.0,60556.16271657,223.43
2015-01-14,171.41,124188.88508262,169.0
2015-01-15,210.98,83488.41618527,208.0
2015-01-16,208.03,34723.34835252,208.1
2015-01-17,199.69,19121.88947943,200.5
2015-01-18,211.85,18205.18036191,212.22
2015-01-19,216.34,13037.399109420001,214.69
2015-01-20,210.65,14129.24018574,210.54
2015-01-21,227.16,23160.65691071,228.05
2015-01-22,234.08,25405.32961321,234.07
2015-01-23,233.64,15268.26848621,233.7
2015-01-24,249.19,13793.77647935,248.64
2015-01-25,255.31,28760.92842785,255.9
2015-01-26,274.8,55829.61359418,274.87
2015-01-27,263.98,21159.82627628,263.98
2015-01-28,236.07,28092.33473262,236.19
2015-01-29,235.79,26012.16941088,234.4
2015-01-30,228.98,20614.83694356,227.98
2015-01-31,216.9,19208.27905286,218.45
2015-02-01,226.93,18408.25262142,226.78
2015-02-02,238.47,15612.79489965,237.64
2015-02-03,227.99,17499.53324051,228.41
2015-02-04,227.0,14983.46398269,227.53
2015-02-05,216.81,12982.78595784,216.75
2015-02-06,223.37,10951.78709403,223.45
2015-02-07,228.3,9663.67430958,228.8
2015-02-08,223.88,13775.00949471,223.99
2015-02-09,220.9,19473.95664749,220.88
2015-02-10,220.42,6882.64684416,220.45
2015-02-11,219.55,10676.2930765,219.92
2015-02-12,223.0,6964.60636718,223.01
2015-02-13,237.0,21412.45902435,236.9
2015-02-14,256.99,19824.7530547,257.38
2015-02-15,235.63,29173.27099242,235.67
2015-02-16,234.7,12394.82940626,234.46
2015-02-17,244.7,13121.54112887,245.72
2015-02-18,237.37,12821.91161908,237.37
2015-02-19,240.59,8704.33972786,240.93
2015-02-20,245.48,9342.68925514,244.9
2015-02-21,245.41,2982.21200485,245.41
2015-02-22,236.5,7751.74971592,237.19
2015-02-23,239.65,6327.72647507,239.58
2015-02-24,239.55,5144.11355689,239.53
2015-02-25,237.97,3810.53504108,237.99
2015-02-26,236.84,5492.00801445,236.8
2015-02-27,252.78,22012.00337072,252.29
2015-02-28,253.47,5626.62832387,253.16
2015-03-01,258.34,9678.17855999,257.47
2015-03-02,274.93,18015.2597941,274.9
2015-03-03,281.0,20977.32087667,281.0
2015-03-04,270.78,14313.16689305,271.06
2015-03-05,273.09,11428.33845657,272.95
2015-03-06,272.68,6853.2799154799995,272.05
2015-03-07,276.71,5716.65477613,276.72
2015-03-08,275.0,4430.69079482,275.0
2015-03-09,287.12,11996.31878526,287.13
2015-03-10,290.0,13129.06090198,290.09
2015-03-11,296.54,6737.50300267,296.51
2015-03-12,295.31,7880.67396576,294.76
2015-03-13,283.25,9610.54940209,283.33
2015-03-14,282.01,5375.79972728,281.44
2015-03-15,286.75,2430.04567943,286.75
2015-03-16,289.27,6499.91827306,289.27
2015-03-17,282.8,6447.41955337,283.42
2015-03-18,256.45,21654.68207136,256.57
2015-03-19,261.81,15017.74171871,261.91
2015-03-20,261.96,5678.38004156,261.64
2015-03-21,260.0,4623.89487205,260.0
2015-03-22,267.74,5976.83852547,268.66
2015-03-23,265.94,8658.47290411,266.0
2015-03-24,245.0,19085.78920377,247.1
2015-03-25,246.94,12881.632767,247.0
2015-03-26,249.23,8385.93723302,248.91
2015-03-27,247.94,6089.84638076,247.26
2015-03-28,252.87,5685.6395593,252.91
2015-03-29,242.0,6690.22838851,242.47
2015-03-30,247.95,7951.74713786,248.04
2015-03-31,244.24,8114.08955665,244.39
2015-04-01,246.69,6226.01646439,246.79
2015-04-02,253.28,9806.82220308,253.5
2015-04-03,254.19,5048.57737559,253.96
2015-04-04,253.7,2769.28165782,253.6
2015-04-05,260.54,5759.36016001,261.0
2015-04-06,255.58,5960.67763299,255.68
2015-04-07,253.72,6010.26758151,253.68
2015-04-08,244.58,11663.65615515,244.44
2015-04-09,243.43,7943.71054055,243.84
2015-04-10,235.99,11549.630656540001,236.0
2015-04-11,236.15,4108.50400057,236.64
2015-04-12,236.5,3173.32765095,236.43
2015-04-13,223.15,13924.2267056,223.21
2015-04-14,215.8,18582.18957531,216.77
2015-04-15,222.88,9949.32442139,222.85
2015-04-16,227.5,10834.87328684,227.35
2015-04-17,222.6,7928.39539992,222.6
2015-04-18,223.4,4620.31557899,223.48
2015-04-19,222.54,5901.49567575,222.5
2015-04-20,224.3,5966.8612393,224.3
2015-04-21,235.74,9923.67825035,236.0
2015-04-22,233.45,10710.5002402,233.09
2015-04-23,235.98,8352.85732174,235.54
2015-04-24,230.24,8543.66710734,230.92
2015-04-25,226.12,5286.09859352,226.12
2015-04-26,219.52,11238.3562881,219.53
2015-04-27,227.23,13816.49148053,227.33
2015-04-28,225.16,9345.78320741,225.18
2015-04-29,225.48,8668.36064954,225.52
2015-04-30,236.2,12490.20235984,234.72
2015-05-01,231.0,6687.12335919,232.0
2015-05-02,233.83,4350.05906771,233.78
2015-05-03,239.0,4407.81416718,239.67
2015-05-04,238.34,7504.68875392,238.2
2015-05-05,235.12,8621.54731857,235.91
2015-05-06,228.49,8623.82721204,228.53
2015-05-07,236.87,11062.64912012,236.96
2015-05-08,243.2,9486.75496765,243.22
2015-05-09,241.96,5499.60615915,242.0
2015-05-10,239.13,3520.24220877,240.0
2015-05-11,241.3,9690.63948632,241.12
2015-05-12,241.03,8418.71568249,241.05
2015-05-13,235.97,9332.46630536,236.32
2015-05-14,237.13,7530.5008083,237.2
2015-05-15,237.37,4536.92896144,237.39
2015-05-16,235.66,3116.78947332,235.31
2015-05-17,235.97,2645.16140795,235.83
2015-05-18,232.87,7443.21982028,233.37
2015-05-19,231.4,5568.27679815,231.41
2015-05-20,234.43,7823.35662916,234.4
2015-05-21,235.0,4609.28122677,235.0
2015-05-22,238.99,10451.79948446,239.0
2015-05-23,237.76,3216.27981892,238.33
2015-05-24,239.22,2921.54797112,239.69
2015-05-25,235.59,5625.08705698,235.59
2015-05-26,235.71,8590.07576695,235.7
2015-05-27,235.17,8572.87348853,235.32
2015-05-28,236.46,5005.98078357,236.07
2015-05-29,236.03,6165.89141257,235.53
2015-05-30,232.11,4245.9444681800005,232.11
2015-05-31,228.91,4372.2083097,228.91
2015-06-01,223.51,12184.9625438,223.24
2015-06-02,225.18,7744.87861592,225.17
2015-06-03,224.27,5815.57316073,225.16
2015-06-04,222.99,4822.40910993,222.89
2015-06-05,224.4,8396.71286165,224.6
2015-06-06,224.99,2772.3311628,224.5
2015-06-07,222.7,3324.38263427,222.83
2015-06-08,228.17,8986.86692341,227.85
2015-06-09,228.7,9129.707887139999,228.7
2015-06-10,227.8,6284.74068336,227.8
2015-06-11,229.03,4727.31485975,229.2
2015-06-12,229.4,5887.14828702,229.29
2015-06-13,231.64,4009.80463805,232.0
2015-06-14,232.09,3586.28113849,232.09
2015-06-15,235.92,10505.58465516,236.0
2015-06-16,250.09,17954.59381244,249.74
2015-06-17,247.76,16951.14131427,247.1
2015-06-18,248.4,11145.12980575,248.53
2015-06-19,243.7,6783.0749926299995,243.8
2015-06-20,244.76,4434.68706015,244.62
2015-06-21,243.64,1946.29303002,243.64
2015-06-22,246.0,5149.76385851,245.99
2015-06-23,243.74,4953.90339619,243.91
2015-06-24,240.19,6723.31332443,240.17
2015-06-25,241.98,5002.93130218,241.77
2015-06-26,242.98,5271.85106551,242.98
2015-06-27,251.21,7101.10270435,251.21
2015-06-28,248.62,6104.31220293,248.63
2015-06-29,256.04,15393.104327,256.01
2015-06-30,262.5,19902.44384422,263.02
2015-07-01,257.62,13395.15343894,257.62
2015-07-02,254.54,9826.99478118,254.49
2015-07-03,255.92,9153.85256545,256.28
2015-07-04,260.2,7909.85672863,260.16
2015-07-05,271.5,21362.61364984,271.16
2015-07-06,268.51,20027.86146803,270.16
2015-07-07,265.51,13755.62997586,265.81
2015-07-08,270.63,16042.26828995,270.46
2015-07-09,268.92,13906.64445122,268.82
2015-07-10,285.23,29151.3133528,285.15
2015-07-11,291.64,11693.22435391,291.65
2015-07-12,310.55,22497.46770684,310.57
2015-07-13,292.68,29775.97907189,291.96
2015-07-14,287.55,10361.07958336,288.76
2015-07-15,285.67,9798.37507573,285.6
2015-07-16,277.89,21103.34158645,277.74
2015-07-17,279.43,11477.05542457,279.43
2015-07-18,276.79,9362.07781804,276.74
2015-07-19,275.47,5289.04082007,275.0
2015-07-20,278.96,8818.52863456,278.94
2015-07-21,276.76,9000.55491406,276.46
2015-07-22,277.68,8318.46305673,277.67
2015-07-23,276.61,6439.61293326,276.61
2015-07-24,289.01,15854.09655813,288.52
2015-07-25,288.78,7545.88543693,288.96
2015-07-26,293.19,5298.46650719,292.91
2015-07-27,294.29,14650.73287048,294.4
2015-07-28,294.01,8799.04307675,294.02
2015-07-29,289.85,10236.16252198,289.74
2015-07-30,288.01,8108.62119163,288.33
2015-07-31,284.33,7902.76753725,285.11
2015-08-01,280.19,7104.06661942,279.27
2015-08-02,282.32,4530.17731374,281.81
2015-08-03,280.43,6310.6073655,280.74
2015-08-04,285.0,6206.11834372,284.98
2015-08-05,281.13,6549.54626379,281.11
2015-08-06,277.48,7123.8125234,277.48
2015-08-07,279.63,8664.80904921,279.96
2015-08-08,262.19,10269.86845712,262.81
2015-08-09,265.05,8870.57957844,265.12
2015-08-10,264.33,9697.41976405,264.36
2015-08-11,271.15,8394.1157499,271.16
2015-08-12,267.73,9520.31458102,267.6
2015-08-13,264.48,10710.97419941,264.81
2015-08-14,265.4,8012.6030534,265.79
2015-08-15,261.46,5485.63052139,261.03
2015-08-16,256.11,9633.275768040001,256.11
2015-08-17,256.47,8655.18980482,256.47
2015-08-18,224.8,16141.82038254,233.98
2015-08-19,226.92,24295.07255509,226.4
2015-08-20,235.54,15812.3347442,235.16
2015-08-21,233.49,10296.31750333,233.76
2015-08-22,231.0,15856.24555021,231.0
2015-08-23,228.89,12842.46669119,228.73
2015-08-24,209.72,37523.08338374,210.13
2015-08-25,222.38,42308.00562946,223.13
2015-08-26,225.8,24007.59520406,226.29
2015-08-27,225.09,14366.26383499,223.78
2015-08-28,231.65,22900.18694453,231.25
2015-08-29,230.54,15490.55919136,230.3
2015-08-30,229.0,15486.35994462,229.46
2015-08-31,229.86,15803.51885514,230.25
2015-09-01,227.96,23925.1868464,227.91
2015-09-02,229.18,21470.76882887,229.18
2015-09-03,227.28,19739.62910007,227.3
2015-09-04,230.52,20870.0161942,230.72
2015-09-05,235.6,20103.04009089,235.42
2015-09-06,240.28,25758.89182891,240.45
2015-09-07,240.19,23152.03156204,240.65
2015-09-08,244.21,24023.87906083,243.87
2015-09-09,238.35,23251.86554434,238.56
2015-09-10,238.66,20694.91915142,238.57
2015-09-11,240.0,13805.17684681,239.69
2015-09-12,234.79,17449.11859951,234.77
2015-09-13,229.66,19655.12043997,230.08
2015-09-14,229.71,16674.85661508,229.69
2015-09-15,230.03,17298.61216806,229.98
2015-09-16,228.34,18169.46229084,228.25
2015-09-17,232.17,14645.73629444,232.2
2015-09-18,233.12,19458.90494591,233.4
2015-09-19,230.0,11230.75792442,230.25
2015-09-20,230.16,13401.14495283,230.15
2015-09-21,226.15,14081.30710162,226.19
2015-09-22,230.42,19332.87961688,230.53
2015-09-23,229.42,13586.08736522,229.42
2015-09-24,233.86,24202.73635768,233.86
2015-09-25,235.22,22555.44540032,235.15
2015-09-26,233.81,15109.42410853,234.09
2015-09-27,232.41,17506.44940939,232.49
2015-09-28,239.14,17566.82643528,238.32
2015-09-29,236.94,19877.454879419998,236.55
2015-09-30,236.2,20934.84649353,236.15
2015-10-01,237.15,20341.00819203,238.03
2015-10-02,237.77,16908.0346728,237.78
2015-10-03,238.95,17825.61763796,238.63
2015-10-04,238.6,15015.06671892,238.6
2015-10-05,240.84,20316.50364912,240.85
2015-10-06,246.57,26684.24752551,246.8
2015-10-07,243.2,23768.19691198,243.2
2015-10-08,242.9,13983.75205653,243.3
2015-10-09,244.48,14099.91553839,244.68
2015-10-10,245.71,17313.14235341,245.72
2015-10-11,248.05,19140.3554108,247.89
2015-10-12,245.81,10671.70376409,245.44
2015-10-13,249.73,25901.60284773,249.97
2015-10-14,252.47,26942.8709963,252.47
2015-10-15,254.49,22037.62801049,254.48
2015-10-16,263.09,34816.74109381,262.83
2015-10-17,270.07,25328.14897726,269.26
2015-10-18,261.05,10003.12667189,261.06
2015-10-19,263.66,16704.69881339,265.08
2015-10-20,270.64,28967.44125269,269.77
2015-10-21,267.89,20396.77801306,267.84
2015-10-22,275.21,30166.42544252,274.74
2015-10-23,278.6,21572.26847047,278.22
2015-10-24,282.84,20586.33501752,283.17
2015-10-25,283.96,30003.58655651,284.84
2015-10-26,286.9,21266.47299543,286.96
2015-10-27,295.54,34002.14865181,295.52
2015-10-28,305.67,31263.17100679,304.74
2015-10-29,314.82,32258.307426119998,314.97
2015-10-30,328.65,39364.02820732,329.2
2015-10-31,310.18,28765.17836259,311.91
2015-11-01,325.78,14281.54590222,325.0
2015-11-02,361.26,45146.50238984,363.72
2015-11-03,404.06,77212.78172074,404.45
2015-11-04,408.0,105959.25914077,404.48
2015-11-05,385.5,60174.71348846,386.37
2015-11-06,374.47,46952.53785182,374.92
2015-11-07,383.53,26348.5951725,382.79
2015-11-08,372.65,27445.01908688,374.66
2015-11-09,377.9,25934.97280336,378.16
2015-11-10,336.8,48890.59709485,338.0
2015-11-11,309.91,51510.30806168,312.99
2015-11-12,337.17,37744.44698848,338.85
2015-11-13,336.99,24663.47295722,336.1
2015-11-14,333.0,25628.37827293,333.72
2015-11-15,319.28,27643.56081053,317.52
2015-11-16,330.83,22243.82252044,329.99
2015-11-17,336.08,27718.675852289998,335.49
2015-11-18,335.65,27252.09998985,334.47
2015-11-19,326.02,26919.51670768,326.94
2015-11-20,322.04,21303.64116376,321.48
2015-11-21,326.5,5129.35325162,326.6
2015-11-22,324.2,4062.21223126,323.73
2015-11-23,323.48,5101.55728889,322.54
2015-11-24,319.7,8649.01893298,320.06
2015-11-25,328.9,12253.7599758,328.88
2015-11-26,353.21,35986.16248608,352.86
2015-11-27,357.14,13276.8300685,355.86
2015-11-28,356.95,6275.36735525,357.01
2015-11-29,371.48,7817.18354971,370.64
2015-11-30,376.71,18097.95321032,377.13
2015-12-01,363.06,15410.28235169,362.56
2015-12-02,358.89,12343.4077678,359.0
2015-12-03,361.42,12190.8839355,361.52
2015-12-04,363.62,9989.28021734,364.29
2015-12-05,388.0,16784.12666746,387.77
2015-12-06,388.24,14679.43603185,387.82
2015-12-07,395.57,14949.58607447,395.71
2015-12-08,417.89,11455.14109168,415.0
2015-12-09,416.98,21039.908507340002,417.0
2015-12-10,415.57,8463.88473949,415.25
2015-12-11,453.04,29020.19839361,451.93
2015-12-12,436.19,29770.28379771,431.53
2015-12-13,433.07,11725.66723962,431.6
2015-12-14,443.36,13386.74415731,443.7
2015-12-15,464.53,18096.388283199998,464.0
2015-12-16,455.87,23377.12257344,455.8
2015-12-17,456.17,6598.6409486,455.42
2015-12-18,462.46,12914.73680338,462.31
2015-12-19,461.8,6839.17868702,461.3
2015-12-20,442.54,16626.4883553,441.97
2015-12-21,438.07,18930.86318614,437.65
2015-12-22,435.48,8146.01738798,434.99
2015-12-23,442.56,7100.2282874,444.0
2015-12-24,455.0,10138.31555001,454.86
2015-12-25,455.51,2877.16735131,455.51
2015-12-26,417.39,26672.12173065,417.0
2015-12-27,421.76,6968.57365917,422.93
2015-12-28,421.46,7560.56299201,420.83
2015-12-29,431.82,10419.58536596,432.44
2015-12-30,425.84,7717.51026264,425.88
2015-12-31,430.89,6634.8631670800005,431.06
2016-01-01,433.82,3788.11117403,434.87
2016-01-02,433.55,2972.06344935,433.53
2016-01-03,431.04,4571.09703841,431.85
2016-01-04,434.17,5717.59545799,432.68
2016-01-05,432.43,3881.72086195,432.38
2016-01-06,429.56,5507.61422624,430.1
2016-01-07,457.0,16833.41915668,456.92
2016-01-08,452.7,10258.9945852,452.7
2016-01-09,448.84,4396.0450009,449.46
2016-01-10,448.79,4078.61065365,449.57
2016-01-11,448.0,7986.45843125,448.0
2016-01-12,434.85,6930.89654863,435.92
2016-01-13,432.64,10067.02104551,432.79
2016-01-14,429.55,4420.91215989,429.8
2016-01-15,360.0,37326.70141453,365.1
2016-01-16,386.91,25019.25199317,385.4
2016-01-17,380.16,8416.94363509,379.91
2016-01-18,385.49,7015.52993583,385.47
2016-01-19,376.76,7223.00324232,376.01
2016-01-20,416.32,25172.91741948,418.7
2016-01-21,409.59,9414.55707194,409.49
2016-01-22,382.55,14744.75776299,382.33
2016-01-23,386.4,7664.89092787,387.09
2016-01-24,402.16,5448.8452132,402.09
2016-01-25,390.9,8040.83085608,391.11
2016-01-26,391.77,6589.1535502199995,392.08
2016-01-27,394.95,4262.62933663,395.0
2016-01-28,379.75,11414.04549852,379.23
2016-01-29,378.22,13544.14541999,378.02
2016-01-30,375.64,2587.1071732699997,376.61
2016-01-31,368.49,4166.66582034,369.29
2016-02-01,371.81,7255.13421769,371.73
2016-02-02,373.05,5719.11332356,373.1
2016-02-03,368.38,7107.78660836,368.5
2016-02-04,387.82,13446.47968297,386.62
2016-02-05,385.0,7372.61395629,384.97
2016-02-06,375.39,5735.69706556,375.39
2016-02-07,375.0,2885.48241846,374.58
2016-02-08,370.91,6943.10816682,371.4
2016-02-09,373.2,5779.6801008,373.42
2016-02-10,379.66,10006.63329253,378.94
2016-02-11,377.98,7471.96039009,377.98
2016-02-12,383.27,5996.09236146,382.73
2016-02-13,390.99,7324.96634134,392.75
2016-02-14,405.0,9758.39271132,405.56
2016-02-15,399.28,7906.69773619,399.88
2016-02-16,407.51,8354.83032093,406.75
2016-02-17,415.54,11842.77782874,416.06
2016-02-18,421.18,8588.92668864,421.14
2016-02-19,419.54,5015.53810237,420.22
2016-02-20,434.63,11633.27274251,436.79
2016-02-21,438.5,10300.3526042,438.69
2016-02-22,438.27,5840.3160546,437.99
2016-02-23,419.1,10509.60507822,419.95
2016-02-24,423.78,7258.35730294,423.79
2016-02-25,423.51,5597.96719924,423.51
2016-02-26,432.0,4635.1202274,432.0
2016-02-27,431.07,4159.35798035,430.81
2016-02-28,431.68,3501.18941279,431.12
2016-02-29,435.23,8463.34883153,435.2
2016-03-01,432.5,6941.51621427,432.88
2016-03-02,423.45,5788.38363163,422.3
2016-03-03,420.29,7483.6467555,420.3
2016-03-04,408.01,7789.00370914,408.35
2016-03-05,399.83,16436.403861669998,398.5
2016-03-06,406.23,5692.00930852,406.5
2016-03-07,414.01,5937.73379583,414.02
2016-03-08,411.75,5576.2582036,412.15
2016-03-09,413.0,4876.78893016,412.85
2016-03-10,416.0,5255.299453,415.99
2016-03-11,419.13,5950.80704895,420.03
2016-03-12,410.9,4640.49424972,410.7
2016-03-13,413.04,3286.86910903,412.25
2016-03-14,414.99,4470.78743496,414.64
2016-03-15,415.85,4569.87994639,415.24
2016-03-16,416.57,4100.47706379,416.8
2016-03-17,418.49,3704.16067257,418.01
2016-03-18,407.91,6391.24659493,407.12
2016-03-19,409.04,2870.24736036,409.04
2016-03-20,411.28,2579.0021275999998,410.45
2016-03-21,411.67,3546.2789106,410.65
2016-03-22,416.64,3950.15519464,416.36
2016-03-23,417.62,4946.39651107,417.89
2016-03-24,415.17,2776.60883207,415.13
2016-03-25,415.7,2588.7827232600002,415.98
2016-03-26,416.96,1253.0063756,416.41
2016-03-27,424.77,5038.8775332,424.3
2016-03-28,422.87,3283.79146452,422.03
2016-03-29,415.95,5955.0009902599995,414.94
2016-03-30,413.74,4824.85455188,414.01
2016-03-31,414.66,3774.42082775,415.2
2016-04-01,416.31,3736.77266241,416.01
2016-04-02,419.0,2072.95050098,419.32
2016-04-03,419.11,1337.67303294,418.32
2016-04-04,418.75,3457.56274345,418.63
2016-04-05,422.71,3956.55659754,422.72
2016-04-06,421.03,2396.3483709,421.03
2016-04-07,420.0,3216.81131955,419.98
2016-04-08,417.75,4584.13099271,417.47
2016-04-09,418.24,3599.39669345,418.35
2016-04-10,420.04,1779.82860787,420.34
2016-04-11,422.69,3487.8325098,422.79
2016-04-12,425.54,6082.73402325,425.43
2016-04-13,423.93,3917.08383409,423.58
2016-04-14,424.86,3863.79952226,424.38
2016-04-15,429.45,4406.24086239,429.29
2016-04-16,430.69,1848.30276214,430.69
2016-04-17,427.42,1502.82305955,427.46
2016-04-18,428.14,3180.43077191,427.36
2016-04-19,435.63,3798.23746594,435.41
2016-04-20,442.13,7602.64664993,441.98
2016-04-21,451.0,5421.15632535,451.0
2016-04-22,447.7,5494.44115676,447.16
2016-04-23,451.92,2250.0352108,451.92
2016-04-24,460.02,7103.31254852,460.02
2016-04-25,462.33,5607.18864396,463.71
2016-04-26,467.42,4629.18548678,466.61
2016-04-27,445.38,7084.23987101,445.0
2016-04-28,449.14,8736.25774023,449.11
2016-04-29,456.53,2982.5407793599998,455.14
2016-04-30,448.37,2419.58249945,448.5
2016-05-01,453.0,1190.6981509500001,452.14
2016-05-02,444.06,6362.93159046,444.05
2016-05-03,450.61,5576.91459995,451.67
2016-05-04,446.63,3327.60727439,447.33
2016-05-05,448.5,2569.5932008,448.41
2016-05-06,458.48,5540.13889435,458.65
2016-05-07,458.07,2004.63685564,457.97
2016-05-08,458.21,1353.23221968,457.74
2016-05-09,460.82,3536.50388948,461.49
2016-05-10,451.62,5746.15794317,451.9
2016-05-11,452.91,3352.58050446,452.77
2016-05-12,455.2,3453.49239803,455.25
2016-05-13,455.91,2822.65051924,456.42
2016-05-14,455.57,1377.71832273,455.51
2016-05-15,457.56,1612.71056651,457.83
2016-05-16,454.0,3248.19201842,454.36
2016-05-17,453.08,3430.47946611,452.01
2016-05-18,452.92,2608.23175369,452.67
2016-05-19,436.3,5961.1150858,435.96
2016-05-20,442.72,3448.22731015,442.82
2016-05-21,443.31,1916.43483232,442.7
2016-05-22,438.8,2350.68206329,438.45
2016-05-23,442.99,2625.60063214,442.99
2016-05-24,443.97,3072.77859999,445.56
2016-05-25,448.7,3663.3159109499998,448.24
2016-05-26,452.07,3768.49837209,452.88
2016-05-27,472.05,12234.20331935,468.55
2016-05-28,519.41,12568.03112362,517.99
2016-05-29,517.84,8215.67477949,512.61
2016-05-30,527.64,6074.77470614,527.82
2016-05-31,531.84,12071.18195862,532.37
2016-06-01,536.95,5456.942657,536.88
2016-06-02,538.0,3939.35132757,538.0
2016-06-03,569.94,8801.7746347,568.15
2016-06-04,573.8,6216.6271931,574.27
2016-06-05,573.91,5415.93469447,574.02
2016-06-06,584.5,4465.51612085,584.19
2016-06-07,577.54,6705.91830357,577.48
2016-06-08,583.03,3259.15110512,583.1
2016-06-09,575.01,3770.7182618,576.05
2016-06-10,578.01,3458.56492292,576.57
2016-06-11,610.0,4000.07125397,606.03
2016-06-12,672.13,14138.30680118,664.91
2016-06-13,704.49,17280.60397099,703.8
2016-06-14,685.25,10633.44050212,685.83
2016-06-15,695.0,5783.92382786,696.34
2016-06-16,766.62,17946.82684698,767.99
2016-06-17,745.22,14687.27083679,745.0
2016-06-18,754.83,5903.47180558,753.47
2016-06-19,761.44,2617.27920864,758.44
2016-06-20,730.85,7975.97107838,728.18
2016-06-21,667.54,33056.28964434,665.88
2016-06-22,601.3,16456.40877924,601.84
2016-06-23,624.91,24329.07931933,623.58
2016-06-24,661.71,16163.8016025,661.92
2016-06-25,659.86,6576.67165429,660.46
2016-06-26,630.16,5838.1489745,630.16
2016-06-27,657.5,8668.59311399,657.32
2016-06-28,646.08,5478.35678011,641.83
2016-06-29,634.11,9132.47818623,636.0
2016-06-30,667.95,7479.78991538,668.31
2016-07-01,674.86,6432.9196212,674.34
2016-07-02,702.48,5506.04313621,704.0
2016-07-03,658.27,7320.31995024,658.27
2016-07-04,680.35,4290.13225288,682.36
2016-07-05,668.94,3112.7271219,669.08
2016-07-06,674.7,3590.61112814,674.8
2016-07-07,638.19,12686.97748136,641.29
2016-07-08,663.0,6579.38521243,661.98
2016-07-09,647.78,6180.15042485,647.09
2016-07-10,648.76,2313.34939114,645.7
2016-07-11,649.32,2978.13685533,649.32
2016-07-12,663.52,4288.07627477,663.78
2016-07-13,655.06,6573.2020306800005,651.01
2016-07-14,659.1,2392.43467683,660.83
2016-07-15,664.6,3228.34264303,664.6
2016-07-16,662.45,1682.67647056,662.45
2016-07-17,679.54,3437.77012475,679.68
2016-07-18,672.1,3012.20623456,672.1
2016-07-19,673.48,1904.43446142,674.65
2016-07-20,667.03,3418.62509416,667.0
2016-07-21,663.99,2503.04270767,663.97
2016-07-22,649.95,5191.5550657700005,649.88
2016-07-23,655.52,1284.52223933,655.52
2016-07-24,661.47,1427.97990306,661.47
2016-07-25,654.96,2441.94401025,654.96
2016-07-26,651.24,3552.82907397,651.22
2016-07-27,653.48,2664.94311137,655.06
2016-07-28,653.07,1909.23654208,654.43
2016-07-29,654.61,1297.14816627,654.89
2016-07-30,654.67,719.15982547,654.71
2016-07-31,623.83,4933.61939038,623.46
2016-08-01,606.35,5512.82137405,606.32
2016-08-02,540.0,22142.66733973,538.01
2016-08-03,563.42,15453.58615956,565.19
2016-08-04,576.13,8499.83692796,578.18
2016-08-05,572.5,4811.23583899,572.98
2016-08-06,589.48,6021.3087891000005,589.47
2016-08-07,592.47,2910.30990604,592.83
2016-08-08,591.88,3181.85250852,591.62
2016-08-09,582.75,3174.70598792,582.68
2016-08-10,590.27,5217.75905561,592.04
2016-08-11,585.22,2543.68401092,585.63
2016-08-12,585.91,2177.37864395,585.26
2016-08-13,583.52,962.30229892,583.54
2016-08-14,568.76,4812.88862744,569.19
2016-08-15,565.55,4633.74558455,565.44
2016-08-16,574.99,4837.18871903,576.1
2016-08-17,570.91,4108.5976507000005,570.91
2016-08-18,571.49,3967.28412511,571.49
2016-08-19,572.91,4652.00521466,572.98
2016-08-20,577.88,2431.78684382,577.87
2016-08-21,577.55,1139.76224273,577.5
2016-08-22,582.78,5086.06256577,583.05
2016-08-23,580.23,4182.04589939,581.99
2016-08-24,577.58,2991.01460758,578.71
2016-08-25,575.71,4231.40701036,576.75
2016-08-26,578.78,3300.29774328,577.62
2016-08-27,568.31,2702.58036182,568.37
2016-08-28,573.2,1034.07669959,573.25
2016-08-29,571.5,2333.00891707,571.38
2016-08-30,575.91,4439.35420543,575.94
2016-08-31,570.75,3917.82520705,570.76
2016-09-01,571.05,2833.21048959,571.04
2016-09-02,572.0,2996.65467508,572.0
2016-09-03,595.01,4645.77734019,596.62
2016-09-04,603.72,3951.19879148,604.27
2016-09-05,603.48,3838.1755876,604.7
2016-09-06,608.16,4038.33754573,608.91
2016-09-07,615.16,4502.71072652,614.44
2016-09-08,625.67,4354.95251639,625.83
2016-09-09,622.01,3274.0756508599998,622.69
2016-09-10,621.65,1527.83753513,621.6
2016-09-11,606.32,5336.9515717,606.31
2016-09-12,608.04,3512.28237051,607.5
2016-09-13,607.46,3471.52717479,607.41
2016-09-14,608.5,2895.4604519,608.99
2016-09-15,606.71,3085.66694768,606.0
2016-09-16,605.69,2612.88007635,607.58
2016-09-17,604.1,1117.48707654,604.09
2016-09-18,608.0,1307.05511292,607.84
2016-09-19,608.72,2476.59039745,608.73
2016-09-20,600.94,2680.44760563,592.98
2016-09-21,595.46,3671.19191264,595.46
2016-09-22,595.41,2421.45482616,595.4
2016-09-23,601.42,4007.88275861,600.36
2016-09-24,599.33,1140.23303781,600.07
2016-09-25,598.98,1086.83579854,597.36
2016-09-26,606.47,4056.39371551,604.72
2016-09-27,604.26,3055.81637038,605.1
2016-09-28,603.95,2202.74962821,603.04
2016-09-29,605.6,2718.01919323,605.59
2016-09-30,608.23,2633.44489285,608.81
2016-10-01,612.98,1458.84374513,612.98
2016-10-02,608.6,1407.0592925,607.99
2016-10-03,611.16,2245.89234656,610.55
2016-10-04,607.19,2955.42383816,607.19
2016-10-05,608.49,2410.92611361,608.49
2016-10-06,610.25,2039.82035671,610.25
2016-10-07,614.88,4033.82185438,614.88
2016-10-08,614.34,888.66002111,614.32
2016-10-09,613.06,1174.26113887,613.06
2016-10-10,616.0,2295.52302846,614.98
2016-10-11,639.0,8087.31933662,636.35
2016-10-12,634.5,2658.52776787,634.5
2016-10-13,634.02,2381.50067975,634.23
2016-10-14,638.2,3154.82335026,639.99
2016-10-15,635.96,1421.85361066,635.84
2016-10-16,638.97,1289.53724609,638.97
2016-10-17,636.91,3958.0365344,636.96
2016-10-18,635.95,2731.17634977,635.95
2016-10-19,627.98,4472.89998392,627.98
2016-10-20,628.89,2040.00987473,628.86
2016-10-21,629.0,3050.50932903,629.0
2016-10-22,654.52,4351.6194781799995,653.64
2016-10-23,648.74,2535.01019265,648.38
2016-10-24,648.6,4679.0014143,649.03
2016-10-25,651.97,6106.91617897,651.97
2016-10-26,675.11,6716.23146341,674.75
2016-10-27,684.71,4545.43620804,683.04
2016-10-28,685.91,3574.07546814,686.35
2016-10-29,711.13,4034.88400838,711.0
2016-10-30,697.23,3752.5253719,696.99
2016-10-31,697.01,4655.89251212,697.63
2016-11-01,726.6,6570.01885443,726.59
2016-11-02,742.0,4320.53171915,740.52
2016-11-03,685.22,12102.24273144,685.85
2016-11-04,702.7,5345.6792147,702.71
2016-11-05,703.46,1918.31151101,703.46
2016-11-06,709.93,2292.8635227,709.92
2016-11-07,702.86,3020.87240328,702.86
2016-11-08,709.31,5526.47459343,709.29
2016-11-09,721.5,9726.2512339,720.6
2016-11-10,714.47,4996.45256408,714.47
2016-11-11,716.39,3328.33076179,716.39
2016-11-12,702.28,2811.55106984,702.54
2016-11-13,700.38,6023.54902216,701.5
2016-11-14,703.82,7566.58050969,704.93
2016-11-15,711.06,5668.93994884,711.73
2016-11-16,739.71,11585.04541819,739.71
2016-11-17,735.24,6681.43151549,735.5
2016-11-18,748.98,4271.04146281,748.99
2016-11-19,750.75,1965.43652251,750.76
2016-11-20,727.09,5525.9596111,727.09
2016-11-21,736.76,4017.57762466,736.76
2016-11-22,749.22,5034.70408511,749.69
2016-11-23,740.18,4462.77871527,740.18
2016-11-24,735.63,4039.81535353,735.63
2016-11-25,737.07,3356.08903132,735.79
2016-11-26,729.91,2314.57662144,729.92
2016-11-27,727.32,3447.86947559,727.35
2016-11-28,729.54,4741.11519229,731.0
2016-11-29,730.76,5406.90035323,730.73
2016-11-30,742.06,6249.618523,742.06
2016-12-01,751.54,6124.50185948,751.22
2016-12-02,769.99,8098.57532493,770.99
2016-12-03,760.75,2772.6612477099998,762.96
2016-12-04,762.0,3215.68481818,762.0
2016-12-05,750.24,5567.77285717,750.41
2016-12-06,758.98,6763.73852485,758.96
2016-12-07,763.99,4809.70777587,764.05
2016-12-08,766.84,4892.93925488,767.21
2016-12-09,769.57,2868.41656863,769.57
2016-12-10,772.28,2200.70812765,772.28
2016-12-11,768.97,1421.13041748,768.97
2016-12-12,776.9,2805.19133166,776.52
2016-12-13,775.35,4918.81400706,775.97
2016-12-14,777.09,2333.38039481,777.09
2016-12-15,775.89,3039.82232695,776.55
2016-12-16,781.32,3475.77113231,781.33
2016-12-17,788.52,2389.76188083,788.92
2016-12-18,788.67,2519.24374939,788.34
2016-12-19,791.0,3917.87027522,791.0
2016-12-20,798.65,4118.6935046300005,799.38
2016-12-21,832.75,9391.36496102,828.97
2016-12-22,859.96,12070.35326085,859.87
2016-12-23,914.0,16526.62879671,914.98
2016-12-24,892.61,6026.45470401,892.61
2016-12-25,890.67,4658.23642176,891.0
2016-12-26,897.1,3467.54622755,896.93
2016-12-27,930.34,7225.77311731,930.0
2016-12-28,976.47,12285.11131172,974.58
2016-12-29,969.58,7858.45685371,965.31
2016-12-30,959.54,10755.03649428,958.96
2016-12-31,966.3,4162.92129897,966.37
2017-01-01,997.75,6850.59330859,996.89
2017-01-02,1012.54,8167.38103018,1014.98
2017-01-03,1035.24,9089.65802529,1036.0
2017-01-04,1114.92,21562.45697196,1111.95
2017-01-05,1004.74,36018.86111991,1003.92
2017-01-06,893.89,27916.70309893,894.38
2017-01-07,906.2,20401.11359103,903.93
2017-01-08,909.75,8937.49270783,910.04
2017-01-09,896.23,8716.18294096,895.04
2017-01-10,905.05,8535.5216881,904.08
2017-01-11,778.62,35893.76836795,770.0
2017-01-12,807.47,17400.14155465,807.42
2017-01-13,825.86,11409.52033002,828.28
2017-01-14,818.27,6614.71899162,819.55
2017-01-15,821.86,4231.46390349,821.98
2017-01-16,831.81,6166.04397741,831.06
2017-01-17,905.99,12264.16938457,908.28
2017-01-18,887.7,11181.89887846,888.52
2017-01-19,901.01,11094.60329761,901.6
2017-01-20,895.8,6618.62776406,895.64
2017-01-21,921.98,5865.63203056,922.0
2017-01-22,923.76,7166.6654789,923.82
2017-01-23,913.52,3514.74142946,902.03
2017-01-24,885.47,9405.046565,885.74
2017-01-25,893.43,5291.55474211,893.79
2017-01-26,914.83,5164.8970199,915.04
2017-01-27,918.02,4830.53516221,918.66
2017-01-28,918.6,1175.86352983,918.16
2017-01-29,912.01,1349.01480033,912.66
2017-01-30,919.99,3121.18754443,920.0
2017-01-31,963.99,9507.10183224,963.95
2017-02-01,983.67,6954.39947163,984.41
2017-02-02,1009.17,8269.68053649,1009.18
2017-02-03,1016.99,10928.024221310001,1016.99
2017-02-04,1033.18,5752.28733969,1033.17
2017-02-05,1011.07,4348.17045024,1009.51
2017-02-06,1023.99,5080.84835472,1023.83
2017-02-07,1052.48,5372.1326253,1052.97
2017-02-08,1050.4,9633.26465194,1051.71
2017-02-09,986.0,25150.07016403,987.0
2017-02-10,996.08,10731.29006905,995.39
2017-02-11,1012.4,4472.51261675,1011.0
2017-02-12,1000.73,2683.99735828,1000.74
2017-02-13,1000.79,4547.26036851,1001.57
2017-02-14,1008.88,6761.10806309,1008.65
2017-02-15,1011.53,3095.66000003,1012.31
2017-02-16,1032.7,5996.10412989,1034.09
2017-02-17,1055.46,6085.02260605,1055.59
2017-02-18,1056.4,4474.94930623,1056.4
2017-02-19,1051.8,2270.8499116,1050.23
2017-02-20,1084.0,3664.37368596,1080.33
2017-02-21,1124.62,8395.47371599,1124.05
2017-02-22,1130.01,11673.08926566,1132.45
2017-02-23,1188.11,11753.23856018,1184.92
2017-02-24,1180.14,19598.23102576,1178.17
2017-02-25,1152.2,6238.43763039,1153.57
2017-02-26,1179.05,3536.48621434,1178.97
2017-02-27,1194.64,4640.77358977,1197.86
2017-02-28,1191.21,7562.47409479,1189.96
2017-03-01,1226.39,6013.0658229,1227.92
2017-03-02,1257.6,7762.73243908,1256.98
2017-03-03,1285.33,7545.47720312,1287.37
2017-03-04,1260.0,4951.23210502,1259.29
2017-03-05,1273.0,3026.01739466,1269.98
2017-03-06,1278.49,4249.64793811,1278.74
2017-03-07,1233.05,14450.03793683,1231.5
2017-03-08,1150.05,13399.43820916,1149.0
2017-03-09,1190.89,7654.73834924,1197.66
2017-03-10,1116.97,33467.943558,1106.51
2017-03-11,1176.55,7346.7869927,1176.67
2017-03-12,1226.62,5793.90851583,1226.27
2017-03-13,1242.46,5637.3629626599995,1242.08
2017-03-14,1245.86,5745.49650884,1246.7
2017-03-15,1257.32,3930.50022526,1256.02
2017-03-16,1172.62,15246.55276022,1171.0
2017-03-17,1071.02,16704.5732203,1075.0
2017-03-18,969.4,21292.60430849,978.08
2017-03-19,1017.97,12201.86141156,1015.82
2017-03-20,1035.96,7497.91103414,1041.15
2017-03-21,1114.39,11125.49539514,1112.78
2017-03-22,1037.56,14521.256356599999,1035.42
2017-03-23,1029.65,5916.99539286,1027.95
2017-03-24,929.06,16072.41708326,920.05
2017-03-25,956.02,13507.43542088,962.47
2017-03-26,960.0,9012.91765111,959.57
2017-03-27,1039.92,8687.08711524,1037.55
2017-03-28,1043.99,9115.51712488,1042.77
2017-03-29,1035.96,9379.71932021,1038.83
2017-03-30,1033.7,8645.37787081,1033.35
2017-03-31,1070.31,12058.788094559999,1073.59
2017-04-01,1083.94,5209.12836262,1082.81
2017-04-02,1078.01,7639.89621671,1079.84
2017-04-03,1144.77,11076.86273059,1146.98
2017-04-04,1143.0,7420.8662382,1144.0
2017-04-05,1134.58,5588.97640824,1136.13
2017-04-06,1190.85,9134.29559762,1186.54
2017-04-07,1190.66,5450.27271426,1191.66
2017-04-08,1184.03,2720.79822734,1185.0
2017-04-09,1206.2,4817.42424874,1206.37
2017-04-10,1209.25,3656.81631296,1210.07
2017-04-11,1218.99,3487.75310814,1219.97
2017-04-12,1212.17,3475.19462571,1209.6
2017-04-13,1172.91,7135.3029565,1174.43
2017-04-14,1170.34,8982.76789635,1170.36
2017-04-15,1173.45,1804.4507968,1170.82
2017-04-16,1162.31,2663.99028304,1161.19
2017-04-17,1176.54,3568.82507477,1176.97
2017-04-18,1202.58,5514.18240451,1202.62
2017-04-19,1203.98,6046.51943656,1204.61
2017-04-20,1234.19,5972.93539154,1236.6
2017-04-21,1243.61,5023.0385204,1243.63
2017-04-22,1233.2,4173.28321472,1231.43
2017-04-23,1241.99,2604.72196524,1242.0
2017-04-24,1253.58,3048.68890003,1253.99
2017-04-25,1269.0,5249.77353318,1272.67
2017-04-26,1287.99,8707.63904245,1288.11
2017-04-27,1331.53,6669.98746832,1330.33
2017-04-28,1330.7,8234.2755437,1331.21
2017-04-29,1333.0,3927.45061482,1331.02
2017-04-30,1350.21,3536.1758111,1349.52
2017-05-01,1390.86,8604.41493207,1391.03
2017-05-02,1447.75,8920.68985793,1448.17
2017-05-03,1503.22,11077.5894872,1503.12
2017-05-04,1537.23,19548.52973673,1539.52
2017-05-05,1514.9,15603.68436616,1518.75
2017-05-06,1558.02,7901.1428401,1554.04
2017-05-07,1554.01,7667.78585113,1558.74
2017-05-08,1649.54,19262.35352625,1648.4
2017-05-09,1720.28,16807.73323227,1719.29
2017-05-10,1772.58,11265.37863829,1774.36
2017-05-11,1828.45,14740.21932638,1829.02
2017-05-12,1691.51,17062.84462773,1682.0
2017-05-13,1776.89,10532.23451343,1778.99
2017-05-14,1784.0,4816.73208815,1781.0
2017-05-15,1705.48,13316.80217814,1708.22
2017-05-16,1700.01,16554.0885802,1700.0
2017-05-17,1782.99,17797.31852412,1785.98
2017-05-18,1878.99,11916.1233907,1876.96
2017-05-19,1958.0,14124.61831495,1957.38
2017-05-20,2013.99,12309.94747354,2008.85
2017-05-21,2017.55,6755.83436855,2017.55
2017-05-22,2099.97,16338.53540635,2112.4
2017-05-23,2264.23,14138.91966835,2273.66
2017-05-24,2420.29,22144.5982011,2421.14
2017-05-25,2292.53,32964.76142591,2304.29
2017-05-26,2279.82,28326.82201443,2264.44
2017-05-27,2042.0,26216.2751269,2053.0
2017-05-28,2178.81,15375.21812611,2183.19
2017-05-29,2292.1,12129.27808588,2289.0
2017-05-30,2203.51,13888.85097299,2202.59
2017-05-31,2298.01,16279.2924315,2305.84
2017-06-01,2413.63,18401.66360125,2405.01
2017-06-02,2488.94,12428.70059429,2489.0
2017-06-03,2540.94,10810.58468925,2541.2
2017-06-04,2530.27,8828.62494281,2526.06
2017-06-05,2698.0,12221.444806,2694.98
2017-06-06,2880.74,26695.67081758,2892.01
2017-06-07,2683.03,16967.04353572,2681.57
2017-06-08,2806.0,13251.40544911,2807.89
2017-06-09,2822.32,8036.31356941,2824.86
2017-06-10,2899.99,9593.36119146,2899.01
2017-06-11,2954.22,6830.60683981,2954.95
2017-06-12,2667.06,31534.9460555,2667.17
2017-06-13,2703.02,16275.83441252,2705.98
2017-06-14,2450.0,29478.82028393,2441.0
2017-06-15,2424.91,36751.09130817,2411.17
2017-06-16,2484.68,13802.39329983,2464.69
2017-06-17,2630.0,11142.985185559999,2633.93
2017-06-18,2516.98,9424.23118056,2516.24
2017-06-19,2598.0,10570.672525,2601.0
2017-06-20,2740.0,15891.69948817,2724.47
2017-06-21,2657.04,15676.32352625,2668.05
2017-06-22,2713.48,10792.78764641,2708.35
2017-06-23,2685.05,8232.48064925,2684.42
2017-06-24,2557.66,13342.81785584,2556.0
2017-06-25,2502.03,10339.57437415,2492.54
2017-06-26,2421.22,22094.21151071,2417.5
2017-06-27,2565.0,19129.59650756,2550.0
2017-06-28,2559.9,12274.54530348,2553.48
2017-06-29,2541.59,8125.37763725,2550.0
2017-06-30,2465.49,8715.71676156,2475.34
2017-07-01,2412.41,8885.89349655,2422.59
2017-07-02,2504.37,8744.53441127,2502.77
2017-07-03,2550.47,11520.70730801,2543.2
2017-07-04,2596.12,9662.75941445,2594.6
2017-07-05,2602.9,10882.83901071,2605.01
2017-07-06,2600.39,8333.98094907,2601.59
2017-07-07,2501.46,9430.6154578,2501.17
2017-07-08,2550.07,5405.89088691,2555.13
2017-07-09,2502.28,4483.14413363,2512.0
2017-07-10,2323.45,17296.34045274,2327.37
2017-07-11,2305.98,17580.96163529,2311.04
2017-07-12,2388.0,12883.55493809,2388.0
2017-07-13,2339.99,8429.85040306,2345.0
2017-07-14,2213.37,12659.01704362,2216.28
2017-07-15,1970.51,19886.67952318,1970.0
2017-07-16,1917.63,25562.70564457,1929.0
2017-07-17,2226.0,26448.50140255,2224.4
2017-07-18,2303.71,25204.48960246,2303.09
2017-07-19,2265.21,17009.88349592,2280.4
2017-07-20,2875.03,30989.89112526,2836.98
2017-07-21,2670.0,20724.16050338,2655.21
2017-07-22,2832.71,12819.63134804,2837.36
2017-07-23,2749.02,11001.96460067,2738.35
2017-07-24,2759.98,10001.9150661,2759.99
2017-07-25,2564.82,21326.54783885,2581.11
2017-07-26,2524.99,17713.6744658,2534.88
2017-07-27,2666.33,11826.47519948,2675.34
2017-07-28,2777.01,14069.50149214,2785.65
2017-07-29,2680.56,10782.21753675,2709.94
2017-07-30,2742.37,9678.16126067,2745.13
2017-07-31,2855.81,11114.33554221,2854.47
2017-08-01,2731.0,12525.07669112,2731.42
2017-08-02,2703.51,9486.62552563,2705.96
2017-08-03,2793.37,7963.69799924,2792.58
2017-08-04,2855.0,7635.8216719,2867.0
2017-08-05,3263.62,16996.27310091,3264.99
2017-08-06,3222.75,5998.73578852,3223.21
2017-08-07,3387.55,12046.11726501,3378.7
2017-08-08,3412.41,15835.37020781,3411.28
2017-08-09,3342.99,14286.84413824,3347.15
2017-08-10,3413.03,9031.12128021,3409.0
2017-08-11,3645.06,11927.37333424,3648.26
2017-08-12,3855.1,12351.07466143,3868.58
2017-08-13,4053.87,15889.82978854,4067.69
2017-08-14,4306.23,14212.30420724,4332.93
2017-08-15,4155.67,25515.71801437,4179.85
2017-08-16,4378.84,12923.63728054,4368.7
2017-08-17,4276.5,14573.18592909,4277.19
2017-08-18,4100.0,17516.99336076,4105.06
2017-08-19,4099.55,15036.18405113,4097.88
2017-08-20,4058.68,6237.9728963200005,4048.0
2017-08-21,3987.52,9782.05659401,3977.32
2017-08-22,4085.0,23522.75816636,4075.0
2017-08-23,4108.12,14979.40348147,4128.4
2017-08-24,4300.34,10782.69436738,4308.0
2017-08-25,4355.98,9699.61003374,4355.97
2017-08-26,4333.38,6559.66860375,4338.74
2017-08-27,4337.68,3979.12445283,4332.65
2017-08-28,4379.99,8641.0024459,4384.33
2017-08-29,4578.82,11879.64283069,4565.0
2017-08-30,4573.2,8720.03503995,4576.51
2017-08-31,4734.26,8911.41245939,4740.0
2017-09-01,4921.7,15367.52969736,4918.64
2017-09-02,4599.9,16977.79362226,4610.0
2017-09-03,4606.26,11224.9145563,4602.93
2017-09-04,4277.0,25069.12523005,4235.93
2017-09-05,4396.52,20884.21969353,4387.93
2017-09-06,4605.8,16634.10420534,4586.9
2017-09-07,4615.0,9254.85142692,4606.7
2017-09-08,4312.0,23693.30162259,4300.0
2017-09-09,4308.72,9974.38823453,4307.77
2017-09-10,4226.22,14724.20414387,4223.43
2017-09-11,4207.31,11191.59504385,4205.51
2017-09-12,4172.56,13294.43769742,4162.83
2017-09-13,3865.34,29636.38096311,3860.78
2017-09-14,3227.79,41319.3971257,3249.46
2017-09-15,3700.01,60278.94654177,3689.37
2017-09-16,3678.93,23158.22891071,3662.83
2017-09-17,3662.99,11770.21765049,3712.46
2017-09-18,4101.6,17207.59892439,4097.36
2017-09-19,3888.8,15278.9304404,3894.36
2017-09-20,3874.46,11660.27181331,3888.82
2017-09-21,3617.05,17904.29717206,3614.66
2017-09-22,3612.18,15007.73844949,3611.56
2017-09-23,3779.17,10123.23213552,3772.52
2017-09-24,3664.22,6508.72499023,3669.43
2017-09-25,3918.0,14979.78226289,3927.03
2017-09-26,3888.03,10014.62367124,3880.0
2017-09-27,4199.29,15075.83871664,4202.35
2017-09-28,4184.84,9625.92938226,4181.09
2017-09-29,4164.82,12191.93065131,4157.91
2017-09-30,4326.09,7496.78249925,4329.55
2017-10-01,4377.22,7211.3351358,4377.83
2017-10-02,4391.48,8259.8186315,4384.64
2017-10-03,4315.83,12468.05725642,4319.99
2017-10-04,4219.53,8518.99274917,4219.49
2017-10-05,4301.09,8419.96284162,4309.99
2017-10-06,4362.95,8377.30164966,4365.04
2017-10-07,4423.3,4646.40562117,4433.6
2017-10-08,4597.98,10083.86684927,4602.43
2017-10-09,4764.7,12923.66661677,4771.2
2017-10-10,4749.29,11666.02496241,4754.75
2017-10-11,4822.01,9866.89562175,4822.0
2017-10-12,5445.0,19916.22801995,5430.99
2017-10-13,5653.6,27827.38028536,5640.45
2017-10-14,5801.29,8410.9362308,5796.31
2017-10-15,5679.7,11542.94583367,5692.4
2017-10-16,5745.72,9066.79974453,5762.06
2017-10-17,5597.31,9105.28187907,5575.72
2017-10-18,5582.05,18961.67579669,5567.78
2017-10-19,5698.69,9919.83821694,5700.39
2017-10-20,5977.29,15109.06365101,5979.85
2017-10-21,6013.46,15357.42373371,6011.0
2017-10-22,5969.0,12232.52332991,5973.74
2017-10-23,5871.17,15331.63502934,5865.22
2017-10-24,5523.4,17286.72373931,5511.31
2017-10-25,5735.88,12349.1067022,5740.04
2017-10-26,5890.0,11788.30258919,5889.96
2017-10-27,5771.89,11911.04199625,5788.4
2017-10-28,5730.69,5926.29737158,5728.32
2017-10-29,6137.37,16086.62569466,6125.0
2017-10-30,6119.99,9574.64365313,6130.88
2017-10-31,6434.21,13423.30855051,6395.58
2017-11-01,6741.59,12967.22211638,6760.0
2017-11-02,7030.0,26514.65119452,7039.94
2017-11-03,7146.82,15999.78379684,7150.1
2017-11-04,7388.83,9200.11461844,7370.73
2017-11-05,7372.72,9218.32689776,7367.99
2017-11-06,6967.68,19323.12875746,6992.82
2017-11-07,7130.28,11634.26529651,7086.78
2017-11-08,7450.32,24679.7205496,7440.0
2017-11-09,7148.0,14799.26577204,7171.0
2017-11-10,6588.18,26614.27605231,6590.0
2017-11-11,6355.13,14942.70255533,6280.67
2017-11-12,5870.37,37315.1566398,5903.53
2017-11-13,6525.17,27202.28180796,6562.38
2017-11-14,6609.0,12072.05308804,6620.0
2017-11-15,7294.0,16869.89791295,7258.88
2017-11-16,7846.96,19272.37147666,7896.79
2017-11-17,7674.99,17714.36787452,7646.27
2017-11-18,7771.03,7326.81014016,7764.07
2017-11-19,8016.58,8307.77750857,8034.0
2017-11-20,8226.17,8179.45772727,8231.52
2017-11-21,8095.23,13686.511238699999,8083.0
2017-11-22,8214.69,8078.58080138,8238.55
2017-11-23,7989.0,7811.79339997,8033.01
2017-11-24,8199.19,9289.98925704,8203.9
2017-11-25,8717.99,11611.66637888,8713.44
2017-11-26,9271.06,12021.21548696,9300.0
2017-11-27,9708.07,13272.45254013,9695.01
2017-11-28,9868.82,11214.92993115,9880.0
2017-11-29,9824.68,33432.33996208,9729.97
2017-11-30,9947.67,25433.45836367,10040.0
2017-12-01,10840.45,16708.03224846,10825.62
2017-12-02,10872.0,9267.16105468,10918.03
2017-12-03,11250.0,14238.525877,11250.0
2017-12-04,11613.07,13621.48197282,11633.04
2017-12-05,11677.0,11875.03377686,11700.0
2017-12-06,13623.5,19784.87348713,13714.28
2017-12-07,16599.99,25787.67655646,16499.99
2017-12-08,15800.0,25473.39531065,15881.95
2017-12-09,14607.49,16587.47292694,14313.0
2017-12-10,14691.0,18487.98304099,14757.36
2017-12-11,16470.0,16583.72315538,16322.06
2017-12-12,16650.01,13517.89210328,16686.14
2017-12-13,16250.0,17136.7058582,16155.54
2017-12-14,16404.99,13409.52428786,16405.0
2017-12-15,17471.5,18998.38813709,17470.07
2017-12-16,19187.78,9761.22080853,19081.93
2017-12-17,18953.0,9749.24915462,18850.19
2017-12-18,18940.57,14678.94144797,18950.0
2017-12-19,17700.0,21528.13766503,17610.06
2017-12-20,16466.98,31172.2288067,16480.0
2017-12-21,15600.01,20377.86043859,15783.0
2017-12-22,14009.79,57444.885803260004,14100.0
2017-12-23,14619.0,21786.4086642,14473.38
2017-12-24,14157.87,18519.48932254,14057.41
2017-12-25,13911.28,11564.54433309,13998.78
2017-12-26,15764.44,15051.16401761,15695.95
2017-12-27,15364.93,15643.75488215,15412.0
2017-12-28,14470.07,16557.21732271,14401.37
2017-12-29,14340.0,13505.70299216,14296.4
2017-12-30,12640.0,21749.67444609,12653.87
2017-12-31,13880.0,11583.41864698,13803.2
2018-01-01,13443.41,7688.0306846,13517.37
2018-01-02,14678.94,16299.66930279,14749.89
2018-01-03,15155.62,12275.00119668,15170.52
2018-01-04,15143.67,15004.01859256,15030.02
2018-01-05,16928.0,16248.914679559999,16856.2
2018-01-06,17149.67,9501.01675546,17066.99
2018-01-07,16124.02,8632.81384337,16074.12
2018-01-08,14999.99,16676.34994239,14926.04
2018-01-09,14403.51,13913.52469368,14359.98
2018-01-10,14890.02,18479.01253046,14940.0
2018-01-11,13243.83,19630.07517112,13126.27
2018-01-12,13781.41,13433.08481363,13875.84
2018-01-13,14197.78,7488.98701847,14182.64
2018-01-14,13647.99,7588.63558972,13627.3
2018-01-15,13607.04,9444.63530824,13564.99
2018-01-16,11386.34,38789.88308789,11589.93
2018-01-17,11191.35,41356.1897379,11025.18
2018-01-18,11247.57,22195.26202056,11294.62
2018-01-19,11552.0,13203.25567513,11565.94
2018-01-20,12775.99,10324.05733414,12726.7
2018-01-21,11558.87,11596.44128787,11554.62
2018-01-22,10808.99,17067.72925582,10790.39
2018-01-23,10851.82,17250.17614645,10863.84
2018-01-24,11400.96,11646.79059794,11351.19
2018-01-25,11155.54,10212.92183381,11127.78
2018-01-26,11092.95,15074.66641243,11107.74
2018-01-27,11446.54,10309.80746248,11450.0
2018-01-28,11685.58,9956.09249576,11682.77
2018-01-29,11162.62,9996.35689848,11166.26
2018-01-30,9971.0,21082.19252764,9928.24
2018-01-31,10149.0,12743.50947059,10138.98
2018-02-01,8998.99,26356.58883931,8958.88
2018-02-02,8838.83,44406.01982931,8829.26
2018-02-03,9225.86,16208.37411342,9145.08
2018-02-04,8191.0,19110.67246079,8251.61
2018-02-05,6874.27,46544.42880431,6965.7
2018-02-06,7737.37,70961.36965826,7794.75
2018-02-07,7588.01,32640.89253754,7691.85
2018-02-08,8259.76,22746.39118112,8210.0
2018-02-09,8693.98,18418.11709042,8636.22
2018-02-10,8560.0,14670.55870203,8490.08
2018-02-11,8067.0,12711.7858457,8109.49
2018-02-12,8899.0,15071.04029684,8880.0
2018-02-13,8522.99,11374.52415254,8545.98
2018-02-14,9490.98,17468.73886593,9438.99
2018-02-15,10018.0,21036.3373175,10050.01
2018-02-16,10196.0,11857.64277513,10129.0
2018-02-17,11101.0,14511.16913676,11066.99
2018-02-18,10421.06,17623.07943135,10460.49
2018-02-19,11173.0,11698.25622611,11192.26
2018-02-20,11233.41,15880.9090398,11084.4
2018-02-21,10449.4,19959.67715652,10416.61
2018-02-22,9843.34,20204.69095384,9766.37
2018-02-23,10166.1,16044.03930333,10175.07
2018-02-24,9689.99,13972.71472351,9575.76
2018-02-25,9590.04,11037.17695269,9610.85
2018-02-26,10324.7,16156.80505618,10325.3
2018-02-27,10566.3,10408.47993775,10579.18
2018-02-28,10314.9,10490.74905816,10250.0
2018-03-01,10903.13,9481.66514611,10930.55
2018-03-02,11029.99,8329.09790086,11044.58
2018-03-03,11445.0,7786.26753951,11397.7
2018-03-04,11463.27,6831.63070279,11440.05
2018-03-05,11419.24,9933.67623336,11334.57
2018-03-06,10723.76,14734.41949313,10751.63
2018-03-07,9913.03,26116.51184803,9908.31
2018-03-08,9285.32,22522.42746991,9344.09
2018-03-09,9230.0,29014.16684454,9326.76
2018-03-10,8791.47,12886.58857926,8626.82
2018-03-11,9535.04,16407.54237557,9575.76
2018-03-12,9120.75,18751.02057959,9068.99
2018-03-13,9142.32,16001.47534639,9182.1
2018-03-14,8196.69,21191.0231358,8227.5
2018-03-15,8265.05,18387.61138793,8320.65
2018-03-16,8258.54,16498.62433531,8293.92
2018-03-17,7860.83,12048.6688914,7848.86
2018-03-18,8188.24,19547.36114711,8394.76
2018-03-19,8596.93,19396.08835883,8546.17
2018-03-20,8904.02,13454.8222604,8901.92
2018-03-21,8893.79,12100.99713332,8901.4
2018-03-22,8704.67,12587.63392229,8686.61
2018-03-23,8920.79,13749.78486097,8897.62
2018-03-24,8547.0,9731.98236841,8522.03
2018-03-25,8453.9,9155.91214778,8474.88
2018-03-26,8149.66,17693.4153393,8159.04
2018-03-27,7791.7,12385.25028422,7788.21
2018-03-28,7932.41,8437.64467971,7947.83
2018-03-29,7088.38,22138.11413228,7101.0
2018-03-30,6850.0,29101.44802706,6874.0
2018-03-31,6928.62,11579.59705718,6990.97
2018-04-01,6813.52,18046.94087395,6791.56
2018-04-02,7052.76,13624.16035566,7087.62
2018-04-03,7416.27,16089.54162903,7391.81
2018-04-04,6799.95,15779.20246661,6773.42
2018-04-05,6771.69,11894.53597807,6778.0
2018-04-06,6618.33,8478.41806897,6613.89
2018-04-07,6904.9,7683.0416526,6912.71
2018-04-08,7027.26,4352.69794202,7030.0
2018-04-09,6780.1,10103.91621615,6768.58
2018-04-10,6835.67,6480.19276418,6835.99
2018-04-11,6940.94,5825.41064556,6935.7
2018-04-12,7923.78,19033.3803344,7982.16
2018-04-13,7896.92,19605.94275077,7870.36
2018-04-14,8000.41,8935.53071477,8076.17
2018-04-15,8354.22,7542.84081564,8352.75
2018-04-16,8048.15,10866.60295749,8053.48
2018-04-17,7890.87,9277.15121538,7899.97
2018-04-18,8172.84,9227.20459808,8155.34
2018-04-19,8271.31,9436.84632763,8283.28
2018-04-20,8861.0,16059.62267134,8849.94
2018-04-21,8920.71,15336.30792743,8883.29
2018-04-22,8789.96,9346.45175925,8779.45
2018-04-23,8946.95,10286.1177149,8933.99
2018-04-24,9648.0,20460.50898304,9612.98
2018-04-25,8864.99,33035.90404482,8793.67
2018-04-26,9274.48,20042.96970211,9266.08
2018-04-27,8921.43,11375.51437547,8880.0
2018-04-28,9345.11,15558.40230193,9360.99
2018-04-29,9393.99,10940.71803063,9410.52
2018-04-30,9242.17,8085.68829456,9215.71
2018-05-01,9066.9,12138.2639605,9082.01
2018-05-02,9222.0,10575.17497792,9232.3
2018-05-03,9732.43,11670.79957863,9559.9
2018-05-04,9696.57,7326.05207111,9688.86
2018-05-05,9823.28,7403.10502352,9826.83
2018-05-06,9623.54,8155.5768566,9626.75
2018-05-07,9359.52,13616.3485933,9380.49
2018-05-08,9167.69,11418.31053651,9164.23
2018-05-09,9308.49,11368.83432539,9319.45
2018-05-10,9020.99,11764.9775057,8896.1
2018-05-11,8411.42,20383.92660992,8406.29
2018-05-12,8481.6,15464.92940302,8500.99
2018-05-13,8696.58,9835.22450915,8671.95
2018-05-14,8674.36,18861.93709627,8683.58
2018-05-15,8474.99,12391.83198691,8467.53
2018-05-16,8346.59,12705.12321984,8348.74
2018-05-17,8067.03,8259.12452442,8048.56
2018-05-18,8248.87,7181.20388348,8258.35
2018-05-19,8231.2,3784.07576637,8226.21
2018-05-20,8518.48,5314.99889979,8529.08
2018-05-21,8391.76,6126.97105348,8404.99
2018-05-22,7984.08,9101.06078693,8000.0
2018-05-23,7502.89,17635.90129337,7544.16
2018-05-24,7586.88,11648.36524358,7566.73
2018-05-25,7471.18,10088.84331121,7443.0
2018-05-26,7335.99,4043.55765023,7330.53
2018-05-27,7347.39,3144.45110906,7340.0
2018-05-28,7112.5,6583.63252959,7119.66
2018-05-29,7469.45,11049.92099287,7465.7
2018-05-30,7375.73,8940.4540053,7365.61
2018-05-31,7492.28,7339.00726931,7494.87
2018-06-01,7511.6,6762.6275727,7527.66
2018-06-02,7642.0,4012.16875521,7634.0
2018-06-03,7703.67,4729.21008365,7714.22
2018-06-04,7488.26,6990.5513527,7496.18
2018-06-05,7617.98,9968.45508961,7626.76
2018-06-06,7658.57,7058.05577232,7665.0
2018-06-07,7689.28,7545.00925066,7683.99
2018-06-08,7618.11,4676.55832777,7612.81
2018-06-09,7492.7,2713.78104511,7439.88
2018-06-10,6781.17,14392.69540615,6752.93
2018-06-11,6880.61,11409.52423218,6865.19
2018-06-12,6557.67,8827.5994997,6563.66
2018-06-13,6307.4,19190.50457858,6319.85
2018-06-14,6646.1,14185.83821156,6645.28
2018-06-15,6390.6,7132.20678871,6404.33
2018-06-16,6487.92,3553.69972603,6491.83
2018-06-17,6453.41,2828.75680848,6459.99
2018-06-18,6707.5,5940.1743975,6722.07
2018-06-19,6736.52,5443.67979628,6731.9
2018-06-20,6756.58,5193.76884592,6760.0
2018-06-21,6718.33,4837.32442832,6726.19
2018-06-22,6050.45,18544.14405465,6067.15
2018-06-23,6177.38,4585.87147205,6187.38
2018-06-24,6153.4,11423.59392896,6150.63
2018-06-25,6253.61,9689.68930701,6253.19
2018-06-26,6068.0,7751.62208792,6057.27
2018-06-27,6135.64,7446.86155074,6123.95
2018-06-28,5848.33,8878.39857291,5875.63
2018-06-29,6204.24,12067.37316767,6203.56
2018-06-30,6385.71,6915.08887702,6408.03
2018-07-01,6349.99,4160.70556721,6335.68
2018-07-02,6612.98,8799.80247408,6611.33
2018-07-03,6507.99,5924.86541706,6514.26
2018-07-04,6584.25,6706.7340062,6579.8
2018-07-05,6533.69,7692.21577694,6529.02
2018-07-06,6596.53,5457.67218749,6606.58
2018-07-07,6759.99,4842.79587112,6759.47
2018-07-08,6706.6,5145.84575684,6689.95
2018-07-09,6666.75,7165.21723333,6657.04
2018-07-10,6299.46,9163.01977492,6300.3
2018-07-11,6380.0,6370.13680136,6370.58
2018-07-12,6243.88,7792.46685782,6229.05
2018-07-13,6215.59,5901.29571452,6221.62
2018-07-14,6243.98,2584.7339623,6252.98
2018-07-15,6349.3,3556.2931071900002,6349.77
2018-07-16,6721.04,9404.05647649,6727.18
2018-07-17,7310.71,12703.29651293,7323.6
2018-07-18,7374.88,13347.87637571,7369.42
2018-07-19,7471.42,8803.25309749,7436.76
2018-07-20,7330.84,9379.17143244,7318.15
2018-07-21,7409.92,4049.81022253,7374.59
2018-07-22,7396.6,5107.9788128,7378.16
2018-07-23,7719.62,12572.45317131,7722.05
2018-07-24,8403.83,18707.41156484,8407.08
2018-07-25,8174.06,10348.06857767,8196.68
2018-07-26,7926.0,8091.87166049,7935.79
2018-07-27,8183.05,8701.76587806,8207.75
2018-07-28,8237.74,2765.6804906,8239.96
2018-07-29,8216.74,3980.2794076,8176.28
2018-07-30,8160.21,11785.89207823,8155.62
2018-07-31,7725.43,11994.08614156,7720.71
2018-08-01,7602.01,11406.76843741,7610.99
2018-08-02,7536.37,5262.23613199,7514.47
2018-08-03,7416.98,9585.77930917,7393.21
2018-08-04,7009.99,6831.75139028,7013.84
2018-08-05,7032.61,6039.1351446,7029.59
2018-08-06,6936.11,7317.64296455,6959.22
2018-08-07,6717.68,10039.39296375,6689.19
2018-08-08,6283.59,14668.56802221,6286.37
2018-08-09,6543.76,9484.88670496,6554.99
2018-08-10,6139.99,14096.00988894,6155.28
2018-08-11,6239.98,6818.37504816,6215.07
2018-08-12,6310.82,7169.89323056,6322.83
2018-08-13,6252.63,8896.68083746,6240.94
2018-08-14,6193.62,14235.27018218,6210.0
2018-08-15,6272.3,12501.11334781,6264.06
2018-08-16,6313.51,7099.2611636,6296.78
2018-08-17,6580.15,6635.58158998,6561.54
2018-08-18,6399.28,3496.80232127,6365.34
2018-08-19,6481.99,3138.7113182900002,6492.95
2018-08-20,6260.82,6254.82080784,6267.0
2018-08-21,6479.27,5655.04172504,6481.37
2018-08-22,6355.76,11955.65069577,6351.74
2018-08-23,6525.01,4028.43387247,6533.21
2018-08-24,6692.94,6374.54257854,6700.72
2018-08-25,6732.4,4980.64928331,6719.99
2018-08-26,6700.46,3475.7202496,6699.54
2018-08-27,6904.51,5863.68824836,6894.29
2018-08-28,7080.94,8222.247652349999,7069.63
2018-08-29,7032.96,5730.97892652,7036.49
2018-08-30,6984.01,6875.26197217,6972.38
2018-08-31,7017.35,5790.38050638,7028.76
2018-09-01,7185.01,4590.45724112,7193.92
2018-09-02,7290.31,3297.68658519,7299.99
2018-09-03,7258.99,2829.87707292,7256.74
2018-09-04,7361.0,4531.14780379,7361.83
2018-09-05,6679.3,12408.79698551,6690.54
2018-09-06,6493.09,14674.0236716,6472.09
2018-09-07,6400.0,6541.96747088,6415.57
2018-09-08,6178.31,4284.19484304,6178.0
2018-09-09,6236.04,4104.31379555,6247.74
2018-09-10,6301.99,5371.72530672,6298.31
2018-09-11,6279.99,7076.79725968,6273.63
2018-09-12,6322.45,4282.15960066,6332.19
2018-09-13,6485.7,6985.34747474,6491.19
2018-09-14,6476.51,4598.02098322,6491.91
2018-09-15,6520.15,1328.81956289,6515.07
2018-09-16,6499.98,1098.62806031,6510.0
2018-09-17,6254.52,4386.88772482,6247.21
2018-09-18,6332.34,4196.47314808,6319.99
2018-09-19,6388.4,7232.08338006,6400.8
2018-09-20,6492.98,5177.64510387,6511.78
2018-09-21,6749.45,8569.98587321,6787.97
2018-09-22,6710.01,5491.80951385,6705.14
2018-09-23,6702.22,3248.80491931,6695.77
2018-09-24,6581.52,4030.72562001,6566.29
2018-09-25,6428.99,8206.61700477,6414.63
2018-09-26,6461.51,4295.92674134,6471.12
2018-09-27,6681.62,5664.85211251,6696.57
2018-09-28,6610.76,7642.04936428,6603.08
2018-09-29,6579.38,3382.01592212,6571.79
2018-09-30,6597.81,2482.69507513,6608.63
2018-10-01,6571.2,4796.040132,6569.98
2018-10-02,6500.0,4116.13342419,6485.62
2018-10-03,6456.77,4774.76328174,6454.23
2018-10-04,6547.56,3832.70048916,6555.51
2018-10-05,6582.12,3807.26928181,6590.42
2018-10-06,6544.08,2022.78075908,6544.87
2018-10-07,6577.63,2455.65659087,6574.46
2018-10-08,6604.75,4079.04424933,6608.37
2018-10-09,6588.8,2254.95026959,6588.6
2018-10-10,6517.55,5177.06675956,6515.32
2018-10-11,6152.76,9616.23958351,6144.01
2018-10-12,6185.15,3246.3815572,6183.17
2018-10-13,6199.69,1954.04680593,6198.88
2018-10-14,6183.0,2525.73820085,6177.04
2018-10-15,6441.74,16895.88930388,6435.19
2018-10-16,6461.2,4703.09390629,6455.0
2018-10-17,6437.29,2961.26337446,6441.9
2018-10-18,6396.18,3823.16928503,6396.37
2018-10-19,6383.46,2290.0590117,6376.09
2018-10-20,6412.86,1261.97849549,6405.35
2018-10-21,6413.38,1541.01151749,6409.46
2018-10-22,6406.06,2407.5354618,6407.06
2018-10-23,6393.41,2851.00556658,6393.0
2018-10-24,6411.96,3535.33808825,6411.61
2018-10-25,6393.53,3046.60380599,6399.26
2018-10-26,6406.1,3323.82631782,6406.25
2018-10-27,6407.66,890.1271569,6407.66
2018-10-28,6405.57,839.29766473,6407.66
2018-10-29,6266.52,5190.82201499,6266.74
2018-10-30,6269.46,2523.57742936,6271.01
2018-10-31,6303.27,5148.08262352,6304.5
2018-11-01,6340.99,2190.97047686,6340.88
2018-11-02,6350.43,2678.06948097,6350.53
2018-11-03,6335.0,1084.13861953,6335.0
2018-11-04,6421.76,2673.81391399,6430.46
2018-11-05,6403.2,2335.48865475,6405.39
2018-11-06,6447.5,4270.33460011,6444.65
2018-11-07,6501.0,4800.82491273,6501.0
2018-11-08,6405.49,3966.97303181,6405.0
2018-11-09,6325.0,3218.12902607,6330.0
2018-11-10,6349.32,1523.39384996,6354.52
2018-11-11,6357.54,1718.26855567,6380.81
2018-11-12,6318.0,3526.03903239,6315.49
2018-11-13,6260.91,3630.56272124,6236.6
2018-11-14,5595.91,25121.93301356,5571.75
2018-11-15,5585.0,19945.90828161,5555.84
2018-11-16,5508.71,8074.6055758,5493.68
2018-11-17,5503.36,2732.79162871,5513.22
2018-11-18,5559.26,2576.4553201,5549.29
2018-11-19,4735.44,28910.66553331,4778.48
2018-11-20,4352.0,39775.38943928,4341.5
2018-11-21,4538.01,20678.25000596,4559.98
2018-11-22,4275.23,10258.46172893,4270.76
2018-11-23,4288.26,13322.77736822,4298.19
2018-11-24,3785.65,14236.74417437,3800.92
2018-11-25,3938.89,26969.94763424,3960.46
2018-11-26,3727.34,24357.88293934,3712.09
2018-11-27,3771.01,16814.00296565,3789.25
2018-11-28,4220.16,22983.71348838,4235.21
2018-11-29,4249.8,15944.01262628,4243.23
2018-11-30,3971.06,14364.62144791,3968.0
2018-12-01,4140.39,6412.23253743,4146.77
2018-12-02,4102.05,7019.16205825,4094.91
2018-12-03,3834.34,10726.6773046,3827.2
2018-12-04,3903.52,12249.9368879,3902.36
2018-12-05,3696.69,13443.22072621,3720.68
2018-12-06,3437.26,15480.96697218,3409.78
2018-12-07,3380.68,26513.2316249,3379.45
2018-12-08,3398.8,10176.34927433,3388.15
2018-12-09,3529.75,8011.02295177,3539.95
2018-12-10,3408.0,10375.26877055,3395.78
2018-12-11,3353.42,8951.71070828,3335.49
2018-12-12,3430.18,7284.10378196,3426.56
2018-12-13,3262.73,11715.01908312,3256.29
2018-12-14,3195.75,14437.50526664,3193.01
2018-12-15,3179.54,5814.86853241,3183.11
2018-12-16,3193.78,6033.50714633,3194.66
2018-12-17,3496.73,16389.79444903,3506.92
2018-12-18,3667.16,13792.36427592,3667.21
2018-12-19,3684.5,21125.61437541,3669.25
2018-12-20,4073.77,25986.85291601,4027.46
2018-12-21,3841.08,16967.23460506,3847.1
2018-12-22,3980.9,7697.59815203,3991.37
2018-12-23,3943.83,4609.89261726,3960.07
2018-12-24,4036.0,12017.91713092,4035.45
2018-12-25,3779.99,11801.43441841,3765.88
2018-12-26,3810.01,10064.18282348,3795.81
2018-12-27,3591.69,11850.0123819,3591.38
2018-12-28,3884.97,13055.71840689,3888.2
2018-12-29,3725.48,6901.3823317999995,3740.0
2018-12-30,3835.79,5736.45370818,3826.93
2018-12-31,3693.3,6667.16373743,3690.34
2019-01-01,3823.44,5149.60627729,3816.67
2019-01-02,3885.87,5534.46951453,3888.79
2019-01-03,3787.81,4803.2461092,3772.53
2019-01-04,3817.71,7452.05894356,3820.19
2019-01-05,3791.84,3656.37531439,3791.71
2019-01-06,4040.71,5400.71486407,4050.52
2019-01-07,4005.45,7445.09600426,4009.96
2019-01-08,3994.9,11819.98676966,3995.0
2019-01-09,4002.13,7390.13399203,4003.36
2019-01-10,3627.51,16118.42088248,3619.66
2019-01-11,3632.02,10571.08164263,3628.65
2019-01-12,3617.13,3184.35219414,3615.79
2019-01-13,3515.95,5908.52280454,3515.29
2019-01-14,3664.28,9925.99072165,3666.95
2019-01-15,3576.93,8059.8173777,3576.44
2019-01-16,3605.91,7675.06606371,3608.57
2019-01-17,3638.01,7499.52552971,3638.22
2019-01-18,3609.21,5023.5102908,3609.34
2019-01-19,3681.0,4080.88346413,3679.55
2019-01-20,3536.72,5591.01583422,3536.76
2019-01-21,3531.51,5821.89983137,3532.31
2019-01-22,3576.81,6877.0636755000005,3578.29
2019-01-23,3552.32,6170.84267224,3552.21
2019-01-24,3570.73,4488.01463801,3571.87
2019-01-25,3560.0,4961.79512299,3567.21
2019-01-26,3555.56,2697.88387935,3554.2
2019-01-27,3533.23,3852.6596409,3522.6
2019-01-28,3429.5,10345.1009104,3432.86
2019-01-29,3390.5,7284.38686266,3388.17
2019-01-30,3437.35,5704.02340186,3435.91
2019-01-31,3413.11,5951.8181698,3416.52
2019-02-01,3434.83,6659.84752495,3433.81
2019-02-02,3462.82,3051.95860768,3469.22
2019-02-03,3414.82,2813.89222442,3419.22
2019-02-04,3410.87,3244.08497898,3407.5
2019-02-05,3431.39,4045.62530164,3428.82
2019-02-06,3364.62,6137.40639817,3363.75
2019-02-07,3359.33,4293.5558141,3358.3
2019-02-08,3622.94,14388.64754224,3625.68
2019-02-09,3622.62,4054.50461695,3628.19
2019-02-10,3650.37,4155.50568273,3641.94
2019-02-11,3588.7,7931.40887407,3582.99
2019-02-12,3585.94,10074.81670532,3584.42
2019-02-13,3574.93,7992.74321134,3574.21
2019-02-14,3560.46,5910.24312876,3563.45
2019-02-15,3566.29,6234.76805726,3563.82
2019-02-16,3579.92,3442.47630393,3582.03
2019-02-17,3625.6,5012.46127538,3619.5
2019-02-18,3869.8,15567.08485429,3889.6
2019-02-19,3888.46,12525.13651013,3894.26
2019-02-20,3936.53,9854.35493853,3934.26
2019-02-21,3900.4,8055.79892817,3900.39
2019-02-22,3939.82,6593.85993401,3938.28
2019-02-23,4113.53,7966.31721086,4112.32
2019-02-24,3730.68,13737.01398845,3748.65
2019-02-25,3820.71,8835.36224921,3817.48
2019-02-26,3795.06,6543.16453722,3795.69
2019-02-27,3798.47,7602.29984472,3803.39
2019-02-28,3791.36,6747.88027166,3793.55
2019-03-01,3807.05,4761.41015902,3810.85
2019-03-02,3810.46,3259.74312485,3813.67
2019-03-03,3789.52,2508.08649072,3793.04
2019-03-04,3698.66,7293.71962839,3707.0
2019-03-05,3844.07,7280.82397551,3846.43
2019-03-06,3851.55,6402.67507493,3864.9
2019-03-07,3856.64,7964.50825371,3858.12
2019-03-08,3844.64,7707.39667049,3835.94
2019-03-09,3916.43,5125.89830383,3903.62
2019-03-10,3897.92,3000.60671855,3900.32
2019-03-11,3849.25,6612.11516125,3849.59
2019-03-12,3859.74,5794.61473428,3860.95
2019-03-13,3848.48,4275.54000025,3847.3
2019-03-14,3854.77,5167.56617609,3857.96
2019-03-15,3901.21,6411.98332751,3900.08
2019-03-16,3990.0,6959.47788339,3992.42
2019-03-17,3965.5,2711.95016796,3960.96
2019-03-18,3969.59,5420.23037801,3969.45
2019-03-19,3998.13,5317.45055524,3997.66
2019-03-20,4031.59,6244.95370182,4032.32
2019-03-21,3974.21,7561.75989694,3971.66
2019-03-22,3982.07,3453.36892821,3980.83
2019-03-23,3982.52,2259.5645261,3977.79
2019-03-24,3969.99,2204.06560941,3969.99
2019-03-25,3910.51,6913.36709721,3909.68
2019-03-26,3922.58,4315.60487708,3913.08
2019-03-27,4025.5,8151.67504888,4018.9
2019-03-28,4012.23,3927.54682157,4011.17
2019-03-29,4090.0,8391.03462414,4092.62
2019-03-30,4094.92,3923.1364664,4097.11
2019-03-31,4096.08,2402.5882054100002,4091.63
2019-04-01,4136.32,7232.98731201,4131.71
2019-04-02,4899.63,30686.17351442,4925.02
2019-04-03,4978.23,29321.27268405,4925.14
2019-04-04,4907.94,15898.11514808,4934.15
2019-04-05,5039.73,13023.7465161,5032.09
2019-04-06,5041.39,10049.84478829,5035.47
2019-04-07,5190.85,10872.51935616,5180.52
2019-04-08,5287.88,13344.98151487,5277.39
2019-04-09,5192.6,9410.35350033,5186.12
2019-04-10,5323.47,10723.93474696,5338.0
2019-04-11,5040.2,15052.95606333,5030.3
2019-04-12,5076.35,8057.03847684,5075.35
2019-04-13,5063.63,4520.43702971,5074.36
2019-04-14,5162.72,3443.44728316,5170.01
2019-04-15,5027.31,7423.01375858,5022.82
2019-04-16,5202.43,7675.40412015,5214.94
2019-04-17,5233.72,6741.07720986,5226.71
2019-04-18,5281.58,6375.89568714,5274.85
2019-04-19,5289.91,5285.60637017,5299.15
2019-04-20,5318.89,3665.56962108,5323.86
2019-04-21,5295.65,4631.03916752,5302.2
2019-04-22,5386.8,7127.11186779,5387.9
2019-04-23,5531.32,10132.40317154,5551.35
2019-04-24,5440.95,10521.03763127,5439.91
2019-04-25,5132.55,9893.93590864,5113.06
2019-04-26,5155.19,15033.1017793,5159.19
2019-04-27,5168.91,4041.33355341,5171.93
2019-04-28,5160.98,3957.25435637,5151.01
2019-04-29,5149.11,5753.61513714,5151.77
2019-04-30,5269.0,5055.2728357,5263.59
2019-05-01,5318.42,4209.28441353,5319.02
2019-05-02,5385.0,5908.52172325,5368.0
2019-05-03,5658.22,12700.58899257,5667.16
2019-05-04,5764.65,8525.45570755,5775.05
2019-05-05,5709.32,5162.56182988,5708.76
2019-05-06,5685.46,6826.98087533,5696.41
2019-05-07,5751.54,10741.56186069,5711.62
2019-05-08,5940.89,6320.4135454,5953.18
2019-05-09,6156.7,9081.24077807,6160.25
2019-05-10,6342.84,13821.71360689,6352.83
2019-05-11,7217.47,22331.43531269,7281.68
2019-05-12,6974.35,27398.21436403,6920.65
2019-05-13,7810.05,27299.34473923,7810.95
2019-05-14,7986.0,18881.44115957,8035.0
2019-05-15,8208.69,16613.07123458,8185.65
2019-05-16,7880.0,17078.7037596,7895.7
2019-05-17,7351.71,27307.57969969,7418.51
2019-05-18,7260.12,7564.89968988,7292.88
2019-05-19,8200.0,15595.26745165,8114.41
2019-05-20,8005.64,13426.78750889,8030.72
2019-05-21,7955.16,7518.5556769,7969.18
2019-05-22,7624.95,8396.82203697,7607.5
2019-05-23,7880.22,8370.35625318,7862.01
2019-05-24,7999.02,9358.97181211,8020.0
2019-05-25,8064.64,3361.65325124,8077.13
2019-05-26,8733.26,8526.81164447,8769.6
2019-05-27,8770.73,8948.02467376,8798.36
2019-05-28,8717.96,6144.01124571,8707.39
2019-05-29,8663.41,7584.25785894,8637.39
2019-05-30,8277.76,15259.58792555,8311.67
2019-05-31,8547.2,9957.91006545,8547.02
2019-06-01,8556.27,5167.05130706,8563.09
2019-06-02,8734.49,4263.0361653,8715.74
2019-06-03,8103.64,9955.03261894,7967.12
2019-06-04,7665.53,15485.70215021,7685.15
2019-06-05,7785.94,9193.71188764,7778.36
2019-06-06,7806.07,8738.66635896,7814.93
2019-06-07,8001.25,9012.09615945,7988.93
2019-06-08,7932.27,4870.11556741,7950.8
2019-06-09,7632.99,3895.84810538,7596.51
2019-06-10,8021.1,7150.59429755,8038.97
2019-06-11,7919.1,5552.68803771,7928.18
2019-06-12,8176.27,8577.16249687,8170.71
2019-06-13,8238.0,7237.80039095,8261.05
2019-06-14,8697.54,8678.2503063,8704.08
2019-06-15,8857.19,5275.7530691,8846.66
2019-06-16,8974.19,15018.85335613,9034.82
2019-06-17,9333.48,12760.96069746,9360.16
2019-06-18,9078.84,11327.45394298,9110.0
2019-06-19,9278.27,4687.25984305,9299.74
2019-06-20,9534.99,7870.31583938,9550.61
2019-06-21,10222.12,12553.09963424,10138.02
2019-06-22,10661.3,13709.30032222,10697.7
2019-06-23,10831.95,7270.6458116,10785.54
2019-06-24,11029.63,8247.39381098,11084.89
2019-06-25,11751.01,12133.57175867,11739.72
2019-06-26,12920.54,37487.80242579,12861.82
2019-06-27,11153.74,36106.96055323,11043.65
2019-06-28,12354.43,18718.10158772,12305.56
2019-06-29,11858.62,12265.99736052,11916.63
2019-06-30,10760.1,12642.617722770001,10705.49
2019-07-01,10577.43,22917.43710404,10614.63
2019-07-02,10828.9,20285.24655295,10961.37
2019-07-03,11967.43,19389.85475767,12040.72
2019-07-04,11146.34,11185.29420376,11049.0
2019-07-05,10997.84,11893.437949699999,11283.97
2019-07-06,11240.0,7892.17866812,11118.11
2019-07-07,11469.96,6683.05546715,11525.74
2019-07-08,12286.14,11901.90089462,12319.68
2019-07-09,12567.23,15115.5523839,12549.22
2019-07-10,12098.95,19838.38994897,12031.93
2019-07-11,11349.24,18468.68600043,11262.34
2019-07-12,11808.91,9176.67942993,11845.0
2019-07-13,11378.79,9391.35341435,11395.04
2019-07-14,10191.87,12170.40823763,10129.16
2019-07-15,10850.0,16048.02718406,10897.77
2019-07-16,9412.81,20761.02748001,9510.11
2019-07-17,9699.35,16992.78525932,9681.8
2019-07-18,10648.6,18289.54217585,10634.77
2019-07-19,10535.43,13787.45646718,10572.7
2019-07-20,10750.11,9964.67388282,10704.97
2019-07-21,10600.24,5628.16176664,10629.19
2019-07-22,10328.83,9371.30644231,10307.67
2019-07-23,9847.02,9040.84882621,9719.29
2019-07-24,9763.67,9433.34520017,9765.2
2019-07-25,9883.96,6377.95751785,9862.36
2019-07-26,9846.94,5570.10914746,9825.0
2019-07-27,9481.37,9614.10207519,9443.68
2019-07-28,9533.19,3860.8348169,9533.12
2019-07-29,9495.39,5068.6543093,9518.2
2019-07-30,9593.62,5533.97118529,9585.27
2019-07-31,10085.34,7917.5084772,10107.9
2019-08-01,10407.71,7681.73235986,10436.45
2019-08-02,10529.51,9286.86172741,10528.83
2019-08-03,10821.52,6996.11722818,10821.99
2019-08-04,10986.96,7556.32923024,10998.59
2019-08-05,11800.0,17260.45577332,11711.51
2019-08-06,11470.0,16420.57916354,11455.33
2019-08-07,11971.57,15480.45524249,11975.62
2019-08-08,11983.43,10144.46210884,12016.23
2019-08-09,11859.32,7336.91484905,11894.62
2019-08-10,11273.2,7447.24834124,11277.76
2019-08-11,11528.73,4361.39069182,11508.94
2019-08-12,11385.11,3417.70935664,11374.4
2019-08-13,10862.28,9003.17888634,10848.13
2019-08-14,10022.99,12678.9411947,10096.56
2019-08-15,10301.44,15083.173263319999,10266.68
2019-08-16,10354.34,11080.39966131,10330.23
2019-08-17,10210.89,3907.5283984899997,10263.97
2019-08-18,10318.99,3398.41986671,10302.87
2019-08-19,10927.3,8044.02134828,10935.7
2019-08-20,10772.22,5883.59995275,10767.03
2019-08-21,10134.75,9812.62171129,10132.04
2019-08-22,10112.01,6710.30664788,10077.39
2019-08-23,10401.6,5557.29144342,10422.29
2019-08-24,10149.7,5106.55673687,10140.07
2019-08-25,10136.75,3953.39528117,10154.1
2019-08-26,10360.97,7166.67534085,10344.86
2019-08-27,10167.29,4781.3350218,10154.26
2019-08-28,9711.78,9303.15591906,9700.2
2019-08-29,9490.0,7717.10637568,9469.68
2019-08-30,9579.75,5317.3097001,9568.42
2019-08-31,9594.15,1572.15542709,9603.57
2019-09-01,9767.53,1799.36720121,9781.9
2019-09-02,10384.48,6144.79883515,10411.88
2019-09-03,10617.61,11443.53849727,10609.09
2019-09-04,10586.26,10088.7236301,10545.83
2019-09-05,10573.66,4555.62463429,10591.67
2019-09-06,10311.09,10701.50994422,10320.66
2019-09-07,10484.39,3148.50895336,10502.73
2019-09-08,10400.18,3130.86103548,10407.3
2019-09-09,10307.45,6059.76274364,10324.62
2019-09-10,10096.0,4658.92141056,10092.0
2019-09-11,10154.46,4614.34849343,10183.21
2019-09-12,10420.34,4719.04668642,10433.53
2019-09-13,10368.65,3755.41742244,10357.26
2019-09-14,10355.37,2656.15453049,10356.0
2019-09-15,10305.74,2297.72276878,10306.01
2019-09-16,10269.98,5496.03749388,10240.35
2019-09-17,10195.73,5078.59865576,10191.42
2019-09-18,10152.09,3952.00683587,10158.22
2019-09-19,10271.53,7455.91141166,10296.82
2019-09-20,10169.02,4463.38202069,10175.8
2019-09-21,9985.28,4148.89981496,9979.15
2019-09-22,10020.58,3213.9540957,10022.67
2019-09-23,9682.19,5447.96313246,9667.82
2019-09-24,8536.82,28154.41355726,8631.01
2019-09-25,8432.16,17435.8678913,8399.18
2019-09-26,8055.03,16662.32021152,8087.03
2019-09-27,8187.72,10165.85293694,8207.3
2019-09-28,8218.07,6315.48953894,8222.01
2019-09-29,8047.6,5366.5707177,8051.04
2019-09-30,8298.45,9518.99210777,8259.92
2019-10-01,8319.01,10224.59198253,8325.26
2019-10-02,8373.42,4952.5341152,8399.39
2019-10-03,8239.92,8701.12039607,8233.71
2019-10-04,8152.07,6278.78141904,8149.79
2019-10-05,8145.17,4445.10406787,8157.93
2019-10-06,7854.12,6454.53572694,7850.0
2019-10-07,8205.53,9363.32718459,8238.91
2019-10-08,8178.54,3577.72287319,8179.59
2019-10-09,8586.34,11634.19484623,8606.28
2019-10-10,8582.11,7435.43199033,8590.42
2019-10-11,8265.55,7824.58718752,8273.44
2019-10-12,8303.43,1828.83312447,8290.5
2019-10-13,8282.96,4445.28381368,8263.08
2019-10-14,8362.99,4294.6073892,8370.48
2019-10-15,8155.13,5044.66127938,8149.13
2019-10-16,7995.89,8644.40011646,7995.03
2019-10-17,8073.32,5395.88599206,8080.91
2019-10-18,7955.08,5611.09353737,7954.85
2019-10-19,7960.49,3461.12529207,7960.49
2019-10-20,8235.74,6358.92499072,8229.82
2019-10-21,8213.65,4919.73416831,8199.5
2019-10-22,8025.9,5678.93483059,8010.01
2019-10-23,7470.77,13306.18266092,7475.2
2019-10-24,7435.0,4997.4230935,7432.76
2019-10-25,8662.66,19113.79549622,8684.78
2019-10-26,9252.75,38751.80025476,9301.02
2019-10-27,9557.08,17783.02515594,9593.13
2019-10-28,9216.44,14722.01859796,9265.36
2019-10-29,9426.94,9059.61157854,9430.29
2019-10-30,9159.94,8814.43804818,9175.56
2019-10-31,9150.07,10113.15940929,9135.52
2019-11-01,9250.45,6640.55238456,9274.27
2019-11-02,9304.75,2701.13696278,9310.17
2019-11-03,9207.0,2539.21833111,9220.31
2019-11-04,9410.76,4962.44231548,9398.05
2019-11-05,9320.14,4979.57899177,9322.59
2019-11-06,9344.78,4670.23465673,9333.22
2019-11-07,9199.36,3975.97661681,9194.49
2019-11-08,8767.37,9699.74677043,8746.4
2019-11-09,8812.21,2271.51792167,8794.7
2019-11-10,9024.49,2663.27825012,9045.46
2019-11-11,8720.36,6392.97505953,8702.85
2019-11-12,8813.91,4721.90610684,8790.0
2019-11-13,8755.24,3185.82098874,8773.22
2019-11-14,8636.9,3412.80581524,8630.82
2019-11-15,8463.49,5213.70141434,8464.08
2019-11-16,8484.63,1180.57339029,8484.72
2019-11-17,8499.31,2074.00770126,8491.53
2019-11-18,8170.65,4825.65562506,8167.52
2019-11-19,8121.63,4412.39464174,8116.41
2019-11-20,8088.44,2996.00619203,8083.16
2019-11-21,7611.51,9374.99957046,7629.86
2019-11-22,7285.85,20120.14646602,7276.17
2019-11-23,7320.39,5550.47222776,7335.92
2019-11-24,6908.36,6047.01776023,6855.0
2019-11-25,7122.14,18716.60131311,7140.28
2019-11-26,7159.22,7643.84956815,7167.31
2019-11-27,7527.84,15156.9919345,7538.46
2019-11-28,7436.72,6925.58489749,7430.24
2019-11-29,7753.69,7658.8716020599995,7741.55
2019-11-30,7550.67,5446.27351349,7543.63
2019-12-01,7412.66,5477.97290774,7404.71
2019-12-02,7309.64,4324.30016255,7315.87
2019-12-03,7300.43,2552.20229834,7280.49
2019-12-04,7197.78,7737.39153487,7183.49
2019-12-05,7390.42,4641.75678879,7367.79
2019-12-06,7541.79,4167.2401632,7563.65
2019-12-07,7502.65,2034.573719,7501.51
2019-12-08,7524.26,1798.77041268,7524.76
2019-12-09,7340.52,6582.4703116499995,7319.11
2019-12-10,7216.07,4090.62092926,7231.3
2019-12-11,7207.42,3419.93896517,7226.3
2019-12-12,7188.42,4376.88899274,7194.39
2019-12-13,7257.47,3178.07849595,7256.54
2019-12-14,7059.03,2012.34890643,7050.0
2019-12-15,7115.08,1848.34572822,7124.32
2019-12-16,6882.19,5923.05547919,6881.58
2019-12-17,6612.3,7107.25638535,6599.08
2019-12-18,7286.91,12873.63439214,7347.84
2019-12-19,7149.57,5936.55634536,7159.49
2019-12-20,7194.11,3201.6639225100002,7188.97
2019-12-21,7147.4,1689.08199513,7141.58
2019-12-22,7509.7,3796.22608082,7565.94
2019-12-23,7316.17,6710.7673604,7299.8
2019-12-24,7251.52,4194.58980335,7259.72
2019-12-25,7195.79,1504.52751296,7200.31
2019-12-26,7188.3,3116.74715162,7187.68
2019-12-27,7246.0,4024.57086599,7238.57
2019-12-28,7296.24,1579.70272647,7289.0
2019-12-29,7385.54,2583.85134193,7370.03
2019-12-30,7220.24,3722.91334933,7179.89
2019-12-31,7168.36,2638.69130899,7157.2
2020-01-01,7178.68,1119.10969318,7168.1
2020-01-02,6950.56,3972.70795427,6943.69
2020-01-03,7338.91,8072.72908749,7337.62
2020-01-04,7344.48,3256.73735349,7358.82
2020-01-05,7356.7,2707.27385549,7354.23
2020-01-06,7762.74,6728.28277831,7793.14
2020-01-07,8159.01,12158.32281238,8228.13
2020-01-08,8044.44,11913.23248192,8012.54
2020-01-09,7806.78,5957.24423978,7824.3
2020-01-10,8200.0,8999.98825687,8151.89
2020-01-11,8016.22,3788.3273136000003,7986.5
2020-01-12,8180.76,2056.08675369,8155.3
2020-01-13,8105.01,4011.43909644,8117.68
2020-01-14,8813.04,17009.43193382,8745.12
2020-01-15,8809.17,8606.88339936,8841.6
2020-01-16,8710.15,6713.2584764,8724.24
2020-01-17,8892.63,9363.15892644,8877.5
2020-01-18,8908.53,3678.00926615,8901.0
2020-01-19,8696.6,8785.449927,8724.84
2020-01-20,8625.17,4420.19825219,8619.59
2020-01-21,8717.89,3394.68916005,8725.13
2020-01-22,8655.93,3143.81212331,8656.9
2020-01-23,8378.44,8611.0107876,8375.97
2020-01-24,8422.13,6430.43023326,8419.21
2020-01-25,8329.5,2812.78995216,8315.0
2020-01-26,8590.48,6340.58577579,8602.64
2020-01-27,8894.54,9619.7747426,8902.85
2020-01-28,9400.0,9565.55935515,9403.9
2020-01-29,9289.18,6481.91594603,9298.45
2020-01-30,9500.0,7945.15877894,9489.78
2020-01-31,9327.85,5009.62230695,9340.56
2020-02-01,9377.17,1669.00246242,9374.92
2020-02-02,9329.39,3015.79158859,9297.06
2020-02-03,9288.09,4758.13350441,9299.3
2020-02-04,9159.37,4867.22545881,9150.18
2020-02-05,9618.42,8063.96793828,9633.62
2020-02-06,9754.63,7554.48867469,9773.49
2020-02-07,9803.42,4013.49096731,9803.96
2020-02-08,9902.0,3268.73554695,9895.68
2020-02-09,10173.97,4830.33787739,10175.21
2020-02-10,9850.01,7560.66789084,9822.91
2020-02-11,10268.98,8127.59636283,10293.23
2020-02-12,10348.78,6553.40942709,10339.78
2020-02-13,10228.67,9347.45128374,10245.58
2020-02-14,10364.04,6190.37749036,10376.3
2020-02-15,9899.78,5762.30634481,9877.62
2020-02-16,9912.89,4133.47675014,9942.19
2020-02-17,9697.15,5913.20492551,9661.3
2020-02-18,10185.17,6754.35394103,10170.0
2020-02-19,9595.72,9936.8206814,9624.53
2020-02-20,9612.76,6608.4910792,9589.42
2020-02-21,9696.13,4271.47074293,9680.08
2020-02-22,9668.13,2096.56353593,9665.71
2020-02-23,9965.21,3329.22433648,9948.69
2020-02-24,9652.58,5877.00770771,9646.01
2020-02-25,9305.4,6280.00295543,9335.49
2020-02-26,8779.36,11564.19794381,8754.64
2020-02-27,8816.5,9273.9036636,8789.57
2020-02-28,8703.84,6546.98122765,8745.64
2020-02-29,8527.74,2338.06785643,8569.18
2020-03-01,8528.95,4156.57173933,8489.65
2020-03-02,8917.34,6186.86088929,8888.88
2020-03-03,8755.45,4629.97228611,8750.0
2020-03-04,8753.28,3353.2325223,8778.09
2020-03-05,9066.65,6448.68567336,9069.32
2020-03-06,9153.79,4136.42339429,9142.09
2020-03-07,8893.93,2805.5915714,8869.21
2020-03-08,8033.7,9068.89040196,8119.97
2020-03-09,7936.25,12177.39425093,7940.39
2020-03-10,7885.92,8274.9537573,7886.5
2020-03-11,7934.57,7289.61145281,7966.53
2020-03-12,4841.67,58513.38918903,4877.0
2020-03-13,5622.74,54419.64133553,5575.0
2020-03-14,5169.37,15370.8681496,5111.05
2020-03-15,5343.64,16589.303863780002,5238.32
2020-03-16,5033.42,34905.46359769,5042.66
2020-03-17,5324.99,17517.84242049,5363.01
2020-03-18,5406.92,22559.23112903,5459.36
2020-03-19,6181.18,24783.73487365,6258.93
2020-03-20,6210.14,30082.50248252,6078.06
2020-03-21,6187.78,11796.72656887,6159.36
2020-03-22,5813.15,10813.38456907,5809.7
2020-03-23,6493.51,19053.80456405,6595.32
2020-03-24,6768.64,19719.09402414,6710.32
2020-03-25,6692.22,16675.73512097,6745.66
2020-03-26,6760.72,7393.70723365,6810.91
2020-03-27,6376.03,10816.28556504,6242.92
2020-03-28,6253.08,11613.49398164,6229.32
2020-03-29,5870.9,9298.9390511,5856.0
2020-03-30,6407.77,14974.444163,6438.96
2020-03-31,6421.14,6342.29832651,6430.86
2020-04-01,6652.07,11319.14793815,6725.92
2020-04-02,6801.99,17212.82067331,6785.0
2020-04-03,6742.57,10570.10640235,6719.67
2020-04-04,6879.61,6018.51563233,6874.73
2020-04-05,6775.2,3981.97692417,6777.97
2020-04-06,7352.43,13683.03789416,7375.73
2020-04-07,7202.73,11669.014265239999,7190.28
2020-04-08,7367.36,8720.21050049,7342.54
2020-04-09,7293.93,8324.9217727,7288.79
2020-04-10,6877.03,10727.86685616,6880.0
2020-04-11,6883.18,3326.67476213,6903.29
2020-04-12,6908.24,7264.51928043,6838.95
2020-04-13,6864.22,10837.57453223,6897.13
2020-04-14,6879.75,7275.68657382,6827.84
2020-04-15,6619.0,8109.73234254,6548.16
2020-04-16,7111.67,15726.69637377,7143.08
2020-04-17,7024.19,8539.61835086,7050.0
2020-04-18,7262.26,5102.50261952,7244.94
2020-04-19,7126.4,4662.19209244,7109.91
2020-04-20,6841.0,11365.00931766,6836.75
2020-04-21,6854.98,5570.95619043,6861.54
2020-04-22,7137.79,6273.40631495,7119.57
2020-04-23,7484.58,14779.54814354,7525.33
2020-04-24,7505.53,7357.10670681,7485.78
2020-04-25,7547.56,3800.82773036,7547.56
2020-04-26,7701.73,5247.54081807,7742.56
2020-04-27,7786.41,6878.02253788,7758.6
2020-04-28,7767.79,7248.9559695,7772.33
2020-04-29,8790.32,26396.09715679,8751.29
2020-04-30,8627.32,24057.73933525,8640.56
2020-05-01,8832.44,11379.68574201,8795.72
2020-05-02,8983.79,5524.26706572,8989.1
2020-05-03,8915.98,9218.274909,8919.83
2020-05-04,8882.87,10018.97499887,8922.42
2020-05-05,9034.85,9592.13446226,9017.59
2020-05-06,9154.32,15110.941813290001,9097.14
2020-05-07,10000.0,25012.90031203,9898.57
2020-05-08,9801.35,19203.48379461,9780.0
2020-05-09,9546.56,11278.63371513,9475.73
2020-05-10,8731.17,31639.42874341,8773.92
2020-05-11,8571.98,34465.18657226,8578.79
2020-05-12,8825.46,14010.261205499999,8830.83
2020-05-13,9315.5,12762.85161682,9341.27
2020-05-14,9793.5,19936.18545561,9825.94
2020-05-15,9306.21,17324.14460144,9266.6
2020-05-16,9389.07,6170.09609719,9361.19
2020-05-17,9665.7,9515.79358021,9721.44
2020-05-18,9721.91,12362.32763823,9640.43
2020-05-19,9787.65,12149.68534917,9780.91
2020-05-20,9516.51,12351.42817701,9494.11
2020-05-21,9062.47,16879.82890788,9032.61
2020-05-22,9171.96,7261.28419694,9171.86
2020-05-23,9183.46,3477.27850858,9164.65
2020-05-24,8718.77,8855.47763284,8755.0
2020-05-25,8903.56,8919.92378955,8909.78
2020-05-26,8840.91,5923.00523696,8853.04
2020-05-27,9210.0,6867.67101935,9197.6
2020-05-28,9577.38,11523.40889483,9591.03
2020-05-29,9421.04,7226.77389995,9413.38
2020-05-30,9705.1,6781.84196225,9672.19
2020-05-31,9446.19,5697.99838373,9427.29
2020-06-01,10203.64,12109.14149664,10185.17
2020-06-02,9525.73,22725.11942099,9510.0
2020-06-03,9668.99,6928.76322878,9660.56
2020-06-04,9791.92,8938.7688887,9818.48
2020-06-05,9619.99,7157.37095675,9585.51
2020-06-06,9669.85,4047.26924742,9660.91
2020-06-07,9750.04,6762.65158822,9776.54
2020-06-08,9783.0,5379.07801648,9836.66
2020-06-09,9776.84,6922.79788471,9765.42
2020-06-10,9894.32,7107.20140335,9892.01
2020-06-11,9264.26,16389.44455357,9242.39
2020-06-12,9463.07,6934.13533535,9470.21
2020-06-13,9473.46,2938.68222067,9468.11
2020-06-14,9329.99,3477.25235863,9315.17
2020-06-15,9435.15,11765.1135339,9435.52
2020-06-16,9530.3,6864.21822439,9517.19
2020-06-17,9461.29,5902.36636044,9442.41
2020-06-18,9374.78,3997.01284654,9372.63
2020-06-19,9304.32,5305.9077191,9306.33
2020-06-20,9355.46,3071.79384829,9367.68
2020-06-21,9283.03,1435.21189641,9285.34
2020-06-22,9683.12,6615.64540882,9700.0
2020-06-23,9622.81,4866.11470545,9628.15
2020-06-24,9286.06,10072.57541802,9273.12
2020-06-25,9239.48,8701.2461746,9222.93
2020-06-26,9158.26,7912.38375487,9139.01
2020-06-27,9009.3,4399.67602419,8995.95
2020-06-28,9118.01,3231.85728086,9115.86
2020-06-29,9188.88,4942.72533003,9194.92
2020-06-30,9132.96,2781.63125132,9111.38
2020-07-01,9233.38,4321.56559235,9241.4
2020-07-02,9092.92,6866.04897352,9070.18
2020-07-03,9063.08,3510.00353809,9051.73
2020-07-04,9138.52,2180.37237178,9143.55
2020-07-05,9076.82,3067.87780852,9077.71
2020-07-06,9348.22,5361.35284949,9342.74
2020-07-07,9257.16,4702.82565367,9256.92
2020-07-08,9437.16,6275.54666358,9437.78
2020-07-09,9234.9,4575.44853951,9217.31
2020-07-10,9283.53,3910.32678996,9289.91
2020-07-11,9238.3,1453.16535935,9237.63
2020-07-12,9306.17,2037.15363045,9296.11
2020-07-13,9233.1,3875.17319052,9223.64
2020-07-14,9251.59,4479.91060569,9262.87
2020-07-15,9190.07,3810.04841103,9183.85
2020-07-16,9132.87,5541.85389383,9134.61
2020-07-17,9156.5,3593.49712953,9155.7
2020-07-18,9177.43,1358.28531978,9179.02
2020-07-19,9211.99,1585.39916859,9214.05
2020-07-20,9162.43,3064.80739401,9163.22
2020-07-21,9391.25,5559.47430975,9392.11
2020-07-22,9539.51,5520.76262356,9530.85
2020-07-23,9617.2,10413.94384743,9612.67
2020-07-24,9547.91,8012.90509154,9546.17
2020-07-25,9710.98,5065.44989566,9697.27
2020-07-26,9944.65,9090.21430682,9956.18
2020-07-27,11046.19,27736.83221358,11155.23
2020-07-28,10939.27,17062.37380128,10973.65
2020-07-29,11111.17,12452.86303565,11006.02
2020-07-30,11112.12,10456.84804792,11136.15
2020-07-31,11356.74,10417.50746157,11397.7
2020-08-01,11817.49,11195.80752332,11834.75
2020-08-02,11071.66,12656.41102944,10971.1
2020-08-03,11236.39,6984.67078032,11264.58
2020-08-04,11192.42,5522.11051757,11203.95
2020-08-05,11755.24,7514.79142531,11779.24
2020-08-06,11770.08,9855.99436305,11771.44
2020-08-07,11600.85,10503.36174678,11570.48
2020-08-08,11776.9,3983.74888665,11786.64
2020-08-09,11683.03,2649.48917649,11698.06
2020-08-10,11895.12,7701.72806914,11907.73
2020-08-11,11392.64,10470.68807136,11373.06
2020-08-12,11565.35,5668.60180464,11589.82
2020-08-13,11793.26,6839.55121466,11845.0
2020-08-14,11779.77,5526.79649808,11799.9
2020-08-15,11852.2,3983.17592982,11860.36
2020-08-16,11914.02,2494.17000289,11913.74
2020-08-17,12298.38,9778.32856833,12322.47
2020-08-18,11958.1,8818.18784117,11964.82
2020-08-19,11757.55,9401.50118445,11761.29
2020-08-20,11859.37,4191.75792092,11874.94
2020-08-21,11531.74,6391.17972721,11517.55
2020-08-22,11667.7,3401.42192253,11694.02
2020-08-23,11644.65,1632.87091819,11628.42
2020-08-24,11761.8,2887.05808264,11760.05
2020-08-25,11328.88,7073.69374623,11322.94
2020-08-26,11469.3,4273.08016903,11470.86
2020-08-27,11330.0,7796.15569663,11300.29
2020-08-28,11536.58,6046.49746388,11530.22
2020-08-29,11471.71,2095.93600275,11469.56
2020-08-30,11708.97,2328.65701886,11730.03
2020-08-31,11655.0,4534.21810201,11653.77
2020-09-01,11923.96,7960.82238043,11946.7
2020-09-02,11398.44,13056.07287751,11371.81
2020-09-03,10160.0,18554.73121203,10142.29
2020-09-04,10456.32,17415.36005733,10474.63
2020-09-05,10167.19,12165.47308504,10133.75
2020-09-06,10260.17,5121.25180431,10261.58
2020-09-07,10377.14,8725.09203962,10380.0
2020-09-08,10123.96,10560.87470567,10092.21
2020-09-09,10232.8,5872.2195124,10249.73
2020-09-10,10342.59,10223.19117775,10365.5
2020-09-11,10393.04,5245.7424448599995,10383.52
2020-09-12,10443.33,2509.23983418,10435.59
2020-09-13,10334.78,4325.10556518,10316.22
2020-09-14,10675.15,7325.23245633,10697.66
2020-09-15,10783.83,6456.66295267,10770.87
2020-09-16,10951.54,8300.239832019999,10936.31
2020-09-17,10940.47,5525.71740992,10953.92
2020-09-18,10931.2,4398.92439287,10933.73
2020-09-19,11077.22,2253.35153789,11066.55
2020-09-20,10923.5,3250.01749577,10898.98
2020-09-21,10411.29,9948.02125053,10383.56
2020-09-22,10534.31,4800.59855196,10531.18
2020-09-23,10233.42,5711.36066207,10221.72
2020-09-24,10744.02,6703.91881646,10752.12
2020-09-25,10689.81,6346.72379355,10685.93
2020-09-26,10729.09,2550.31630347,10727.14
2020-09-27,10780.66,2286.86162473,10860.65
2020-09-28,10689.48,4991.57062725,10691.7
2020-09-29,10836.42,4029.39173043,10841.85
2020-09-30,10778.22,4304.6226949,10811.1
2020-10-01,10622.71,8678.34728292,10592.45
2020-10-02,10578.54,8333.45852437,10554.5
2020-10-03,10553.66,1134.79775814,10536.84
2020-10-04,10669.63,1057.77530355,10678.9
2020-10-05,10795.0,3618.01529204,10790.65
2020-10-06,10606.33,4800.69513633,10600.32
2020-10-07,10669.14,5560.24913562,10662.5
2020-10-08,10925.2,6969.04085121,10939.27
2020-10-09,11052.0,5355.33959365,11066.79
2020-10-10,11301.2,3270.37027031,11313.41
2020-10-11,11372.93,2177.65085818,11372.13
2020-10-12,11535.98,7088.22778528,11514.86
2020-10-13,11427.98,5097.96082433,11423.41
2020-10-14,11428.84,3788.25075923,11418.91
2020-10-15,11511.11,4864.42955616,11481.81
2020-10-16,11321.86,4309.22448566,11319.12
2020-10-17,11365.8,1124.42019876,11353.39
2020-10-18,11519.97,1047.16869132,11519.97
2020-10-19,11764.14,5459.93398846,11747.71
2020-10-20,11921.11,5859.83732437,11907.92
2020-10-21,12802.67,20093.61486293,12874.89
2020-10-22,12983.26,9277.56218571,12934.34
2020-10-23,12941.59,4996.39791976,12930.0
2020-10-24,13122.73,2820.82333324,13112.07
2020-10-25,13039.09,3658.60280875,13019.66
2020-10-26,13066.73,5725.19571956,13081.75
2020-10-27,13647.9,11242.75450774,13657.29
2020-10-28,13274.73,10670.86461819,13276.73
2020-10-29,13468.44,8894.95694501,13448.59
2020-10-30,13562.13,8981.11986042,13557.66
2020-10-31,13816.08,6337.39292768,13824.26
2020-11-01,13762.0,2534.0858149700002,13793.47
2020-11-02,13563.72,7065.41110933,13540.41
2020-11-03,14041.58,7225.86635614,14005.9
2020-11-04,14160.59,10926.32680544,14213.05
2020-11-05,15605.04,18422.63186045,15547.87
2020-11-06,15598.09,13479.46706771,15621.67
2020-11-07,14838.97,10933.92419186,14801.33
2020-11-08,15489.15,5046.49916395,15516.61
2020-11-09,15332.04,14466.07953692,15316.3
2020-11-10,15313.65,8966.48171393,15304.32
2020-11-11,15707.89,10013.26427187,15655.8
2020-11-12,16300.0,16261.47118864,16325.0
2020-11-13,16335.58,7843.22421583,16315.76
2020-11-14,16086.34,5046.32670498,16078.74
2020-11-15,15975.49,3225.70533016,15950.51
2020-11-16,16724.62,7511.71484029,16748.07
2020-11-17,17680.63,9824.73852957,17699.56
2020-11-18,17785.95,15717.92072069,17772.2
2020-11-19,17825.47,10506.69646215,17884.16
2020-11-20,18687.65,10020.01351326,18683.38
2020-11-21,18725.0,5937.50536305,18678.62
2020-11-22,18435.2,6417.21771734,18445.75
2020-11-23,18383.35,9412.08722183,18332.49
2020-11-24,19160.85,13262.83116668,19203.68
2020-11-25,18732.43,8962.62225501,18642.28
2020-11-26,17160.09,21424.98655676,17128.27
2020-11-27,17154.39,8964.83242941,17098.95
2020-11-28,17741.79,4471.52202455,17730.01
2020-11-29,18192.03,3736.1591794,18278.25
2020-11-30,19700.19,10612.67092499,19608.7
2020-12-01,18771.43,11799.58943351,18663.5
2020-12-02,19226.55,6749.36401948,19264.57
2020-12-03,19448.4,6196.52507218,19433.7
2020-12-04,18673.76,6261.69674357,18581.97
2020-12-05,19162.16,2376.72322359,19256.23
2020-12-06,19380.58,2503.4542629,19402.65
2020-12-07,19173.5,4323.27044132,19157.38
2020-12-08,18316.43,5979.96623279,18266.58
2020-12-09,18556.64,8906.94524733,18534.83
2020-12-10,18250.3,6784.45549144,18235.51
2020-12-11,18040.02,6687.92267389,18120.29
2020-12-12,18815.63,3515.32704607,18851.82
2020-12-13,19162.36,4251.96121032,19127.08
2020-12-14,19274.33,3618.37690457,19258.98
2020-12-15,19434.87,6750.77219425,19443.01
2020-12-16,21365.7,14974.62184371,21405.0
2020-12-17,22814.24,22626.69253048,22761.53
2020-12-18,23136.14,11360.33890442,23095.62
2020-12-19,23842.99,8672.0376961,23763.71
2020-12-20,23470.85,5095.96264009,23417.07
2020-12-21,22732.01,12675.12801873,22760.95
2020-12-22,23835.1,9367.60948339,23757.44
2020-12-23,23247.71,11541.96937133,23093.96
2020-12-24,23726.28,7185.48205493,23777.76
2020-12-25,24705.15,6469.22897257,24576.1
2020-12-26,26466.28,7491.46184626,26576.61
2020-12-27,26259.6,13234.33412894,26133.7
2020-12-28,27037.91,7987.77761059,26966.86
2020-12-29,27370.0,9577.27829174,27506.64
2020-12-30,28881.3,11741.7333812,29053.85
2020-12-31,28992.79,9477.67661813,29045.19
2021-01-01,29402.64,8781.46555456,29297.76
2021-01-02,32216.53,17867.8788985,32230.48
2021-01-03,33097.83,14160.5812801,33036.07
2021-01-04,32005.88,22446.94000548,32246.38
2021-01-05,34039.05,14806.49650719,33940.14
2021-01-06,36849.94,19219.28788972,36806.72
2021-01-07,39510.49,23102.26120863,39554.73
2021-01-08,40667.07,22183.95174233,40946.05
2021-01-09,40239.06,8535.84731272,40463.22
2021-01-10,38173.73,16218.9974052,37741.09
2021-01-11,35455.58,40786.96425433,35187.0
2021-01-12,34035.02,18267.87445007,33609.8
2021-01-13,37393.49,13662.38751261,37846.59
2021-01-14,39134.35,10923.5047334,39333.21
2021-01-15,36756.57,13499.11727006,37230.9
2021-01-16,36000.0,7688.58269814,35760.91
2021-01-17,35819.25,6821.71255949,35621.72
2021-01-18,36616.95,6251.2145414,36856.32
2021-01-19,35917.62,6578.85825052,35946.7
2021-01-20,35496.91,12160.46753333,35382.59
2021-01-21,30818.18,21214.6412581,30439.27
2021-01-22,32992.06,17019.5834508,32653.15
2021-01-23,32117.49,5255.74586786,31801.12
2021-01-24,32288.83,4658.70962563,32249.82
2021-01-25,32261.22,10038.75547087,32216.62
2021-01-26,32504.53,11554.91101117,32367.82
2021-01-27,30424.62,22403.70666206,30421.87
2021-01-28,33484.87,17879.35697563,33767.33
2021-01-29,34249.64,31439.61903418,34620.93
2021-01-30,34323.0,7281.28566632,34318.43
2021-01-31,33141.38,4750.12315608,32884.18
2021-02-01,33532.74,8374.05662032,33552.3
2021-02-02,35522.16,7225.86501969,35471.07
2021-02-03,37691.63,8777.33287657,37904.48
2021-02-04,36996.32,11762.80234811,37032.22
2021-02-05,38320.0,5211.97488137,38556.27
2021-02-06,39282.1,8635.66020711,39166.99
2021-02-07,38858.39,5973.24016085,38976.04
2021-02-08,46416.45,19053.71343569,47167.75
2021-02-09,46505.2,12505.08248337,46387.1
2021-02-10,44854.63,9483.3289564,44732.94
2021-02-11,47981.48,9390.81635484,48350.0
2021-02-12,47395.84,5970.13590277,47499.87
2021-02-13,47228.48,4271.67215148,47149.87
2021-02-14,48662.5,5201.6939256,48761.53
2021-02-15,47942.57,6924.33408866,47904.86
2021-02-16,49166.53,8376.07608814,49426.88
2021-02-17,52174.28,9571.64796874,52309.62
2021-02-18,51579.54,6330.14291878,51671.61
2021-02-19,55988.58,9229.78250415,56156.53
2021-02-20,55936.04,5187.25046252,55739.19
2021-02-21,57492.91,3562.96950963,57316.99
2021-02-22,54173.65,17002.83273081,53579.68
2021-02-23,48887.93,17766.39814895,48653.24
2021-02-24,49754.0,8774.36674339,49952.32
2021-02-25,47088.58,7920.69294708,46924.4
2021-02-26,46314.83,8126.22740854,46590.23
2021-02-27,46109.98,3071.56836645,45715.41
2021-02-28,45240.96,6668.91811403,45120.64
2021-03-01,49629.33,8512.7594378,49847.43
2021-03-02,48516.35,4945.78880692,48304.87
2021-03-03,50379.68,6151.4871525,50293.93
2021-03-04,48360.5,5641.61213573,47763.66
2021-03-05,48739.21,5219.24690875,49034.17
2021-03-06,48904.63,2141.06029528,49066.25
2021-03-07,50967.3,2818.44991057,51319.75
2021-03-08,52427.8,4419.56113432,52354.02
2021-03-09,54929.02,5428.89224399,54869.08
2021-03-10,55852.29,6916.27818124,55687.39
2021-03-11,57772.09,6640.48776529,57945.61
2021-03-12,57271.04,5232.31057076,56797.77
2021-03-13,61165.19,6187.83400169,61202.11
2021-03-14,59016.39,3274.12215493,59143.68
2021-03-15,55644.37,7725.21404982,55805.04
2021-03-16,56908.34,7733.22669474,57005.31
2021-03-17,58901.8,5840.07702599,59237.61
2021-03-18,57648.05,5516.46389423,57681.09
2021-03-19,58072.0,3523.4823315099998,58020.43
2021-03-20,58138.39,2382.94564802,58076.28
2021-03-21,57381.79,3628.79780904,57178.69
2021-03-22,54070.92,6566.96696309,54058.76
2021-03-23,54361.57,4996.46365198,54606.02
2021-03-24,52287.52,6867.5643368,52361.5
2021-03-25,51326.11,6682.61740401,51889.0
2021-03-26,55081.37,4874.25111496,55326.3
2021-03-27,55839.42,2609.96757961,55926.9
2021-03-28,55790.92,2073.4491914,55768.63
2021-03-29,57600.1,5360.42566319,57626.63
2021-03-30,58760.59,3392.3386191600002,58780.12
2021-03-31,58782.58,4595.25252072,59119.53
2021-04-01,58728.53,2786.58091029,58652.93
2021-04-02,59003.6,2564.6000207,58974.54
2021-04-03,57064.42,1663.26835296,56820.24
2021-04-04,58212.18,1440.63181986,58293.3
2021-04-05,59125.0,2402.43713513,59156.21
2021-04-06,58018.3,2711.39784733,57954.85
2021-04-07,55932.83,5454.57661606,55885.32
2021-04-08,58096.6,4586.80685854,58093.38
2021-04-09,58109.56,2660.64809651,58068.98
2021-04-10,59766.93,3917.95081704,59707.85
2021-04-11,59979.26,1822.72044967,60255.52
2021-04-12,59831.66,3707.43645474,59888.71
2021-04-13,63564.48,5711.52676941,63655.17
2021-04-14,62986.09,6002.89354304,63214.16
2021-04-15,63239.19,3433.44934498,63288.81
2021-04-16,61436.24,5778.81668659,61528.41
2021-04-17,60032.29,3091.48365756,60193.89
2021-04-18,56280.6,12869.85937399,56057.73
2021-04-19,55694.55,5791.23906226,55379.25
2021-04-20,56503.19,5863.88283884,56574.32
2021-04-21,53806.24,4578.25708723,53804.38
2021-04-22,51683.95,7838.95634691,51525.06
2021-04-23,51176.65,11649.31918465,50819.9
2021-04-24,50118.94,3445.13658315,50203.49
2021-04-25,49128.43,4167.43570798,48823.01
2021-04-26,54073.41,6046.79682802,54006.55
2021-04-27,55091.39,4111.12521596,55140.79
2021-04-28,54901.97,4542.50992013,54806.59
2021-04-29,53593.97,4172.67670698,53633.41
2021-04-30,57775.27,4809.18204712,57864.17
2021-05-01,57851.91,2248.55545142,57901.92
2021-05-02,56622.66,1887.08427188,56610.88
2021-05-03,57222.37,3636.51735676,57018.92
2021-05-04,53236.84,5747.19401914,53547.09
2021-05-05,57509.93,5504.55788108,57496.56
2021-05-06,56447.39,5144.23317131,56234.1
2021-05-07,57381.73,4234.70954424,57625.47
2021-05-08,58984.75,2928.99345356,58921.16
2021-05-09,58305.24,2589.62561937,58262.52
2021-05-10,55880.72,6589.4271403,55624.89
2021-05-11,56763.7,4203.16906929,57005.95
2021-05-12,49386.56,6367.35410217,47000.0
2021-05-13,49694.96,9096.38363317,50007.55
2021-05-14,49880.43,4011.0819038,50124.62
2021-05-15,46708.89,3613.92837843,47224.56
2021-05-16,46444.75,5750.08326356,46385.97
2021-05-17,43593.39,12262.722681019999,43581.9
2021-05-18,42877.75,6275.91387222,42590.24
2021-05-19,36780.43,32468.86397019,37066.85
2021-05-20,40640.9,14703.03041947,40880.7
2021-05-21,37335.16,13106.84060164,37375.18
2021-05-22,37500.54,5720.00562166,36859.57
2021-05-23,34706.79,9376.29208573,35266.61
2021-05-24,38839.86,10213.18324641,38998.25
2021-05-25,38397.72,5765.3472603,38640.39
2021-05-26,39309.56,4205.61283515,39242.3
2021-05-27,38503.47,4113.43820958,38137.52
2021-05-28,35692.46,6167.02059154,35743.94
2021-05-29,34632.08,4457.16762006,34321.53
2021-05-30,35677.72,2979.71977699,35899.49
2021-05-31,37341.41,4383.79233382,37638.63
2021-06-01,36693.3,4348.7544836,36589.34
2021-06-02,37589.36,4270.10341121,37863.89
2021-06-03,39219.88,4058.94293164,39065.27
2021-06-04,36887.32,5786.18608707,36741.23
2021-06-05,35532.14,4106.34880652,35483.57
2021-06-06,35808.85,2526.73361997,35732.65
2021-06-07,33582.62,4913.0402250199995,33738.51
2021-06-08,33411.69,9044.64846998,33436.34
2021-06-09,37400.0,8539.5873422,37397.29
2021-06-10,36707.54,5761.7248874,36501.72
2021-06-11,37341.11,3741.23051559,37167.99
2021-06-12,35542.76,3727.9523535,35441.0
2021-06-13,39013.76,3601.91766642,39028.35
2021-06-14,40532.79,6281.28059699,40310.0
2021-06-15,40171.47,4078.8019744,40058.58
2021-06-16,38353.99,4008.51296381,38297.05
2021-06-17,38097.68,3569.2526164,38005.52
2021-06-18,35840.0,4240.40486721,35742.49
2021-06-19,35507.06,3129.33472247,35604.8
2021-06-20,35589.77,3958.11811992,35516.74
2021-06-21,31634.16,8580.06222043,31528.41
2021-06-22,32545.26,9778.51694548,32316.95
2021-06-23,33652.28,5855.58129399,33614.66
2021-06-24,34649.32,4725.82718452,34771.71
2021-06-25,31597.75,5099.26353351,31336.54
2021-06-26,32269.38,3300.16005776,32135.45
2021-06-27,34699.5,3260.56534452,34730.13
2021-06-28,34487.11,3369.99371686,34614.38
2021-06-29,35907.93,3179.50783988,35854.18
2021-06-30,35037.23,3381.0453953,34997.82
2021-07-01,33564.21,3118.76325902,33581.51
2021-07-02,33811.56,2086.83881625,33800.58
2021-07-03,34688.3,1244.49692391,34662.28
2021-07-04,35289.21,1204.00371528,34959.31
2021-07-05,33704.21,2254.35340918,33757.61
2021-07-06,34244.09,2386.50511711,34214.42
2021-07-07,33882.47,1540.04244824,33825.59
2021-07-08,32898.79,2945.85492495,32792.36
2021-07-09,33826.43,1636.57507041,33869.67
2021-07-10,33517.6,1442.42483187,33515.58
2021-07-11,34258.53,1635.01765874,34336.14
2021-07-12,33105.0,1879.53733471,32947.99
2021-07-13,32728.0,1870.57403303,32777.55
2021-07-14,32823.55,2753.09806091,32808.24
2021-07-15,31848.65,2470.21303625,31720.0
2021-07-16,31388.17,1912.46866725,31415.98
2021-07-17,31529.68,1550.07201059,31540.14
2021-07-18,31776.65,1256.54606075,31732.99
2021-07-19,30829.29,2506.27744084,30757.08
2021-07-20,29786.58,3413.2420645400002,29735.67
2021-07-21,32138.45,4842.16399723,31974.08
2021-07-22,32300.88,2392.46948134,32395.8
2021-07-23,33684.17,1976.38421775,33599.5
2021-07-24,34301.78,1440.46627864,34303.98
2021-07-25,35428.28,2063.49425027,35384.37
2021-07-26,37291.24,8840.39875048,37217.29
2021-07-27,39475.41,5896.66715588,39289.07
2021-07-28,40036.32,3943.47800378,39857.36
2021-07-29,40037.51,2306.03838571,39960.2
2021-07-30,42234.89,3651.71579023,41939.34
2021-07-31,41490.13,1507.86822076,41354.14
2021-08-01,39839.0,2042.01706796,39951.19
2021-08-02,39165.55,2407.96526999,38996.22
2021-08-03,38177.07,3279.64493738,38117.66
2021-08-04,39741.12,4080.83535873,39725.19
2021-08-05,40894.67,5804.4070686,40927.59
2021-08-06,42856.59,2937.38483944,42772.89
2021-08-07,44612.94,4886.93838098,44515.95
2021-08-08,43858.42,3647.1306298,43793.71
2021-08-09,46292.89,4961.58828106,46349.6
2021-08-10,45609.7,2390.08850832,45532.23
2021-08-11,45539.85,2606.12636675,45623.2
2021-08-12,44444.45,2463.50628392,44578.95
2021-08-13,47860.58,2934.74203072,47732.14
2021-08-14,47119.73,1908.9514115299999,47182.82
2021-08-15,47028.3,1726.79562797,47071.59
2021-08-16,45930.51,2410.15099528,45892.11
2021-08-17,44694.35,3286.2732645,44863.11
2021-08-18,44721.13,2247.93415783,44818.21
2021-08-19,46764.3,2776.2376849,46796.57
2021-08-20,49356.0,2815.55159523,49325.83
2021-08-21,48884.34,1768.24156609,48858.97
2021-08-22,49301.86,985.76533304,49408.54
2021-08-23,49561.37,2419.86814706,49532.06
2021-08-24,47731.33,2217.80305724,47839.22
2021-08-25,49011.75,1902.72053396,49113.03
2021-08-26,46856.29,2091.1098261,46932.75
2021-08-27,49100.49,1943.55725598,49167.19
2021-08-28,48935.36,692.70588551,48883.38
2021-08-29,48808.72,1044.48189034,48719.79
2021-08-30,47003.44,1676.48255108,46991.43
2021-08-31,47156.09,2239.1677032000002,47000.0
2021-09-01,48853.49,2194.6300788,48753.36
2021-09-02,49274.79,2267.93197524,49346.29
2021-09-03,50025.04,2226.78294854,49946.24
2021-09-04,49943.16,869.28839285,49958.05
2021-09-05,51809.28,986.487083,51816.62
2021-09-06,52708.2,2057.32862241,52731.06
2021-09-07,46866.82,6811.92218815,46698.27
2021-09-08,46091.94,3309.09834404,46148.07
2021-09-09,46392.81,2595.98696952,46515.37
2021-09-10,44857.38,2392.57110617,44777.49
2021-09-11,45176.66,906.80620376,45139.09
2021-09-12,46035.0,1015.76215832,46160.39
2021-09-13,44974.34,2308.42207379,44967.71
2021-09-14,47103.18,1643.95662405,47064.43
2021-09-15,48150.94,1307.24871087,48125.11
2021-09-16,47760.64,1886.04173385,47735.62
2021-09-17,47305.18,1558.52317573,47304.5
2021-09-18,48326.74,1452.50623073,48389.52
2021-09-19,47245.25,999.59599085,47219.61
2021-09-20,43035.99,4240.48541968,42807.07
2021-09-21,40596.54,5961.58790269,40979.9
2021-09-22,43589.53,3040.94514066,43466.92
2021-09-23,44903.5,2317.75578384,44936.76
2021-09-24,42848.5,4348.92828394,42723.51
2021-09-25,42722.19,879.19677382,42745.8
2021-09-26,43204.73,1659.78466242,43209.07
2021-09-27,42189.81,1936.64957217,42096.59
2021-09-28,41049.0,2246.85357977,41141.89
2021-09-29,41542.9,1804.77808474,41483.09
2021-09-30,43834.43,2614.50420927,43980.52
2021-10-01,48171.86,3446.87226506,48213.78
2021-10-02,47685.8,1361.84402667,47818.62
2021-10-03,48235.93,1164.6029687,48259.62
2021-10-04,49242.14,2737.78053315,49143.04
2021-10-05,51501.19,2206.59644303,51395.13
2021-10-06,55345.79,4441.90271751,55203.45
2021-10-07,53787.6,2349.70121453,53843.52
2021-10-08,53957.21,2217.75513685,53843.96
2021-10-09,54976.92,1061.02324334,54925.86
2021-10-10,54714.95,1735.42193508,54627.69
2021-10-11,57485.2,1955.78560334,57265.23
2021-10-12,55995.49,3224.83970306,55916.39
2021-10-13,57374.55,3359.69683046,57452.61
2021-10-14,57371.58,1879.45401231,57264.9
2021-10-15,61657.35,4205.4230703,61552.31
2021-10-16,60870.26,1263.44800176,60705.0
2021-10-17,61538.97,1261.12996084,61558.48
2021-10-18,62034.65,5754.5518416,61869.08
2021-10-19,64241.61,3253.73979225,64252.65
2021-10-20,65990.31,3070.68430005,65909.6
2021-10-21,62219.44,3891.52853281,62462.57
2021-10-22,60702.68,3159.42528548,60571.12
2021-10-23,61338.76,1056.07965827,61316.65
2021-10-24,60910.16,1204.84773547,60742.65
2021-10-25,63101.43,1730.14621615,62967.57
2021-10-26,60328.22,1965.54522515,60304.87
2021-10-27,58465.9,3479.73809611,58692.36
2021-10-28,60592.76,3769.75506439,60517.1
2021-10-29,62301.59,3884.64236172,62189.98
2021-10-30,61932.3,1542.31917477,62149.8
2021-10-31,61359.44,1548.12901591,61270.4
2021-11-01,60922.85,2507.39797107,60954.01
2021-11-02,63260.0,3336.52681752,63342.02
2021-11-03,62930.72,2148.47086339,62896.92
2021-11-04,61457.25,1507.54272229,61491.63
2021-11-05,61031.91,1569.40792218,60921.53
2021-11-06,61542.44,1268.5118197,61492.92
2021-11-07,63300.0,1115.66885061,63431.41
2021-11-08,67559.0,2715.42386367,67324.32
2021-11-09,66945.72,2136.85836086,67082.36
2021-11-10,64921.43,3419.11869317,64755.44
2021-11-11,64821.33,1583.28379977,64804.49
2021-11-12,64158.41,2519.30730563,64397.59
2021-11-13,64417.52,830.13101807,64482.76
2021-11-14,65509.87,1247.88451724,65835.37
2021-11-15,63606.09,2000.8236224,63087.58
2021-11-16,60142.31,4632.77331708,59855.03
2021-11-17,60373.65,3716.8105591099998,60212.28
2021-11-18,56917.66,6160.70975752,56787.39
2021-11-19,58128.55,3277.02585927,58100.26
2021-11-20,59768.54,1172.15930996,59777.28
2021-11-21,58678.47,895.6750948,58624.55
2021-11-22,56294.11,2943.1633727099997,56344.63
2021-11-23,57579.99,2732.08480061,57596.8
2021-11-24,57185.06,1809.45432912,57358.01
2021-11-25,58990.14,1362.17480499,59064.93
2021-11-26,53789.35,5221.84056738,53683.26
2021-11-27,54774.66,1360.56586778,54615.69
2021-11-28,57338.55,1377.55454862,57416.27
2021-11-29,57845.12,2069.734969,57671.17
2021-11-30,56974.12,3562.71762735,56871.8
2021-12-01,57251.59,2515.54071956,57032.08
2021-12-02,56547.96,2758.14469791,56546.2
2021-12-03,53743.69,2964.76818531,53520.63
2021-12-04,49234.97,10025.68966854,49373.74
2021-12-05,49463.22,5156.66613697,49353.92
2021-12-06,50555.0,4652.11767659,50660.4
2021-12-07,50627.32,1719.31761862,50518.04
2021-12-08,50543.3,1598.4357131900001,50701.88
2021-12-09,47593.12,2585.43270776,47497.72
2021-12-10,47142.42,2705.17070403,47275.7
2021-12-11,49400.54,1323.03955982,49425.49
2021-12-12,50124.38,1233.78838616,50185.08
2021-12-13,46725.02,3337.44792896,46465.96
2021-12-14,48389.96,2016.58981458,48306.04
2021-12-15,48876.84,2593.35180959,48912.18
2021-12-16,47663.42,1456.25725801,47686.73
2021-12-17,46210.92,2077.28024679,46160.85
2021-12-18,46881.87,827.39374258,46825.26
2021-12-19,46704.67,1275.49937089,46565.83
2021-12-20,46915.0,1726.01603262,46975.09
2021-12-21,48929.86,1674.16446918,48965.16
2021-12-22,48618.99,1306.16574192,48638.04
2021-12-23,50850.0,1715.35802664,50816.1
2021-12-24,50841.48,1446.08883091,50791.33
2021-12-25,50442.22,823.04872916,50440.96
2021-12-26,50791.21,1015.22197466,50853.52
2021-12-27,50718.11,1102.98343745,50654.44
2021-12-28,47543.3,2215.26863352,47480.0
2021-12-29,46483.36,2089.30815829,46437.7
2021-12-30,47150.71,2162.27044303,47225.02
2021-12-31,46214.37,1798.55260406,46289.56
2022-01-01,47777.42,741.52060313,47692.92
2022-01-02,47350.22,702.0947554,47250.38
2022-01-03,46439.89,1140.17908832,46392.35
2022-01-04,45820.0,1832.61283694,45714.55
2022-01-05,43435.8,3397.54577759,43375.07
2022-01-06,43097.6,2450.1130935,43079.81
2022-01-07,41535.66,2984.20586087,41625.81
2022-01-08,41690.77,1581.47361959,41593.5
2022-01-09,41875.81,1532.58823403,41902.95
2022-01-10,41845.42,3494.01378649,41789.58
2022-01-11,42736.0,2442.65415081,42870.78
2022-01-12,43933.5,2502.76210107,44030.64
2022-01-13,42571.94,1993.88324273,42429.41
2022-01-14,43102.35,1386.83275834,43043.12
2022-01-15,43102.01,707.65852297,43075.25
2022-01-16,43107.7,621.95302734,43158.16
2022-01-17,42255.07,1060.00938797,42203.98
2022-01-18,42377.4,1638.87085963,42319.69
2022-01-19,41683.21,1664.70405269,41699.73
2022-01-20,40736.05,2425.15260695,40571.07
2022-01-21,36495.46,6201.04610092,36414.84
2022-01-22,35091.11,4510.37218636,35008.97
2022-01-23,36293.62,2533.70397599,36155.55
2022-01-24,36724.99,6335.15428027,36677.28
2022-01-25,36975.91,2793.69107911,36866.93
2022-01-26,36829.32,3663.15557069,36851.86
2022-01-27,37208.36,3103.82301099,37309.29
2022-01-28,37748.36,2420.65410706,37848.41
2022-01-29,38192.65,1296.90892268,38173.87
2022-01-30,37941.82,708.79481272,37943.27
2022-01-31,38491.92,2009.13000337,38471.8
2022-02-01,38733.04,2073.9387171,38751.06
2022-02-02,36923.5,1672.70719509,36866.81
2022-02-03,37320.11,1624.39014671,37256.3
2022-02-04,41579.57,3901.59890405,41407.89
2022-02-05,41427.72,1892.23797403,41491.32
2022-02-06,42420.24,854.67571444,42353.9
2022-02-07,43869.04,2601.46944039,43888.0
2022-02-08,44091.56,2591.80146351,44132.75
2022-02-09,44426.84,1625.88352507,44398.95
2022-02-10,43524.6,2692.62339808,43332.22
2022-02-11,42406.19,2170.37239741,42392.87
2022-02-12,42241.11,892.34533043,42223.31
2022-02-13,42077.74,515.45574228,42007.92
2022-02-14,42540.3,1270.88651697,42607.21
2022-02-15,44582.48,1772.92325828,44446.41
2022-02-16,43901.48,1251.8335941999999,43857.3
2022-02-17,40556.11,2437.49036088,40452.69
2022-02-18,39996.99,2212.7149201,40001.5
2022-02-19,40109.02,695.654296,40144.73
2022-02-20,38373.9,1283.5115474,38256.64
2022-02-21,37076.6,3501.42036418,37041.41
2022-02-22,38269.94,2388.75903515,38266.35
2022-02-23,37274.18,1778.27525833,37323.91
2022-02-24,38376.88,6302.85095659,38312.76
2022-02-25,39231.64,2202.85182731,39230.08
2022-02-26,39146.66,912.7240869,39071.65
2022-02-27,37712.68,1701.81704307,37630.38
2022-02-28,43178.98,3160.61807044,43451.47
2022-03-01,44443.96,2831.29722228,44670.12
2022-03-02,43936.72,2043.55683949,43841.3
2022-03-03,42476.26,2253.43076958,42531.36
2022-03-04,39175.56,2493.65743037,39090.92
2022-03-05,39416.79,806.91142871,39411.03
2022-03-06,38438.89,1194.37373381,38338.85
2022-03-07,38016.47,1949.69691981,38026.57
2022-03-08,38753.65,1864.9046138200001,38676.71
2022-03-09,41960.02,1980.29362461,41958.57
2022-03-10,39444.45,2506.23482676,39354.9
2022-03-11,38729.79,2063.22335158,38744.82
2022-03-12,38822.02,962.85566586,38821.32
2022-03-13,37790.54,737.88013225,37811.8
2022-03-14,39665.71,1439.76768221,39701.85
2022-03-15,39302.7,1638.68402951,39330.52
2022-03-16,41142.76,5987.10388902,41125.5
2022-03-17,40963.22,1657.76165332,40927.63
2022-03-18,41794.37,2125.12318171,41829.2
2022-03-19,42235.31,976.88885105,42255.05
2022-03-20,41242.14,1061.35307364,41296.07
2022-03-21,41043.14,1779.49806583,40983.11
2022-03-22,42393.41,2375.4246535,42365.89
2022-03-23,42925.41,1906.72354645,42962.42
2022-03-24,44025.99,2173.30497451,43915.33
2022-03-25,44320.6,1725.0715699,44360.22
2022-03-26,44535.65,494.7242021,44572.55
2022-03-27,46864.39,1548.88890527,46800.31
2022-03-28,47152.38,2691.93784761,47192.69
2022-03-29,47459.03,1716.32392308,47397.51
2022-03-30,47068.08,1627.54321756,47033.86
2022-03-31,45517.27,1372.96510736,45546.64
2022-04-01,46307.81,1953.21952857,46166.48
2022-04-02,45820.28,724.30875007,45859.52
2022-04-03,46401.57,1063.6287324,46424.03
2022-04-04,46598.2,1496.64154125,46622.72
2022-04-05,45502.73,1127.69043708,45388.0
2022-04-06,43191.59,3073.55689716,43280.76
2022-04-07,43454.53,1381.67737796,43468.52
2022-04-08,42290.11,1453.744661,42359.93
2022-04-09,42767.89,525.17354399,42728.36
2022-04-10,42133.85,862.61310467,42103.34
2022-04-11,39524.86,2288.47921183,39688.88
2022-04-12,40097.46,2111.92057359,40081.22
2022-04-13,41147.74,1563.48448746,41146.02
2022-04-14,39961.53,1169.49381805,39976.51
2022-04-15,40563.18,752.39943803,40531.03
2022-04-16,40395.67,365.72624783,40405.59
2022-04-17,39691.27,485.0037186,39699.34
2022-04-18,40814.6,2421.08185584,40855.64
2022-04-19,41505.77,1457.11081239,41453.94
2022-04-20,41375.85,1359.54131303,41383.49
2022-04-21,40470.76,2163.31405365,40352.74
2022-04-22,39726.03,2136.9997712,39817.12
2022-04-23,39421.59,398.24448783,39496.41
2022-04-24,39467.4,663.70417243,39413.64
2022-04-25,40441.11,2220.04402771,40474.92
2022-04-26,38137.67,2909.72251989,38201.54
2022-04-27,39256.05,1769.00930667,39230.37
2022-04-28,39754.2,1842.0050844300001,39736.63
2022-04-29,38593.42,1600.89916681,38625.15
2022-04-30,37639.8,728.27961992,37740.65
2022-05-01,38488.34,1248.04269032,38511.36
2022-05-02,38521.01,1434.10079893,38506.32
2022-05-03,37729.95,1157.92207652,37665.46
2022-05-04,39685.23,2297.27213438,39727.08
2022-05-05,36533.93,3736.73012912,36587.55
2022-05-06,36019.22,2594.53333069,36002.86
2022-05-07,35463.46,1224.39699253,35388.66
2022-05-08,34025.5,2670.3998161600002,34012.0
2022-05-09,30082.0,7631.12166167,30289.85
2022-05-10,30999.97,7402.30231296,30967.86
2022-05-11,29000.0,11180.84883589,29017.22
2022-05-12,28896.19,16578.810599,28935.65
2022-05-13,29238.81,6010.27363922,29255.22
2022-05-14,30033.96,2910.99216303,30041.65
2022-05-15,31295.03,2085.06630084,31198.51
2022-05-16,29832.45,3112.79429009,29842.71
2022-05-17,30425.36,2143.92566327,30437.66
2022-05-18,28681.26,2318.15544994,28700.0
2022-05-19,30290.33,2516.77484526,30286.13
2022-05-20,29176.7,2337.17319044,29147.82
2022-05-21,29421.05,490.42738451,29396.04
2022-05-22,30264.66,1318.89417974,30248.0
2022-05-23,29081.76,2158.65047198,29121.99
2022-05-24,29632.15,1490.23613231,29641.6
2022-05-25,29510.15,1563.30877003,29545.7
2022-05-26,29183.06,2835.00522362,29250.46
2022-05-27,28589.48,2109.94198208,28569.0
2022-05-28,29010.82,721.5469467,28976.5
2022-05-29,29448.94,909.19180016,29411.12
2022-05-30,31731.22,3257.5487365,31762.68
2022-05-31,31762.76,1621.62249868,31827.49
2022-06-01,29787.4,2629.80184718,29725.4
2022-06-02,30437.18,1226.29074296,30407.66
2022-06-03,29669.39,1151.14514737,29680.11
2022-06-04,29853.51,472.40386055,29840.33
2022-06-05,29888.98,563.06294053,29905.3
2022-06-06,31351.21,2494.10424691,31235.54
2022-06-07,31115.82,3672.30493412,31173.09
2022-06-08,30185.58,1909.67240307,30147.71
2022-06-09,30089.03,953.92926451,30101.16
2022-06-10,29065.66,2545.34126907,29078.67
2022-06-11,28390.94,1587.1952467,28424.64
2022-06-12,26585.1,2588.83347441,26465.86
2022-06-13,22450.43,12621.88318574,22392.01
2022-06-14,22097.3,8576.80050998,21981.93
2022-06-15,22555.27,13481.53959307,22713.35
2022-06-16,20382.88,4889.1243038,20351.35
2022-06-17,20440.7,3615.09731757,20500.85
2022-06-18,18956.8,7958.38532206,18952.0
2022-06-19,20552.82,5100.88311828,20510.92
2022-06-20,20555.44,5112.85052521,20530.8
2022-06-21,20712.29,3543.16812013,20620.13
2022-06-22,19963.68,4210.49538322,19995.0
2022-06-23,21093.42,2677.89902823,21076.73
2022-06-24,21215.42,2444.77217091,21227.77
2022-06-25,21486.8,1196.38466227,21478.56
2022-06-26,21028.69,1437.6070946300001,21033.82
2022-06-27,20699.72,1648.58803237,20738.08
2022-06-28,20261.34,2048.6845194,20247.53
2022-06-29,20093.18,1605.32356204,20122.06
2022-06-30,19924.89,4907.84854025,19717.56
2022-07-01,19239.47,4424.08855864,19257.17
2022-07-02,19228.25,1478.97411836,19235.51
2022-07-03,19294.46,1438.93649433,19229.85
2022-07-04,20209.53,2016.0820069,20175.06
2022-07-05,20168.63,2882.22647228,20210.06
2022-07-06,20547.45,2093.38193195,20505.75
2022-07-07,21643.56,3422.57159508,21614.4
2022-07-08,21584.14,3352.94753796,21604.12
2022-07-09,21588.35,865.38701575,21582.77
2022-07-10,20856.08,1398.91806277,20798.75
2022-07-11,19949.71,1381.03847332,19939.65
2022-07-12,19321.14,1738.03082444,19268.32
2022-07-13,20232.35,3196.86413812,20345.29
2022-07-14,20577.23,2574.75885317,20564.82
2022-07-15,20835.39,1581.8301293,20824.82
2022-07-16,21195.49,1740.63926769,21243.44
2022-07-17,20801.85,1497.20354125,20823.14
2022-07-18,22435.04,4288.35687434,22393.52
2022-07-19,23405.02,4682.35297064,23378.26
2022-07-20,23208.53,4052.6845923700002,23304.93
2022-07-21,23163.34,2267.47408756,23113.74
2022-07-22,22682.26,2025.58385843,22676.04
2022-07-23,22468.69,1010.85783614,22607.53
2022-07-24,22595.81,681.19673676,22578.78
2022-07-25,21306.56,2128.78016831,21315.93
2022-07-26,21259.78,1965.57798404,21230.44
2022-07-27,22969.04,2976.18882906,22943.03
2022-07-28,23853.11,3463.79018298,23869.74
2022-07-29,23785.31,2536.49166787,23802.3
2022-07-30,23644.58,1739.57494563,23565.95
2022-07-31,23322.53,1624.15172546,23292.92
2022-08-01,23282.92,1310.17180502,23315.46
2022-08-02,23001.52,1441.50641868,22992.99
2022-08-03,22835.88,1306.29502305,22835.28
2022-08-04,22615.24,1537.96629545,22614.7
2022-08-05,23326.4,2070.35989801,23298.49
2022-08-06,22956.61,672.14529689,22938.31
2022-08-07,23187.62,691.3833738,23200.22
2022-08-08,23821.68,1845.04091771,23831.49
2022-08-09,23164.78,1206.11169091,23100.63
2022-08-10,23964.0,2251.388441,23974.0
2022-08-11,23959.0,1964.2043205,23939.0
2022-08-12,24407.0,1258.79271631,24403.0
2022-08-13,24456.0,891.4216972300001,24445.0
2022-08-14,24320.0,1360.86975366,24291.0
2022-08-15,24110.0,1764.96054871,24088.0
2022-08-16,23867.0,761.78640254,23857.0
2022-08-17,23340.0,1814.51630224,23361.0
2022-08-18,23201.0,888.93580166,23147.0
2022-08-19,20841.0,3558.4209748,20873.0
2022-08-20,21146.0,1475.27766281,21147.0
2022-08-21,21514.0,1070.7625595,21467.0
2022-08-22,21411.0,1428.98968096,21401.0
2022-08-23,21520.0,1237.15547461,21542.0
2022-08-24,21372.0,1825.65585841,21363.0
2022-08-25,21571.0,1134.96366241,21518.0
2022-08-26,20250.0,3482.0913778,20228.0
2022-08-27,20045.0,1322.83765891,20012.0
2022-08-28,19557.0,883.35771116,19618.0
2022-08-29,20302.0,1226.5339045,20256.0
2022-08-30,19819.0,2061.62816733,19837.0
2022-08-31,20059.0,2271.16555773,20090.0
2022-09-01,20128.0,1841.61890225,20102.0
2022-09-02,19959.0,1704.54970941,19945.0
2022-09-03,19840.0,454.45221631,19819.0
2022-09-04,20007.0,468.46460815,20042.0
2022-09-05,19794.0,975.96352852,19788.0
2022-09-06,18789.0,3216.97354596,18843.0
2022-09-07,19276.0,1946.27402334,19356.0
2022-09-08,19322.0,1759.19295086,19317.0
2022-09-09,21371.0,4009.32373236,21345.0
2022-09-10,21672.0,1355.39296702,21665.0
2022-09-11,21835.0,844.39459098,21758.0
2022-09-12,22401.0,2496.98699671,22372.0
2022-09-13,20177.0,3927.08003147,20148.0
2022-09-14,20233.0,2793.90630535,20210.0
2022-09-15,19691.0,2531.5711628,19690.0
2022-09-16,19802.0,2514.42684614,19787.0
2022-09-17,20114.0,947.27782708,20035.0
2022-09-18,19419.0,1609.63965374,19437.0
2022-09-19,19538.0,3418.2169402,19572.0
2022-09-20,18878.0,2544.25288865,18925.0
2022-09-21,18466.0,5332.93776764,18489.0
2022-09-22,19403.0,2607.0417597,19401.0
2022-09-23,19294.0,2593.18338023,19289.0
2022-09-24,18921.0,922.02394143,18950.0
2022-09-25,18810.0,979.44306377,18776.0
2022-09-26,19226.0,3167.38799752,19198.0
2022-09-27,19075.0,4423.71693902,19093.0
2022-09-28,19413.0,3817.64021997,19452.0
2022-09-29,19592.0,1812.62118977,19536.0
2022-09-30,19425.0,2413.78432301,19419.0
2022-10-01,19312.0,378.60698732,19306.0
2022-10-02,19051.0,518.03380521,19035.0
2022-10-03,19636.0,1109.13176723,19616.0
2022-10-04,20343.0,2455.5428922,20346.0
2022-10-05,20162.0,1789.84892196,20188.0
2022-10-06,19951.0,1438.88952495,19953.0
2022-10-07,19532.0,1290.58016407,19533.0
2022-10-08,19420.0,517.3187632400001,19432.0
2022-10-09,19445.0,707.27451611,19426.0
2022-10-10,19131.0,1052.98301829,19077.0
2022-10-11,19059.0,1332.93245318,19063.0
2022-10-12,19157.0,870.27070879,19166.0
2022-10-13,19377.0,2920.78208384,19380.0
2022-10-14,19181.0,1313.80111372,19188.0
2022-10-15,19066.0,331.43098278,19101.0
2022-10-16,19264.0,417.01160964,19290.0
2022-10-17,19547.0,1141.62350258,19523.0
2022-10-18,19334.0,1524.52635389,19340.0
2022-10-19,19126.0,1302.59535401,19123.0
2022-10-20,19043.0,1491.66449329,19046.0
2022-10-21,19165.0,1923.43991085,19155.0
2022-10-22,19206.0,455.42088912,19215.0
2022-10-23,19574.0,1195.62013587,19571.0
2022-10-24,19332.0,1155.8634844,19291.0
2022-10-25,20087.0,2804.51314609,20115.0
2022-10-26,20775.0,2711.06904662,20785.0
2022-10-27,20296.0,1669.88399576,20310.0
2022-10-28,20599.0,1827.61380674,20566.0
2022-10-29,20821.0,1213.18946622,20814.0
2022-10-30,20628.0,679.83876303,20648.0
2022-10-31,20498.0,1880.02456732,20474.0
2022-11-01,20480.0,1276.69180973,20442.0
2022-11-02,20154.0,2292.08236192,20148.0
2022-11-03,20209.0,1004.11893277,20197.0
2022-11-04,21153.0,3501.47535754,21140.0
2022-11-05,21301.0,774.12522007,21301.0
2022-11-06,20907.0,551.95849001,20908.0
2022-11-07,20590.0,1417.9956347300001,20618.0
2022-11-08,18550.0,12035.90178845,18443.0
2022-11-09,15877.0,8350.5654456,15863.0
2022-11-10,17551.0,8375.25692463,17585.0
2022-11-11,17007.0,5636.75561159,17014.0
2022-11-12,16788.0,1882.26415655,16787.0
2022-11-13,16310.0,2703.91194662,16351.0
2022-11-14,16589.0,7964.34006887,16606.0
2022-11-15,16874.0,5633.3993478,16898.0
2022-11-16,16654.0,4035.80042365,16682.0
2022-11-17,16686.0,2458.66689134,16698.0
2022-11-18,16683.0,2673.28041964,16680.0
2022-11-19,16690.0,1377.3963971,16693.0
2022-11-20,16256.0,1827.05676561,16232.0
2022-11-21,15766.0,5633.48780213,15785.0
2022-11-22,16197.0,3718.55455894,16197.0
2022-11-23,16603.0,3505.29313128,16575.0
2022-11-24,16591.0,2141.4844617,16578.0
2022-11-25,16508.0,2043.43507991,16502.0
2022-11-26,16454.0,1503.64131011,16456.0
2022-11-27,16424.0,1189.79470656,16450.0
2022-11-28,16210.0,3254.70177817,16203.0
2022-11-29,16434.0,2310.87079583,16452.0
2022-11-30,17170.0,4442.42726142,17170.0
2022-12-01,16977.0,3207.29094124,16970.0
2022-12-02,17095.0,2329.03284999,17130.0
2022-12-03,16886.0,1177.01264514,16898.0
2022-12-04,17114.0,1603.5516013,17084.0
2022-12-05,16968.0,2251.51957602,16973.0
2022-12-06,17087.0,1303.3712247400001,17087.0
2022-12-07,16836.0,1185.39328287,16840.0
2022-12-08,17229.0,1724.69349744,17232.0
2022-12-09,17128.0,1226.70564841,17131.0
2022-12-10,17128.0,677.74180701,17124.0
2022-12-11,17091.0,1239.3577856,17032.0
2022-12-12,17209.0,1695.0565253,17211.0
2022-12-13,17772.0,3838.86501115,17776.0
2022-12-14,17803.0,3836.86554644,17814.0
2022-12-15,17362.0,1887.37172156,17380.0
2022-12-16,16633.0,2853.96835966,16642.0
2022-12-17,16781.0,1114.37024438,16766.0
2022-12-18,16749.0,695.99091766,16753.0
2022-12-19,16446.0,2157.44154575,16433.0
2022-12-20,16898.0,2115.97889225,16902.0
2022-12-21,16824.0,1618.76729861,16827.0
2022-12-22,16821.0,1946.30526969,16797.0
2022-12-23,16779.0,2138.4466876,16782.0
2022-12-24,16839.0,960.3266097,16837.0
2022-12-25,16828.0,717.96557265,16827.0
2022-12-26,16917.0,731.85697007,16948.0
2022-12-27,16700.0,2204.70406525,16700.0
2022-12-28,16540.0,2220.78816676,16548.0
2022-12-29,16628.0,1560.43976985,16627.0
2022-12-30,16603.0,2223.64394181,16600.0
2022-12-31,16528.0,602.43437164,16523.0
2023-01-01,16615.0,473.83273801,16618.0
2023-01-02,16673.0,1046.7274368,16661.0
2023-01-03,16670.0,1388.07196613,16667.0
2023-01-04,16849.0,2038.03012252,16851.0
2023-01-05,16826.0,1131.61941681,16824.0
2023-01-06,16950.0,1738.57975267,16947.0
2023-01-07,16945.0,523.75442441,16952.0
2023-01-08,17119.0,816.57209307,17130.0
2023-01-09,17179.0,2213.34824624,17197.0
2023-01-10,17446.0,1354.43514717,17444.0
2023-01-11,17930.0,1904.45231601,17925.0
2023-01-12,18853.0,5124.55845338,18879.0
2023-01-13,19931.0,3765.2742592,19960.0
2023-01-14,20960.0,6843.48563958,20920.0
2023-01-15,20885.0,1352.72025796,20874.0
2023-01-16,21189.0,3236.95717404,21130.0
2023-01-17,21134.0,2302.39736137,21165.0
2023-01-18,20670.0,3794.75671744,20720.0
2023-01-19,21086.0,2391.67069084,21094.0
2023-01-20,22678.0,2937.14734339,22644.0
2023-01-21,22783.0,3013.23007247,22797.0
2023-01-22,22717.0,1548.97073883,22723.0
2023-01-23,22922.0,1699.036477,22933.0
2023-01-24,22637.0,1953.73212508,22662.0
2023-01-25,23054.0,2582.12043347,23127.0
2023-01-26,23010.0,1472.74474346,23030.0
2023-01-27,23083.0,2086.70647505,23099.0
2023-01-28,23033.0,834.3522255,23037.0
2023-01-29,23746.0,1620.98279529,23754.0
2023-01-30,22831.0,2081.82272658,22819.0
2023-01-31,23127.0,1557.98459142,23154.0
2023-02-01,23735.0,2468.52240577,23717.0
2023-02-02,23498.0,2609.58252721,23554.0
2023-02-03,23434.0,1742.07112849,23431.0
2023-02-04,23330.0,778.73091268,23334.0
2023-02-05,22937.0,1525.50154971,22967.0
2023-02-06,22763.0,1731.60284453,22784.0
2023-02-07,23252.0,2758.47564405,23266.0
2023-02-08,22961.0,1236.37140064,22974.0
2023-02-09,21802.0,2260.7850853,21824.0
2023-02-10,21639.0,1503.99323818,21619.0
2023-02-11,21868.0,699.37255295,21877.0
2023-02-12,21789.0,1481.78576998,21799.0
2023-02-13,21790.0,1923.03740841,21805.0
2023-02-14,22211.0,2032.44280719,22178.0
2023-02-15,24332.0,2316.23830307,24342.0
2023-02-16,23521.0,3634.8002493,23543.0
2023-02-17,24580.0,3328.63120407,24591.0
2023-02-18,24640.0,721.18871725,24643.0
2023-02-19,24296.0,1717.15816149,24401.0
2023-02-20,24843.0,1828.53775073,24826.0
2023-02-21,24450.0,2506.05738181,24450.0
2023-02-22,24188.0,1951.95970979,24191.0
2023-02-23,23939.0,2000.28221308,23962.0
2023-02-24,23189.0,2782.78873072,23190.0
2023-02-25,23161.0,863.37221739,23147.0
2023-02-26,23562.0,1019.2008877,23539.0
2023-02-27,23493.0,1768.12573577,23512.0
2023-02-28,23136.0,1185.70463735,23178.0
2023-03-01,23634.0,1748.04686969,23617.0
2023-03-02,23466.0,1090.90317933,23461.0
2023-03-03,22359.0,2878.02219561,22349.0
2023-03-04,22347.0,608.34767678,22344.0
2023-03-05,22428.0,944.66432972,22432.0
2023-03-06,22407.0,1156.23472957,22417.0
2023-03-07,22200.0,1837.72234137,22271.0
2023-03-08,21704.0,1477.18402948,21701.0
2023-03-09,20367.0,3373.14910671,20330.0
2023-03-10,20220.0,4695.23685366,20263.0
2023-03-11,20618.0,3590.95407524,20601.0
2023-03-12,22183.0,3599.49467653,22157.0
2023-03-13,24209.0,6738.26574302,24164.0
2023-03-14,24750.0,7966.02323163,24747.0
2023-03-15,24368.0,4368.44571382,24416.0
2023-03-16,25050.0,2430.85019301,25041.0
2023-03-17,27466.0,5166.28277037,27476.0
2023-03-18,26980.0,2933.79686267,27031.0
2023-03-19,28054.0,2615.71251826,28048.0
2023-03-20,27815.0,3998.09358215,27843.0
2023-03-21,28192.0,2955.11628597,28186.0
2023-03-22,27320.0,5024.21040571,27351.0
2023-03-23,28343.0,3199.6545122,28346.0
2023-03-24,27493.0,2789.44951461,27487.0
2023-03-25,27499.0,963.8384074100001,27490.0
2023-03-26,28004.0,1100.20331067,27994.0
2023-03-27,27142.0,2258.96393636,27129.0
2023-03-28,27272.0,2137.04196923,27300.0
2023-03-29,28353.0,2161.81292594,28333.0
2023-03-30,28039.0,2912.7258869,28065.0
2023-03-31,28476.0,2301.18236248,28464.0
2023-04-01,28469.0,656.33679146,28472.0
2023-04-02,28186.0,689.98223995,28175.0
2023-04-03,27816.0,2393.226229,27778.0
2023-04-04,28178.0,1294.59736105,28169.0
2023-04-05,28183.0,1576.30733991,28175.0
2023-04-06,28051.0,1064.88009436,28051.0
2023-04-07,27931.0,436.4796401,27929.0
2023-04-08,27969.0,417.7631391,27963.0
2023-04-09,28340.0,718.54765779,28333.0
2023-04-10,29652.0,2711.67320655,29647.0
2023-04-11,30246.0,2689.4048951,30293.0
2023-04-12,29903.0,1926.94195052,29930.0
2023-04-13,30410.0,1503.93427177,30408.0
2023-04-14,30498.0,2540.14059427,30477.0
2023-04-15,30332.0,560.64010658,30328.0
2023-04-16,30330.0,656.81163772,30318.0
2023-04-17,29448.0,2077.00292863,29451.0
2023-04-18,30395.0,1827.46761436,30365.0
2023-04-19,28827.0,3869.09654939,28831.0
2023-04-20,28238.0,2450.06329929,28278.0
2023-04-21,27254.0,2455.89969552,27266.0
2023-04-22,27817.0,1010.44737158,27813.0
2023-04-23,27596.0,798.04552773,27578.0
2023-04-24,27512.0,2236.65500868,27519.0
2023-04-25,28300.0,1874.16625132,28285.0
2023-04-26,28428.0,5277.187044,28406.0
2023-04-27,29485.0,3748.60576512,29492.0
2023-04-28,29333.0,2449.0749774,29347.0
2023-04-29,29247.0,932.47961185,29247.0
2023-04-30,29235.0,1415.2550609099999,29310.0
2023-05-01,28079.0,2913.86283351,28018.0
2023-05-02,28680.0,1935.55649138,28664.0
2023-05-03,29033.0,2838.45231646,29064.0
2023-05-04,28851.0,1656.27922902,28861.0
2023-05-05,29547.0,1923.16974421,29533.0
2023-05-06,28911.0,1443.17174676,28928.0
2023-05-07,28472.0,1021.45715582,28510.0
2023-05-08,27690.0,2936.79913382,27675.0
2023-05-09,27650.0,1573.53076474,27648.0
2023-05-10,27618.0,2848.942523,27610.0
2023-05-11,26991.0,2126.87109348,26988.0
2023-05-12,26811.0,4842.98246111,26792.0
2023-05-13,26789.0,1269.30464643,26782.0
2023-05-14,26933.0,1325.63421938,26942.0
2023-05-15,27166.0,1805.12956433,27171.0
2023-05-16,27037.0,1730.33763378,27027.0
2023-05-17,27404.0,2653.36761994,27399.0
2023-05-18,26818.0,1987.57678586,26821.0
2023-05-19,26893.0,1277.23274821,26892.0
2023-05-20,27115.0,603.01939692,27106.0
2023-05-21,26750.0,654.14743859,26770.0
2023-05-22,26856.0,1111.87388791,26855.0
2023-05-23,27226.0,1174.41963411,27214.0
2023-05-24,26325.0,2214.54386081,26349.0
2023-05-25,26478.0,1646.8258379,26486.0
2023-05-26,26718.0,1666.10237235,26704.0
2023-05-27,26872.0,636.46388614,26861.0
2023-05-28,28072.0,1665.64922634,28143.0
2023-05-29,27749.0,1684.67833372,27761.0
2023-05-30,27706.0,1567.55117507,27696.0
2023-05-31,27219.0,1863.47625267,27243.0
2023-06-01,26826.0,2004.35720265,26817.0
2023-06-02,27251.0,1671.434456,27233.0
2023-06-03,27076.0,772.42193183,27070.0
2023-06-04,27125.0,789.8995641,27106.0
2023-06-05,25739.0,3837.59032264,25750.0
2023-06-06,27236.0,3965.21160442,27209.0
2023-06-07,26348.0,2996.80495663,26349.0
2023-06-08,26510.0,1530.42554212,26517.0
2023-06-09,26484.0,1059.79847008,26485.0
2023-06-10,25857.0,3074.54228424,25849.0
2023-06-11,25941.0,1020.99238041,25939.0
2023-06-12,25906.0,1761.02544893,25914.0
2023-06-13,25934.0,1895.96796692,25931.0
2023-06-14,25127.0,2747.12869314,25091.0
2023-06-15,25573.0,2880.44240822,25531.0
2023-06-16,26333.0,2556.84039324,26325.0
2023-06-17,26507.0,1155.48522656,26514.0
2023-06-18,26340.0,1005.71439822,26352.0
2023-06-19,26842.0,1828.96524085,26809.0
2023-06-20,28315.0,3123.51386312,28292.0
2023-06-21,30009.0,6043.64316714,30010.0
2023-06-22,29889.0,3777.43149847,29922.0
2023-06-23,30716.0,4388.38562374,30665.0
2023-06-24,30548.0,1211.73495461,30542.0
2023-06-25,30477.0,1480.27114787,30459.0
2023-06-26,30274.0,2062.07924358,30264.0
2023-06-27,30696.0,2087.55806488,30682.0
2023-06-28,30079.0,1867.54566498,30096.0
2023-06-29,30444.0,1924.6183445,30452.0
2023-06-30,30469.0,4944.39013815,30477.0
2023-07-01,30592.0,603.9348395,30586.0
2023-07-02,30616.0,1091.40198046,30612.0
2023-07-03,31158.0,1549.49344257,31149.0
2023-07-04,30771.0,848.52450967,30786.0
2023-07-05,30501.0,1179.48935068,30484.0
2023-07-06,29912.0,3087.63379638,29827.0
2023-07-07,30348.0,1886.47101822,30331.0
2023-07-08,30293.0,602.99398251,30280.0
2023-07-09,30167.0,640.48477925,30147.0
2023-07-10,30421.0,1899.48550714,30406.0
2023-07-11,30621.0,1275.01882493,30618.0
2023-07-12,30382.0,1734.61976884,30385.0
2023-07-13,31471.0,3038.41085113,31461.0
2023-07-14,30331.0,2687.88498106,30315.0
2023-07-15,30301.0,483.23087175,30306.0
2023-07-16,30253.0,999.67578186,30219.0
2023-07-17,30154.0,1810.6123199,30135.0
2023-07-18,29868.0,1637.26704348,29868.0
2023-07-19,29919.0,1446.88422668,29925.0
2023-07-20,29806.0,1431.36195596,29798.0
2023-07-21,29908.0,1197.73385418,29913.0
2023-07-22,29789.0,630.39179913,29788.0
2023-07-23,30085.0,766.46726746,30077.0
2023-07-24,29177.0,2817.83813249,29176.0
2023-07-25,29224.0,1213.4912944,29216.0
2023-07-26,29354.0,1517.24148332,29347.0
2023-07-27,29219.0,1313.64370824,29210.0
2023-07-28,29317.0,1241.48419113,29297.0
2023-07-29,29360.0,402.48554375,29360.0
2023-07-30,29279.0,792.17888595,29280.0
2023-07-31,29231.0,899.87088387,29229.0
2023-08-01,29696.0,2302.7701885,29751.0
2023-08-02,29164.0,1990.0712660899999,29147.0
2023-08-03,29176.0,1359.65240342,29195.0
2023-08-04,29077.0,1430.63487436,29077.0
2023-08-05,29049.0,339.31235387,29043.0
2023-08-06,29042.0,494.23722676,29045.0
2023-08-07,29181.0,1440.49544476,29188.0
2023-08-08,29764.0,2548.20876694,29805.0
2023-08-09,29565.0,1342.08176495,29553.0
2023-08-10,29423.0,1091.25819091,29420.0
2023-08-11,29398.0,839.58343645,29394.0
2023-08-12,29415.0,349.63678295,29415.0
2023-08-13,29284.0,357.15476053,29268.0
2023-08-14,29408.0,1281.1078171,29399.0
2023-08-15,29172.0,1081.01044207,29175.0
2023-08-16,28701.0,1798.07617139,28733.0
2023-08-17,26642.0,4949.55887437,26666.0
2023-08-18,26051.0,2639.68823694,26066.0
2023-08-19,26097.0,1021.34929591,26081.0
2023-08-20,26192.0,711.93303045,26184.0
2023-08-21,26125.0,1609.35464365,26133.0
2023-08-22,26042.0,1785.38604286,26099.0
2023-08-23,26431.0,2472.52719071,26447.0
2023-08-24,26168.0,1678.6281579,26172.0
2023-08-25,26048.0,1924.7079294,26044.0
2023-08-26,26008.0,249.0430185,25998.0
2023-08-27,26090.0,399.56936642,26058.0
2023-08-28,26103.0,1212.34458122,26094.0
2023-08-29,27726.0,4581.62209762,27733.0
2023-08-30,27300.0,2084.64468373,27293.0
2023-08-31,25932.0,2809.73176445,25954.0
2023-09-01,25798.0,1970.6890186,25796.0
2023-09-02,25870.0,557.92664336,25863.0
2023-09-03,25970.0,719.53811642,25950.0
2023-09-04,25819.0,1083.70424928,25820.0
2023-09-05,25783.0,1006.67988402,25769.0
2023-09-06,25748.0,1278.20847185,25749.0
2023-09-07,26245.0,1647.35197985,26237.0
2023-09-08,25908.0,1649.47774994,25900.0
2023-09-09,25899.0,436.09095941,25891.0
2023-09-10,25836.0,876.91159297,25837.0
2023-09-11,25155.0,2016.08262659,25157.0
2023-09-12,25844.0,3217.44248767,25785.0
2023-09-13,26226.0,1566.27745586,26207.0
2023-09-14,26529.0,2087.02602594,26522.0
2023-09-15,26607.0,1388.80900435,26583.0
2023-09-16,26571.0,609.7138034,26565.0
2023-09-17,26535.0,522.97891573,26534.0
2023-09-18,26770.0,2015.8296667,26778.0
2023-09-19,27214.0,1886.73059609,27201.0
2023-09-20,27128.0,2264.83849151,27112.0
2023-09-21,26563.0,1557.05559404,26592.0
2023-09-22,26581.0,683.49903344,26592.0
2023-09-23,26583.0,263.32261736,26577.0
2023-09-24,26248.0,778.78029835,26213.0
2023-09-25,26297.0,1307.38610948,26290.0
2023-09-26,26208.0,884.58189615,26225.0
2023-09-27,26361.0,1845.69530452,26353.0
2023-09-28,27026.0,2763.60813176,27015.0
2023-09-29,26911.0,1536.61509999,26899.0
2023-09-30,26966.0,532.6068557,26961.0
2023-10-01,27995.0,1264.64540463,27981.0
2023-10-02,27507.0,2577.97315012,27518.0
2023-10-03,27435.0,1304.18286171,27412.0
2023-10-04,27790.0,1275.01105837,27758.0
2023-10-05,27417.0,1535.57836693,27426.0
2023-10-06,27948.0,1718.75354746,27959.0
2023-10-07,27971.0,355.00216419,27970.0
2023-10-08,27933.0,559.68781341,27924.0
2023-10-09,27594.0,1186.72451465,27601.0
2023-10-10,27395.0,1183.58370853,27396.0
2023-10-11,26874.0,2042.77738655,26845.0
2023-10-12,26756.0,1099.96996575,26748.0
2023-10-13,26867.0,1292.1278671,26884.0
2023-10-14,26855.0,421.71980002,26847.0
2023-10-15,27174.0,758.25452068,27177.0
2023-10-16,28518.0,4785.41944077,28558.0
2023-10-17,28408.0,1864.88114061,28424.0
2023-10-18,28328.0,1413.07638125,28311.0
2023-10-19,28733.0,1546.73974905,28777.0
2023-10-20,29688.0,2771.39284798,29692.0
2023-10-21,29927.0,918.26190297,29906.0
2023-10-22,30002.0,921.90910142,29967.0
2023-10-23,33074.0,5126.76615313,33033.0
2023-10-24,33917.0,5503.07515361,33937.0
2023-10-25,34498.0,2514.83797747,34487.0
2023-10-26,34165.0,2077.76612107,34148.0
2023-10-27,33906.0,2094.03774293,33906.0
2023-10-28,34091.0,772.85563761,34074.0
2023-10-29,34538.0,949.33336318,34565.0
2023-10-30,34495.0,1843.15676539,34486.0
2023-10-31,34661.0,1565.28762452,34621.0
2023-11-01,35440.0,2098.16618447,35499.0
2023-11-02,34937.0,1636.75756043,34865.0
2023-11-03,34727.0,1346.42679593,34710.0
2023-11-04,35086.0,789.13294208,35103.0
2023-11-05,35045.0,816.1044247,34975.0
2023-11-06,35042.0,1069.01973133,35019.0
2023-11-07,35414.0,1785.9642087299999,35368.0
2023-11-08,35640.0,1364.35565296,35602.0
2023-11-09,36693.0,3016.28242591,36662.0
2023-11-10,37319.0,1622.63844082,37350.0
2023-11-11,37152.0,808.30673359,37154.0
2023-11-12,37086.0,549.56241452,37051.0
2023-11-13,36485.0,1510.51918187,36458.0
2023-11-14,35564.0,1717.04521008,35587.0
2023-11-15,37877.0,2493.86082433,37859.0
2023-11-16,36165.0,2074.97812228,36138.0
2023-11-17,36625.0,1897.08043126,36584.0
2023-11-18,36590.0,600.63676547,36565.0
2023-11-19,37426.0,1248.86330778,37354.0
2023-11-20,37480.0,2466.92303789,37452.0
2023-11-21,35758.0,2635.3433892900002,35891.0
2023-11-22,37424.0,2070.1723192,37463.0
2023-11-23,37301.0,1022.40658624,37329.0
2023-11-24,37746.0,1802.03174883,37741.0
2023-11-25,37809.0,420.03700069,37803.0
2023-11-26,37460.0,956.68366321,37467.0
2023-11-27,37240.0,1461.30815081,37248.0
2023-11-28,37839.0,2929.17942076,37790.0
2023-11-29,37863.0,1596.97584281,37830.0
2023-11-30,37719.0,1238.49574253,37697.0
2023-12-01,38707.0,1584.74431912,38725.0
2023-12-02,39474.0,1009.37914772,39459.0
2023-12-03,39989.0,1030.43113816,40016.0
2023-12-04,41985.0,2457.14266074,41828.0
2023-12-05,44075.0,2381.71882149,44110.0
2023-12-06,43764.0,1590.89524265,43732.0
2023-12-07,43291.0,1537.57678097,43372.0
2023-12-08,44193.0,1710.26021181,44250.0
2023-12-09,43712.0,1039.35957631,43705.0
2023-12-10,43786.0,872.82567587,43791.0
2023-12-11,41242.0,4261.48533556,41214.0
2023-12-12,41458.0,1610.56081406,41417.0
2023-12-13,42888.0,2644.83644066,42850.0
2023-12-14,43031.0,2002.07782305,42969.0
2023-12-15,41925.0,1753.91862839,41957.0
2023-12-16,42246.0,702.47727547,42250.0
2023-12-17,41345.0,1244.1407649,41389.0
2023-12-18,42650.0,2330.26582426,42612.0
2023-12-19,42258.0,2275.97294212,42250.0
2023-12-20,43665.0,2554.20268131,43641.0
2023-12-21,43873.0,1843.00224824,43863.0
2023-12-22,44002.0,1262.6906742,44014.0
2023-12-23,43733.0,762.80816546,43710.0
2023-12-24,43033.0,934.47643082,43074.0
2023-12-25,43591.0,808.86227682,43605.0
2023-12-26,42510.0,2476.91150728,42492.0
2023-12-27,43473.0,2029.37372014,43458.0
2023-12-28,42583.0,1410.60181535,42666.0
2023-12-29,42072.0,2740.01043427,42039.0
2023-12-30,42148.0,931.22212329,42206.0
2023-12-31,42258.0,1192.72615807,42375.0
2024-01-01,44187.0,1633.49861779,44266.0
2024-01-02,44970.0,3948.65907593,44970.0
2024-01-03,42865.0,3980.8280561,42852.0
2024-01-04,44186.0,2918.11934919,44220.0
2024-01-05,44184.0,3155.46638326,44177.0
2024-01-06,43999.0,980.53899688,44003.0
2024-01-07,43944.0,1747.44187033,43965.0
2024-01-08,46995.0,3636.8610002,47091.0
2024-01-09,46124.0,4033.07482445,46076.0
2024-01-10,46681.0,4041.55249105,46595.0
2024-01-11,46360.0,4473.0234105,46334.0
2024-01-12,42778.0,5206.89076802,42817.0
2024-01-13,42843.0,1045.15461483,42828.0
2024-01-14,41715.0,1256.25694151,41817.0
2024-01-15,42493.0,1455.98525511,42507.0
2024-01-16,43131.0,2368.79032451,43131.0
2024-01-17,42738.0,1669.71805706,42724.0
2024-01-18,41283.0,2233.62523855,41307.0
2024-01-19,41628.0,2637.87840623,41582.0
2024-01-20,41673.0,751.43386965,41675.0
2024-01-21,41560.0,466.94666893,41581.0
2024-01-22,39528.0,3032.78218553,39548.0
2024-01-23,39868.0,2741.44335926,39899.0
2024-01-24,40074.0,2648.46142608,40056.0
2024-01-25,39916.0,2295.83198262,39930.0
2024-01-26,41818.0,3525.68226372,41779.0
2024-01-27,42124.0,788.19903211,42121.0
2024-01-28,42026.0,1354.31455222,41947.0
2024-01-29,43305.0,2305.13461431,43190.0
2024-01-30,42946.0,2291.56721174,43006.0
2024-01-31,42558.0,3286.47977633,42571.0
2024-02-01,43071.0,1870.52097244,43058.0
2024-02-02,43183.0,1896.67516524,43153.0
2024-02-03,42994.0,759.46228085,42987.0
2024-02-04,42570.0,774.92253866,42568.0
2024-02-05,42659.0,2029.09192619,42649.0
2024-02-06,43092.0,1541.85229531,43113.0
2024-02-07,44346.0,1666.78621772,44418.0
2024-02-08,45300.0,3101.76569244,45367.0
2024-02-09,47161.0,3267.79290468,47218.0
2024-02-10,47770.0,1059.76317922,47720.0
2024-02-11,48313.0,950.74155544,48275.0
2024-02-12,49937.0,2595.07694979,49973.0
2024-02-13,49720.0,2127.3979635,49703.0
2024-02-14,51844.0,2470.06233311,51888.0
2024-02-15,51942.0,2580.54668239,51935.0
2024-02-16,52161.0,1766.36935764,52163.0
2024-02-17,51664.0,999.96707794,51643.0
2024-02-18,52130.0,925.21142925,52146.0
2024-02-19,51789.0,1123.41042877,51806.0
2024-02-20,52275.0,2464.04913744,52314.0
2024-02-21,51843.0,2252.9078781,51777.0
2024-02-22,51253.0,2025.24575372,51247.0
2024-02-23,50743.0,1923.68472986,50743.0
2024-02-24,51562.0,508.41676974,51564.0
2024-02-25,51722.0,587.08498174,51695.0
2024-02-26,54524.0,2566.50806379,54620.0
2024-02-27,57068.0,4197.17042096,57070.0
2024-02-28,62512.0,5991.00971487,62180.0
2024-02-29,61161.0,4398.26024998,61161.0
2024-03-01,62444.0,2116.10682875,62430.0
2024-03-02,62042.0,856.26122565,61996.0
2024-03-03,63142.0,1242.8927295,63114.0
2024-03-04,68359.0,4423.23610151,68389.0
2024-03-05,63796.0,7391.4541923,63685.0
2024-03-06,66120.0,4235.32811565,66042.0
2024-03-07,66941.0,3354.92016734,66976.0
2024-03-08,68285.0,4423.05734977,68253.0
2024-03-09,68463.0,856.10732179,68475.0
2024-03-10,69026.0,1987.10943818,68874.0
2024-03-11,72118.0,5028.35031787,72292.0
2024-03-12,71473.0,4051.75855118,71436.0
2024-03-13,73121.0,3647.59207209,72988.0
2024-03-14,71371.0,4144.37504552,71530.0
2024-03-15,69516.0,4952.41009755,69569.0
2024-03-16,65248.0,2215.16496436,65971.0
2024-03-17,68352.0,2040.41028069,68258.0
2024-03-18,67613.0,2891.66816826,67787.0
2024-03-19,61897.0,5318.12575849,61909.0
2024-03-20,67872.0,4989.90459203,67775.0
2024-03-21,65485.0,2935.80449282,65520.0
2024-03-22,63807.0,2420.55836222,63733.0
2024-03-23,64001.0,1252.51357681,64186.0
2024-03-24,67188.0,1391.93505712,66971.0
2024-03-25,69898.0,3049.19168605,69782.0
2024-03-26,69997.0,2479.9479934299998,69994.0
2024-03-27,69421.0,2306.37023009,69436.0
2024-03-28,70803.0,2146.14929567,70816.0
2024-03-29,69903.0,1131.13270761,69879.0
2024-03-30,69613.0,589.84093164,69666.0
2024-03-31,71285.0,857.97967024,71263.0
2024-04-01,69699.0,2032.76552736,69651.0
2024-04-02,65469.0,3531.6205486,65505.0
2024-04-03,65988.0,1876.12270366,66029.0
2024-04-04,68538.0,2332.36734433,68413.0
2024-04-05,67857.0,2200.99431004,67768.0
2024-04-06,68917.0,729.56296087,68890.0
2024-04-07,69358.0,1123.92861936,69252.0
2024-04-08,71613.0,2247.97574988,71594.0
2024-04-09,69135.0,2320.07201561,69067.0
2024-04-10,70630.0,2494.31665671,70455.0
2024-04-11,70015.0,1976.13409975,70140.0
2024-04-12,67150.0,2855.3300716,67061.0
2024-04-13,64054.0,3638.57218138,64360.0
2024-04-14,65749.0,2675.95110563,65537.0
2024-04-15,63438.0,2619.50946939,63481.0
2024-04-16,63830.0,2685.27308755,63766.0
2024-04-17,61278.0,3227.19219541,61380.0
2024-04-18,63515.0,2353.15232284,63357.0
2024-04-19,63821.0,3756.32419865,63860.0
2024-04-20,64990.0,1178.86192275,64917.0
2024-04-21,64950.0,871.65106463,64971.0
2024-04-22,66855.0,2019.58758121,66796.0
2024-04-23,66421.0,1200.34622413,66559.0
2024-04-24,64259.0,2072.24874267,64290.0
2024-04-25,64493.0,1851.69406596,64489.0
2024-04-26,63745.0,1213.85952947,63764.0
2024-04-27,63429.0,833.17012398,63483.0
2024-04-28,63098.0,807.23701868,63128.0
2024-04-29,63832.0,1496.50152656,63752.0
2024-04-30,60632.0,2740.34760244,60641.0
2024-05-01,58256.0,3523.30096206,58497.0
2024-05-02,59099.0,1700.0955159,59073.0
2024-05-03,62915.0,2560.04102097,62866.0
2024-05-04,63899.0,1400.47938778,63995.0
2024-05-05,64021.0,918.78327523,64096.0
2024-05-06,63164.0,1643.13715228,63226.0
2024-05-07,62320.0,1357.12199145,62382.0
2024-05-08,61181.0,1469.20210523,61226.0
2024-05-09,63075.0,1386.15467473,62915.0
2024-05-10,60793.0,2229.56085163,60842.0
2024-05-11,60816.0,516.41893738,60864.0
2024-05-12,61462.0,638.44732414,61506.0
2024-05-13,62934.0,1831.88901336,62879.0
2024-05-14,61543.0,1560.7659125,61592.0
2024-05-15,66242.0,3794.61266735,66461.0
2024-05-16,65252.0,1760.07421083,65308.0
2024-05-17,67053.0,1703.98497047,66964.0
2024-05-18,66930.0,526.31056179,66992.0
2024-05-19,66275.0,535.79306702,66221.0
2024-05-20,71401.0,2681.31745309,71360.0
2024-05-21,70136.0,1968.84633605,70136.0
2024-05-22,69118.0,1537.25078005,69248.0
2024-05-23,67945.0,2160.78304618,67797.0
2024-05-24,68548.0,1132.91119417,68555.0
2024-05-25,69275.0,499.49995762,69251.0
2024-05-26,68489.0,610.501155,68469.0
2024-05-27,69392.0,1406.51067265,69334.0
2024-05-28,68327.0,2285.11775116,68313.0
2024-05-29,67564.0,1273.08586449,67641.0
2024-05-30,68338.0,1757.50551322,68325.0
2024-05-31,67477.0,1880.05905818,67573.0
2024-06-01,67723.0,368.62403719,67721.0
2024-06-02,67752.0,544.3606243,67680.0
2024-06-03,68801.0,2391.37592427,68862.0
2024-06-04,70564.0,2051.63351034,70577.0
2024-06-05,71119.0,2051.7699104,71149.0
2024-06-06,70775.0,1673.7608677599999,70743.0
2024-06-07,69326.0,3140.9712716,69292.0
2024-06-08,69306.0,428.02241418,69290.0
2024-06-09,69640.0,464.35226548,69602.0
2024-06-10,69501.0,830.15464417,69537.0
2024-06-11,67306.0,2436.68224536,67360.0
2024-06-12,68243.0,2448.03512812,68181.0
2024-06-13,66733.0,1996.6514887,66856.0
2024-06-14,65996.0,2391.47091898,66013.0
2024-06-15,66182.0,659.40470208,66160.0
2024-06-16,66622.0,738.0346897000001,66583.0
2024-06-17,66475.0,2463.1706555,66496.0
2024-06-18,65145.0,2210.70701056,65099.0
2024-06-19,64946.0,927.57952823,64842.0
2024-06-20,64845.0,2185.32362168,64906.0
2024-06-21,64102.0,1656.40021868,64161.0
2024-06-22,64233.0,277.84084542,64248.0
2024-06-23,63154.0,633.14997106,63128.0
2024-06-24,60252.0,3965.34722322,60276.0
2024-06-25,61789.0,2662.52829079,61734.0
2024-06-26,60807.0,1392.69465818,60828.0
2024-06-27,61622.0,1601.14628175,61577.0
2024-06-28,60315.0,1742.50478624,60315.0
2024-06-29,60879.0,580.79352981,60874.0
2024-06-30,62676.0,969.08894969,62630.0
2024-07-01,62829.0,1936.67850292,62840.0
2024-07-02,62033.0,1129.73936644,62075.0
2024-07-03,60142.0,2033.0635548,60180.0
2024-07-04,57045.0,2423.25294936,56784.0
2024-07-05,56632.0,3234.2285631,56528.0
2024-07-06,58251.0,1203.36563905,58199.0
2024-07-07,55829.0,1080.88868598,55738.0
2024-07-08,56710.0,3198.87849576,56638.0
2024-07-09,58033.0,2404.8954909,57924.0
2024-07-10,57733.0,1861.63028273,57615.0
2024-07-11,57348.0,2085.4392283399998,57296.0
2024-07-12,57889.0,2139.09979841,57872.0
2024-07-13,59226.0,1402.77014751,59331.0
2024-07-14,60823.0,1472.24156208,60892.0
2024-07-15,64769.0,3739.21959674,64883.0
2024-07-16,65081.0,3199.09903583,65106.0
2024-07-17,64091.0,1880.4909098599999,64162.0
2024-07-18,63964.0,1526.40752618,63908.0
2024-07-19,66705.0,3112.2854205,66749.0
2024-07-20,67155.0,1186.52410101,67136.0
2024-07-21,68158.0,1881.46231613,68185.0
2024-07-22,67562.0,2375.20572016,67569.0
2024-07-23,65944.0,2417.1788543,65998.0
2024-07-24,65376.0,1796.81531975,65449.0
2024-07-25,65796.0,2022.67493049,65827.0
2024-07-26,67921.0,1786.03393977,67876.0
2024-07-27,67892.0,1875.17940599,67572.0
2024-07-28,68264.0,861.95803297,68199.0
2024-07-29,66780.0,2363.69521213,66745.0
2024-07-30,66171.0,1561.0859685,66082.0
2024-07-31,64612.0,1629.25774256,64688.0
2024-08-01,65293.0,2890.60704678,65410.0
2024-08-02,61421.0,3479.04685468,61479.0
2024-08-03,60672.0,1821.49896119,60701.0
2024-08-04,58142.0,2394.63310114,58280.0
2024-08-05,54014.0,8238.87212141,54189.0
2024-08-06,56053.0,3769.72498337,55939.0
2024-08-07,55136.0,3993.76663285,55206.0
2024-08-08,61699.0,3876.67202263,61653.0
2024-08-09,60860.0,2241.31073361,60737.0
2024-08-10,60952.0,1018.51751275,60969.0
2024-08-11,58725.0,1496.95386612,58800.0
2024-08-12,59362.0,3412.56068233,59456.0
2024-08-13,60620.0,2874.93115361,60472.0
2024-08-14,58697.0,3027.98966223,58738.0
2024-08-15,57557.0,3240.34341745,57507.0
2024-08-16,58883.0,2945.17331922,58914.0
2024-08-17,59487.0,913.41960834,59490.0
2024-08-18,58430.0,1375.04482657,58406.0
2024-08-19,59497.0,2045.09787264,59469.0
2024-08-20,59012.0,2569.3787569,59162.0
2024-08-21,61159.0,2508.0146228099998,61170.0
2024-08-22,60383.0,1929.30627319,60406.0
2024-08-23,64085.0,3470.07123728,64136.0
2024-08-24,64174.0,1163.89809817,64234.0
2024-08-25,64262.0,918.66616491,64371.0
2024-08-26,62852.0,1460.73492982,62881.0
2024-08-27,59427.0,2540.60072662,59337.0
2024-08-28,59033.0,2782.47691366,59072.0
2024-08-29,59365.0,2511.22388288,59306.0
2024-08-30,59113.0,2039.74822306,59112.0
2024-08-31,58967.0,738.75417566,58972.0
2024-09-01,57310.0,1650.43196007,57334.0
2024-09-02,59133.0,1642.91265395,59104.0
2024-09-03,57493.0,1476.9343549,57626.0
2024-09-04,57956.0,2077.78659826,58007.0
2024-09-05,56158.0,1485.69244111,56193.0
2024-09-06,53955.0,2938.3981761,53966.0
2024-09-07,54147.0,1046.863932,54118.0
2024-09-08,54866.0,1237.77945151,54784.0
2024-09-09,57059.0,2644.12002332,56975.0
2024-09-10,57659.0,1878.56149502,57625.0
2024-09-11,57342.0,3024.35845323,57382.0
2024-09-12,58139.0,2392.01885139,58159.0
2024-09-13,60545.0,2622.28151587,60614.0
2024-09-14,60012.0,744.81553897,60028.0
2024-09-15,59130.0,1377.74210648,59197.0
2024-09-16,58212.0,1692.12077561,58263.0
2024-09-17,60316.0,2677.19875968,60317.0
2024-09-18,61757.0,3237.8308454,61880.0
2024-09-19,62940.0,3050.8160287700002,62936.0
2024-09-20,63211.0,1646.72507369,63177.0
2024-09-21,63364.0,578.82075001,63372.0
2024-09-22,63563.0,932.57108331,63462.0
2024-09-23,63325.0,1113.07851811,63380.0
2024-09-24,64260.0,1621.50232416,64219.0
2024-09-25,63147.0,1172.76426267,63137.0
2024-09-26,65175.0,1758.77420578,65071.0
2024-09-27,65781.0,1261.81543351,65827.0
2024-09-28,65876.0,557.50374744,65867.0
2024-09-29,65601.0,487.19186994,65502.0
2024-09-30,63302.0,1759.70729545,63314.0
2024-10-01,60807.0,2797.97709897,60799.0
2024-10-02,60634.0,2437.72512955,60599.0
2024-10-03,60745.0,1412.60368684,60756.0
2024-10-04,62081.0,1394.47802907,62194.0
2024-10-05,62063.0,449.65424183,61999.0
2024-10-06,62814.0,846.73208591,62840.0
2024-10-07,62212.0,1815.26837202,62288.0
2024-10-08,62133.0,1116.30278349,62072.0
2024-10-09,60582.0,1354.90943313,60560.0
2024-10-10,60278.0,1799.4872895600001,60246.0
2024-10-11,62452.0,1582.70508322,62564.0
2024-10-12,63194.0,685.69286582,63254.0
2024-10-13,62849.0,653.16610878,62808.0
2024-10-14,66070.0,2390.38938585,66070.0
2024-10-15,67061.0,2488.99178965,67030.0
2024-10-16,67622.0,1716.95969807,67702.0
2024-10-17,67392.0,1298.22146294,67376.0
2024-10-18,68420.0,1434.33126968,68466.0
2024-10-19,68359.0,414.91156597,68379.0
2024-10-20,69011.0,606.10309373,68981.0
2024-10-21,67340.0,1752.72054327,67354.0
2024-10-22,67382.0,1626.8596456,67356.0
2024-10-23,66601.0,1927.8417095300001,66576.0
2024-10-24,68155.0,2140.08818467,68198.0
2024-10-25,66578.0,2730.81362994,66545.0
2024-10-26,67003.0,489.32578253,67000.0
2024-10-27,67938.0,739.97895752,67948.0
2024-10-28,69918.0,2063.86332457,69823.0
2024-10-29,72729.0,3975.6902031,72641.0
2024-10-30,72331.0,2263.68354591,72348.0
2024-10-31,70231.0,1776.40915493,70230.0
2024-11-01,69490.0,2717.47179295,69573.0
2024-11-02,69330.0,1047.12468684,69296.0
2024-11-03,68738.0,1915.47157334,68619.0
2024-11-04,67818.0,2538.3408022099998,67810.0
2024-11-05,69386.0,2370.70518293,69504.0
2024-11-06,75637.0,7732.00129394,75659.0
2024-11-07,75921.0,3265.43357289,75972.0
2024-11-08,76561.0,2466.52573117,76496.0
2024-11-09,76722.0,837.82745419,76569.0
2024-11-10,80425.0,2739.76560525,80536.0
2024-11-11,88770.0,6695.15671543,88334.0
2024-11-12,88031.0,8037.51453432,88251.0
2024-11-13,90521.0,7338.0297277,90350.0
2024-11-14,87333.0,3805.7616409,87705.0
2024-11-15,91070.0,4491.15106913,91169.0
2024-11-16,90608.0,1538.87717754,90691.0
2024-11-17,89861.0,2016.09767635,89787.0
2024-11-18,90512.0,4276.18821636,90489.0
2024-11-19,92424.0,3884.88262437,92374.0
2024-11-20,94373.0,9293.97029198,94356.0
2024-11-21,98451.0,7280.76958238,98439.0
2024-11-22,99013.0,4646.09454486,98902.0
2024-11-23,97775.0,1719.12474462,97802.0
2024-11-24,98007.0,1814.0075721,97843.0
2024-11-25,93035.0,2969.54841533,93010.0
2024-11-26,91928.0,3575.09743077,91774.0
2024-11-27,95978.0,2999.13415798,95941.0
2024-11-28,95661.0,2070.2707683,95616.0
2024-11-29,97512.0,2410.84197795,97357.0
2024-11-30,96441.0,646.22078077,96562.0
2024-12-01,97291.0,884.6556605,97255.0
2024-12-02,95859.0,3225.0210163,95863.0
2024-12-03,95926.0,3484.90912488,95982.0
2024-12-04,98773.0,4309.94473587,98713.0
2024-12-05,97057.0,7450.45018748,96667.0
2024-12-06,99898.0,2613.21105227,99994.0
2024-12-07,99929.0,587.87674509,99993.0
2024-12-08,101204.0,1073.32763391,101044.0
2024-12-09,97468.0,2468.79283854,97079.0
2024-12-10,96648.0,2092.49724122,96740.0
2024-12-11,101201.0,2196.1813751,101155.0
2024-12-12,100068.0,1393.19342191,100098.0
2024-12-13,101435.0,1030.49421453,101416.0
2024-12-14,101382.0,566.5366089,101466.0
2024-12-15,104427.0,1369.98798554,104573.0
2024-12-16,106073.0,2171.77263705,106051.0
2024-12-17,106187.0,1405.93900566,106129.0
2024-12-18,100153.0,2557.28814854,100536.0
2024-12-19,97375.0,3425.5015449,97586.0
2024-12-20,97760.0,2706.24143724,97669.0
2024-12-21,97211.0,1740.04323929,97133.0
2024-12-22,95098.0,2075.50874332,95041.0
2024-12-23,94750.0,2428.60426472,94615.0
2024-12-24,98596.0,1444.53568991,98526.0
2024-12-25,99374.0,849.51224828,99721.0
2024-12-26,95687.0,1501.36776618,95719.0
2024-12-27,94168.0,2416.24232245,94280.0
2024-12-28,95139.0,839.50518103,95008.0
2024-12-29,93557.0,851.80554921,93412.0
2024-12-30,92628.0,1841.04308392,92556.0
2024-12-31,93381.0,1128.82793677,93450.0
2025-01-01,94388.0,777.13942547,94294.0
2025-01-02,96907.0,1219.19370744,96882.0
2025-01-03,98133.0,1159.41909795,98174.0
2025-01-04,98209.0,445.49130336,98182.0
2025-01-05,98327.0,454.72019157,98437.0
2025-01-06,102280.0,1742.61289193,102163.0
2025-01-07,96946.0,1490.59996722,96749.0
2025-01-08,95065.0,2081.0446275,94940.0
2025-01-09,92542.0,1877.80058869,92580.0
2025-01-10,94702.0,1798.96999215,94664.0
2025-01-11,94568.0,639.87740098,94566.0
2025-01-12,94497.0,570.97876662,94506.0
2025-01-13,94505.0,2125.86232734,94484.0
2025-01-14,96523.0,1477.80944326,96483.0
2025-01-15,100512.0,1811.81706595,100500.0
2025-01-16,99975.0,1817.77460574,100017.0
2025-01-17,104119.0,3087.39708067,104252.0
2025-01-18,104436.0,1306.42802809,104289.0
2025-01-19,101237.0,2602.44233467,100724.0
2025-01-20,102141.0,3921.86906882,101666.0
2025-01-21,106149.0,3058.41033426,106006.0
2025-01-22,103632.0,1713.55368827,103663.0
2025-01-23,103933.0,3790.17304182,103866.0
2025-01-24,104855.0,1725.23369955,104753.0
2025-01-25,104738.0,735.89058503,104779.0
2025-01-26,102573.0,798.34131897,102850.0
2025-01-27,102090.0,3210.12625421,102498.0
2025-01-28,101292.0,1721.67321227,101336.0
2025-01-29,103747.0,1535.93165933,103700.0
2025-01-30,104738.0,1543.13930195,104866.0
2025-01-31,102412.0,2016.51235916,102277.0
2025-02-01,100638.0,785.48911683,100577.0
2025-02-02,97675.0,1747.97820698,97282.0
2025-02-03,101457.0,4081.88402077,101557.0
2025-02-04,97786.0,2068.16739103,98010.0
2025-02-05,96614.0,1576.92222741,96794.0
2025-02-06,96573.0,1723.92521071,96754.0
2025-02-07,96535.0,1936.93167774,96485.0
2025-02-08,96472.0,615.71243239,96465.0
2025-02-09,96477.0,1008.66870716,96794.0
2025-02-10,97469.0,994.10887876,97493.0
2025-02-11,95754.0,1284.47141085,95877.0
2025-02-12,97882.0,1476.47049215,97688.0
2025-02-13,96627.0,857.75893529,96633.0
2025-02-14,97520.0,1251.2726876,97459.0
2025-02-15,97591.0,335.74480408,97630.0
2025-02-16,96132.0,445.57381146,96159.0
2025-02-17,95772.0,800.63807134,95873.0
2025-02-18,95612.0,1415.52902397,95551.0
2025-02-19,96642.0,1420.10472761,96664.0
2025-02-20,98337.0,1681.57650135,98443.0
2025-02-21,96131.0,2838.77561898,95979.0
2025-02-22,96572.0,795.72262624,96540.0
2025-02-23,96262.0,539.9144753,96244.0
2025-02-24,91554.0,1692.14741385,91607.0
2025-02-25,88576.0,4284.62546279,88456.0
2025-02-26,84071.0,3118.75478282,84239.0
2025-02-27,84639.0,2559.94908433,84764.0
2025-02-28,84321.0,3567.36797341,84262.0
2025-03-01,86033.0,1461.96601707,86022.0
2025-03-02,94273.0,3153.02965002,93987.0
2025-03-03,86160.0,2856.70424439,86028.0
2025-03-04,87240.0,3206.20571035,87076.0
2025-03-05,90611.0,1832.66540574,90691.0
2025-03-06,89918.0,2169.68972472,90133.0
2025-03-07,86759.0,3286.78015466,86701.0
2025-03-08,86192.0,579.74911104,86146.0
2025-03-09,80708.0,1710.17938787,81237.0
2025-03-10,78561.0,2977.79268756,78889.0
2025-03-11,82869.0,2656.56371178,82782.0
2025-03-12,83620.0,2469.21846953,83783.0
2025-03-13,81079.0,1830.00089168,80961.0
2025-03-14,83975.0,1986.99511377,84065.0
2025-03-15,84347.0,486.19010212,84347.0
2025-03-16,82555.0,1178.20234353,82627.0
2025-03-17,84058.0,1198.89639605,83923.0
2025-03-18,82715.0,1290.21505333,82632.0
2025-03-19,86868.0,1926.60953491,87329.0
2025-03-20,84158.0,1877.13235545,84265.0
2025-03-21,84061.0,1146.50782993,84049.0
2025-03-22,83823.0,316.86484991,83813.0
2025-03-23,86084.0,649.91397891,85969.0
2025-03-24,87512.0,1888.33413141,87310.0
2025-03-25,87436.0,2134.77215325,87356.0
2025-03-26,86913.0,1552.95977276,86950.0
2025-03-27,87219.0,1289.3728971,87118.0
2025-03-28,84379.0,1392.33624956,84317.0
2025-03-29,82608.0,745.3934536,82609.0
2025-03-30,82359.0,840.38263469,82388.0
2025-03-31,82538.0,1937.3372797,82602.0
2025-04-01,85170.0,1504.00240153,85188.0
2025-04-02,82502.0,2861.64666347,82209.0
2025-04-03,83132.0,1777.45240819,83216.0
2025-04-04,83851.0,2005.88282699,83760.0
2025-04-05,83507.0,518.1818542999999,83478.0
2025-04-06,78342.0,2165.48130222,77759.0
2025-04-07,79127.0,4083.99710956,79234.0
2025-04-08,76244.0,2245.5090104,75999.0
2025-04-09,82595.0,4038.27621051,82586.0
2025-04-10,79543.0,1564.07737754,79552.0
2025-04-11,83384.0,1728.84098877,83348.0
2025-04-12,85274.0,847.63757574,85280.0
2025-04-13,83712.0,1210.92223051,83778.0
2025-04-14,84583.0,1425.88175716,84514.0
2025-04-15,83686.0,1162.91179825,83646.0
2025-04-16,84046.0,1593.44839937,84091.0
2025-04-17,84954.0,1119.58782405,84888.0
2025-04-18,84468.0,323.24096242,84468.0
2025-04-19,85069.0,631.49083813,85059.0
2025-04-20,85198.0,462.80974618,85180.0
2025-04-21,87505.0,2179.81586603,87567.0
2025-04-22,93481.0,2859.469206,93678.0
2025-04-23,93730.0,2423.4269158,93615.0
2025-04-24,94010.0,1192.7081751,93925.0
2025-04-25,94726.0,2287.68750103,94847.0
2025-04-26,94662.0,518.68073079,94639.0
2025-04-27,93769.0,582.20526798,93709.0
2025-04-28,95041.0,1571.43868511,94979.0
2025-04-29,94285.0,877.67378025,94202.0
2025-04-30,94181.0,1384.2436258,94228.0
2025-05-01,96535.0,1742.18663518,96614.0
2025-05-02,96925.0,919.20772116,96939.0
2025-05-03,95916.0,696.37418877,95924.0
2025-05-04,94316.0,562.77317581,94271.0
2025-05-05,94725.0,936.93369617,94700.0
2025-05-06,96814.0,1074.63503655,96763.0
2025-05-07,97054.0,1333.27237851,97071.0
2025-05-08,103261.0,2303.46314389,103122.0
2025-05-09,102991.0,1336.0859085499999,103036.0
2025-05-10,104809.0,624.26506624,104879.0
2025-05-11,104129.0,718.36832309,104194.0
2025-05-12,102796.0,1914.47205431,102633.0
2025-05-13,104135.0,1432.50405705,104034.0
2025-05-14,103531.0,1171.49377037,103541.0
2025-05-15,103793.0,1339.09330148,103871.0
2025-05-16,103506.0,994.76037696,103499.0
2025-05-17,103153.0,459.80988884,103236.0
2025-05-18,106520.0,905.17939556,106649.0
2025-05-19,105622.0,1677.9321234,105716.0
2025-05-20,106855.0,1462.42485262,106955.0
2025-05-21,109682.0,2430.79413683,109876.0
2025-05-22,111743.0,1375.74025669,111559.0
2025-05-23,107329.0,1588.22862639,106929.0
2025-05-24,107799.0,577.06680579,107980.0
2025-05-25,109068.0,908.97625311,108963.0
2025-05-26,109468.0,736.73662452,109386.0
2025-05-27,108980.0,1296.61250535,108902.0
2025-05-28,107811.0,1079.82738975,107657.0
2025-05-29,105578.0,1431.77890157,105734.0
2025-05-30,104034.0,1224.11022278,104059.0
2025-05-31,104646.0,483.31138627,104608.0
2025-06-01,105705.0,648.06747831,105682.0
2025-06-02,105905.0,941.7313758,105834.0
2025-06-03,105454.0,924.42389243,105562.0
2025-06-04,104745.0,791.94847355,104816.0
2025-06-05,101559.0,1374.3295089,101494.0
2025-06-06,104393.0,1474.94148302,104371.0
2025-06-07,105619.0,613.87145578,105591.0
2025-06-08,105792.0,353.13072588,105784.0
2025-06-09,110307.0,1163.27877626,110240.0
2025-06-10,110292.0,920.65276216,110260.0
2025-06-11,108678.0,717.4883123,108618.0
2025-06-12,105731.0,855.76506249,104848.0
2025-06-13,106118.0,1268.16488329,106066.0
2025-06-14,105464.0,516.90004886,105410.0
2025-06-15,105617.0,487.58970132,105603.0
2025-06-16,106829.0,932.05599039,106663.0
2025-06-17,104584.0,1157.65258947,104602.0
2025-06-18,104922.0,971.05031921,104900.0
2025-06-19,104688.0,464.84582604,104621.0
2025-06-20,103316.0,971.51619457,103267.0
2025-06-21,102139.0,817.52134527,102581.0
2025-06-22,101015.0,1366.05281274,100758.0
2025-06-23,105464.0,1771.47809411,105453.0
2025-06-24,106131.0,1158.17542632,106093.0
2025-06-25,107418.0,1202.13073102,107440.0
2025-06-26,107004.0,791.37974938,107050.0
2025-06-27,107100.0,1286.60711501,107029.0
2025-06-28,107348.0,204.99976689,107340.0
2025-06-29,108384.0,526.42907649,108308.0
2025-06-30,107179.0,809.671168,107170.0
2025-07-01,105709.0,918.59180036,105727.0
2025-07-02,108885.0,910.95167606,109023.0
2025-07-03,109648.0,902.39480928,109659.0
2025-07-04,108033.0,607.8822874,108039.0
2025-07-05,108240.0,219.21691172,108221.0
2025-07-06,109233.0,420.08244319,109192.0
2025-07-07,108287.0,708.78251782,108275.0
2025-07-08,108947.0,676.89664809,108877.0
2025-07-09,111287.0,1206.49472676,111339.0
2025-07-10,116031.0,1983.52144626,116038.0
2025-07-11,117579.0,1872.27005924,117588.0
2025-07-12,117464.0,657.61118852,117407.0
2025-07-13,119135.0,699.60199797,119064.0
2025-07-14,119879.0,2008.67990115,119799.0
2025-07-15,117769.0,5844.5567311,117603.0
2025-07-16,118718.0,1446.65793099,118714.0
2025-07-17,119275.0,1630.82389973,119472.0
2025-07-18,118022.0,1825.06401069,118017.0
2025-07-19,117916.0,499.25171162,117886.0
2025-07-20,117339.0,615.19846734,117256.0
2025-07-21,117437.0,1334.5015779999999,117383.0
2025-07-22,120011.0,1298.08983461,119954.0
2025-07-23,118813.0,980.23169548,118710.0
2025-07-24,118347.0,1079.42129756,118290.0
2025-07-25,117653.0,5661.93875187,117497.0
2025-07-26,117962.0,618.43322749,117947.0
2025-07-27,119469.0,579.57477524,119417.0
2025-07-28,118051.0,1062.35423495,118119.0
2025-07-29,117926.0,1161.32333055,117802.0
2025-07-30,117834.0,1043.63562888,117819.0
2025-07-31,115750.0,1022.71220262,115755.0
2025-08-01,113243.0,2329.78743891,113175.0
2025-08-02,112522.0,1093.67089437,112611.0
2025-08-03,114226.0,757.70817537,114262.0
2025-08-04,115051.0,933.27650923,114996.0
2025-08-05,114133.0,941.80637472,114088.0
2025-08-06,115030.0,1202.63711783,114987.0
2025-08-07,117515.0,1447.58301804,117450.0
2025-08-08,116675.0,1599.13538797,116680.0
2025-08-09,116495.0,985.99079289,116555.0
2025-08-10,119310.0,1018.22600871,119222.0
2025-08-11,118712.0,2061.10609204,118734.0
2025-08-12,120107.0,1834.33264903,120153.0
2025-08-13,123360.0,2624.51093464,123637.0
2025-08-14,118394.0,2568.14323965,118425.0
2025-08-15,117446.0,1480.94500475,117443.0
2025-08-16,117460.0,818.55779223,117453.0
2025-08-17,117490.0,822.50240192,117453.0
2025-08-18,116265.0,1938.43650897,116341.0
2025-08-19,112870.0,1676.74821297,113159.0
2025-08-20,114263.0,2261.15590441,114184.0
2025-08-21,112472.0,1865.84099631,112500.0
2025-08-22,116891.0,2747.02375092,116846.0
2025-08-23,115392.0,1011.7640787,115319.0
2025-08-24,113478.0,1706.85921657,113451.0
2025-08-25,110136.0,2458.05879872,109885.0
2025-08-26,111788.0,1921.06840005,111659.0
2025-08-27,111273.0,1115.69227815,111386.0
2025-08-28,112581.0,1313.36312523,112511.0
2025-08-29,108362.0,1977.32412474,108283.0
2025-08-30,108827.0,790.83013066,108824.0
2025-08-31,108269.0,747.36779711,108123.0
2025-09-01,109244.0,1584.06180608,109131.0
2025-09-02,111238.0,2118.59829056,111316.0
2025-09-03,111759.0,2089.17921268,111760.0
2025-09-04,110747.0,1931.55865495,110792.0
2025-09-05,110669.0,2214.24201717,110647.0
2025-09-06,110223.0,753.36082686,110261.0
2025-09-07,111144.0,1147.75813028,111050.0
2025-09-08,112098.0,1382.32507241,112080.0
2025-09-09,111531.0,1444.08044039,111560.0
2025-09-10,113988.0,1623.88652527,113991.0
2025-09-11,115533.0,1488.7439821,115695.0
2025-09-12,116108.0,2158.42031268,116102.0
2025-09-13,115981.0,637.92000888,116018.0
2025-09-14,115342.0,709.05249747,115200.0
2025-09-15,115387.0,1496.61808415,115311.0
2025-09-16,116837.0,1255.43431844,116784.0
2025-09-17,116477.0,2153.84805045,116387.0
2025-09-18,117125.0,2093.19820754,117156.0
2025-09-19,115702.0,1802.70990238,115698.0
2025-09-20,115759.0,1111.98890244,115767.0
2025-09-21,115292.0,789.19772796,115360.0
2025-09-22,112741.0,1951.76217647,112678.0
2025-09-23,112025.0,1468.03878727,111997.0
2025-09-24,113339.0,1320.90667792,113445.0
2025-09-25,109021.0,2615.57202808,109197.0
2025-09-26,109696.0,1849.1098284,109701.0
2025-09-27,109679.0,475.39719794,109725.0
2025-09-28,112203.0,789.14477935,112156.0
2025-09-29,114379.0,1866.13986072,114319.0
2025-09-30,114065.0,1873.80348877,114202.0
2025-10-01,118668.0,2297.03276139,119122.0
2025-10-02,120612.0,2079.67690093,120462.0
2025-10-03,122308.0,3097.07232266,122200.0
2025-10-04,122441.0,628.47218404,122390.0
2025-10-05,123519.0,1675.31764003,123421.0
2025-10-06,124728.0,2416.9019815,124753.0
2025-10-07,121395.0,2470.10489687,121646.0
2025-10-08,123345.0,2511.13170614,123263.0
2025-10-09,121695.0,2339.50892075,121762.0
2025-10-10,112996.0,4713.81894506,113030.0
2025-10-11,110764.0,2954.91390717,110596.0
2025-10-12,115090.0,2969.34386191,115202.0
2025-10-13,115265.0,1947.58068078,115222.0
2025-10-14,113078.0,2253.66732902,113002.0
2025-10-15,110804.0,2023.01367329,110851.0
2025-10-16,108206.0,3004.36833057,108076.0
2025-10-17,106476.0,4616.53928421,106397.0
2025-10-18,107220.0,852.54214319,107207.0
2025-10-19,108684.0,2023.09215463,108415.0
2025-10-20,110580.0,2416.65967333,110436.0
2025-10-21,108372.0,4329.34460736,108499.0
2025-10-22,107595.0,2975.12108444,107601.0
2025-10-23,110111.0,1735.25029935,110129.0
2025-10-24,111039.0,1412.66498963,111039.0
2025-10-25,111668.0,461.82280861,111609.0
2025-10-26,114551.0,953.31627049,114740.0
2025-10-27,114101.0,1510.78251849,114014.0
2025-10-28,112925.0,1398.6106738,112890.0
2025-10-29,110038.0,1666.55640703,109990.0
2025-10-30,108306.0,2489.03576718,108411.0
2025-10-31,109554.0,1789.04697521,109398.0
2025-11-01,110047.0,566.13804885,109988.0
2025-11-02,110530.0,971.54551341,110571.0
2025-11-03,106548.0,2920.15812883,106482.0
2025-11-04,101466.0,5333.62771462,101345.0
2025-11-05,103865.0,2852.19774457,103598.0
2025-11-06,101284.0,2708.20760477,101425.0
2025-11-07,103275.0,2790.81081749,103112.0
2025-11-08,102286.0,1224.83513732,102300.0
2025-11-09,104705.0,1718.06176241,104346.0
2025-11-10,105972.0,1858.36284442,105977.0
2025-11-11,103015.0,1836.8384477,103210.0
2025-11-12,101635.0,1780.49932854,101694.0
2025-11-13,99618.0,3403.60227589,99467.0
2025-11-14,94509.0,6242.59326859,94885.0
2025-11-15,95539.0,1766.66154855,95551.0
2025-11-16,94187.0,2865.93071437,94139.0
2025-11-17,92102.0,4149.8301696300005,92141.0
2025-11-18,92911.0,4742.0424366199995,92620.0
2025-11-19,91474.0,3769.12562257,91391.0
2025-11-20,86527.0,5180.9142115,86611.0
2025-11-21,85060.0,8467.35355799,85236.0
2025-11-22,84679.0,2384.78905136,84859.0
2025-11-23,86803.0,2773.78769575,86594.0
2025-11-24,88277.0,4092.88381218,88139.0
2025-11-25,87331.0,2871.1718489,87565.0
2025-11-26,90477.0,2971.04093074,90404.0
2025-11-27,91325.0,1908.75344376,91184.0
2025-11-28,90913.0,2305.99037956,90971.0
2025-11-29,90832.0,681.59946371,90871.0
2025-11-30,90382.0,1020.91842738,89817.0
2025-12-01,86291.0,4297.0003516,86326.0
2025-12-02,91300.0,4590.27780876,91293.0
2025-12-03,93472.0,4462.81522934,93455.0
2025-12-04,92103.0,2700.62528856,92235.0
2025-12-05,89348.0,3068.81366007,89224.0
2025-12-06,89249.0,1058.7437302,89306.0
2025-12-07,90405.0,2387.94536185,90389.0
2025-12-08,90649.0,3033.70925459,90644.0
2025-12-09,92695.0,3420.15950535,92676.0
2025-12-10,92036.0,3493.06940422,92026.0
2025-12-11,92531.0,3855.94833075,92481.0
2025-12-12,90275.0,2653.35034927,90402.0
2025-12-13,90264.0,588.9306767,90174.0
2025-12-14,88164.0,2245.28512647,88286.0
2025-12-15,86412.0,3042.86671686,86441.0
2025-12-16,87843.0,2848.88747564,87612.0
2025-12-17,86215.0,3340.0060966300002,86170.0
2025-12-18,85460.0,3975.60917787,85401.0
2025-12-19,88095.0,3013.6629094,88048.0
2025-12-20,88324.0,593.71520281,88304.0
2025-12-21,88636.0,1067.66979397,88739.0
2025-12-22,88539.0,3033.70931489,88447.0
2025-12-23,87423.0,2425.45718247,87489.0
2025-12-24,87605.0,1586.51838352,87557.0
2025-12-25,87172.0,1026.06124365,87200.0
2025-12-26,87296.0,1995.30168019,87274.0
2025-12-27,87810.0,482.15727159,87824.0
2025-12-28,87870.0,559.35879313,87783.0
2025-12-29,87119.0,2713.91365162,87149.0
2025-12-30,88390.0,1997.61555935,88320.0
2025-12-31,87496.0,1905.50552287,87548.0
2026-01-01,88728.0,1395.46879155,88602.0
2026-01-02,89952.0,3580.71314243,90001.0
2026-01-03,90590.0,830.75213082,90906.0
2026-01-04,91501.0,1249.27665922,91785.0
2026-01-05,93876.0,3369.25944401,93971.0
2026-01-06,93712.0,2746.410348,93564.0
2026-01-07,91273.0,2544.89091077,91244.0
2026-01-08,91031.0,3047.61486403,91032.0
2026-01-09,90510.0,2812.731608,90527.0
2026-01-10,90382.0,416.98576685,90353.0
2026-01-11,90872.0,856.51847229,90794.0
2026-01-12,91195.0,2412.5772724,91270.0
2026-01-13,95366.0,4730.60046022,95428.0
2026-01-14,96942.0,5227.41310032,96826.0
2026-01-15,95577.0,2812.14817177,95657.0
2026-01-16,95521.0,1782.92777503,95495.0
2026-01-17,95113.0,471.76539206,95068.0
2026-01-18,93636.0,918.99519084,92947.0
2026-01-19,92560.0,1871.62721794,92706.0
2026-01-20,88316.0,4353.6405891,88467.0
2026-01-21,89374.0,4896.02575856,89509.0
2026-01-22,89464.0,2031.68926269,89412.0
2026-01-23,89493.0,2347.64120002,89477.0
2026-01-24,89089.0,472.12028436,89106.0
2026-01-25,86567.0,1952.93731653,86670.0
2026-01-26,88247.0,2317.09931351,88180.0
2026-01-27,89135.0,2324.46278911,89063.0
2026-01-28,89168.0,2234.89028223,89012.0
2026-01-29,84530.0,3681.40597733,84598.0
2026-01-30,84130.0,5197.26894551,83999.0
2026-01-31,78635.0,5126.14877716,78816.0
2026-02-01,76888.0,3780.29100762,76725.0
2026-02-02,78666.0,5904.57069753,78480.0
2026-02-03,75662.0,6491.42242041,75547.0
2026-02-04,73000.0,6664.20590605,72902.0
2026-02-05,62795.0,12980.44506677,62190.0
2026-02-06,70531.0,12389.36347229,70215.0
2026-02-07,69246.0,5313.40541323,69337.0
2026-02-08,70283.0,3209.084422,70384.0
2026-02-09,70094.0,4251.33624282,70058.0
2026-02-10,68802.0,4052.50039834,68777.0
2026-02-11,67053.0,6069.91114912,67070.0
2026-02-12,66207.0,3577.43834177,66392.0
2026-02-13,68812.0,3679.26812952,68840.0
2026-02-14,69791.0,1855.0088025,69783.0
2026-02-15,68792.0,2583.79100836,68705.0
2026-02-16,68867.0,2561.43683283,68796.0
2026-02-17,67468.0,3173.29499982,67503.0
2026-02-18,66425.0,3269.12137366,66408.0
2026-02-19,66973.0,2883.19175749,66935.0
2026-02-20,67992.0,4286.2528682,67982.0
2026-02-21,67966.0,1421.65471687,68005.0
2026-02-22,67612.0,1206.46701391,67588.0
2026-02-23,64630.0,5280.3221423,64676.0
2026-02-24,64059.0,4165.22296831,64054.0
2026-02-25,67994.0,6032.18559863,67809.0
2026-02-26,67488.0,3855.80807448,67399.0
2026-02-27,65868.0,4056.20640648,65898.0
2026-02-28,66985.0,5941.59308309,67046.0
2026-03-01,65771.0,4640.41251723,65912.0
2026-03-02,68821.0,6481.12468127,68942.0
2026-03-03,68336.0,5194.30176765,68280.0
2026-03-04,72691.0,6743.89222058,72703.0
2026-03-05,70896.0,4548.71307503,70907.0
2026-03-06,68114.0,3520.23830882,68112.0
2026-03-07,67269.0,1602.73980283,67385.0
2026-03-08,65975.0,2829.70777868,66138.0
2026-03-09,68453.0,4665.57773266,68482.0
2026-03-10,69963.0,5202.71519204,69768.0
2026-03-11,70196.0,4649.31092584,70193.0
2026-03-12,70529.0,4885.75029631,70493.0
2026-03-13,70949.0,4593.78432038,70823.0
2026-03-14,71218.0,1520.25473636,71123.0
2026-03-15,72831.0,2292.61546545,72967.0
2026-03-16,74876.0,3772.15166866,74710.0
2026-03-17,73928.0,3923.49624615,73929.0
2026-03-18,71259.0,3059.47018424,71276.0
2026-03-19,69921.0,3381.21580722,69863.0
2026-03-20,70502.0,2786.90640315,70555.0
2026-03-21,68910.0,1361.20269127,68453.0
2026-03-22,67860.0,2109.6159151,67943.0
2026-03-23,70883.0,3654.99346849,70906.0
2026-03-24,70519.0,3323.54868049,70597.0
2026-03-25,71301.0,2612.72355105,71231.0
2026-03-26,68779.0,3000.04397195,68737.0
2026-03-27,66359.0,3005.97680194,66404.0
2026-03-28,66321.0,869.91978741,66408.0
2026-03-29,65954.0,1293.83955401,65820.0
2026-03-30,66731.0,2769.150905,66744.0
2026-03-31,68215.0,2152.37368471,68120.0
2026-04-01,68102.0,2176.81429582,68105.0
2026-04-02,66890.0,1629.62243304,66974.0
2026-04-03,66944.0,799.7654875,66899.0
2026-04-04,67290.0,407.12820025999997,67288.0
2026-04-05,68999.0,645.41692971,69302.0
2026-04-06,68857.0,1269.73380382,68933.0
2026-04-07,71940.0,1555.8436309,71889.0
2026-04-08,71110.0,1681.53724973,71051.0
2026-04-09,71812.0,1764.99624298,71817.0
2026-04-10,72980.0,2356.29877946,72880.0
2026-04-11,73071.0,760.05196907,72923.0
2026-04-12,70746.0,953.31624651,70692.0
2026-04-13,74447.0,3621.422576,74476.0
2026-04-14,74184.0,4058.73780895,74586.0
2026-04-15,74818.0,824.24583731,74678.0
2026-04-16,75178.0,1166.08154755,75106.0
2026-04-17,77108.0,2558.4395203,77207.0
2026-04-18,75737.0,576.88981552,75792.0
2026-04-19,73825.0,794.5007864199999,74096.0
2026-04-20,75870.0,812.61140257,75851.0
2026-04-21,76345.0,1106.67718991,76342.0
2026-04-22,78208.0,1500.95939972,78388.0
2026-04-23,78269.0,928.43606242,78203.0
2026-04-24,77466.0,861.89309297,77452.0
2026-04-25,77639.0,273.88400022,77649.0
2026-04-26,78660.0,608.62901057,78823.0
2026-04-27,77373.0,886.75879861,77284.0
2026-04-28,76323.0,931.62772644,76336.0
2026-04-29,75745.0,1208.06442879,75798.0
2026-04-30,76310.0,584.61885651,76449.0
2026-05-01,78232.0,829.68234395,78275.0
2026-05-02,78690.0,360.45077711,78711.0
2026-05-03,78565.0,447.91420445,78487.0
2026-05-04,79844.0,1590.76805531,79976.0
2026-05-05,80913.0,1256.8049875,81062.0
2026-05-06,81447.0,974.73027712,81446.0
2026-05-07,80017.0,1030.93447403,80045.0
2026-05-08,80199.0,861.34554464,80163.0
2026-05-09,80665.0,260.35013444,80641.0
2026-05-10,82193.0,509.08425565,82087.0
2026-05-11,81736.0,1098.10551499,81725.0
2026-05-12,80491.0,1020.45687485,80441.0
2026-05-13,79284.0,1405.79319836,79357.0
2026-05-14,81075.0,2920.28181374,81128.0
2026-05-15,79062.0,1056.97680617,79086.0
2026-05-16,78118.0,443.01524369,78189.0
2026-05-17,77412.0,469.14631985,77284.0
2026-05-18,76949.0,1128.06007716,76921.0
2026-05-19,76757.0,550.76924548,76812.0
2026-05-20,77470.5,723.02197773,77566.01
2026-05-21,77554.0,723.28086911,77473.74
2026-05-22,75451.01,725.0509198,75483.01
2026-05-23,76655.99,967.2323223,76605.0
2026-05-24,76974.88,496.89495019,77059.0
2026-05-25,77254.92,518.69582604,77190.01
2026-05-26,75820.94,1137.32088336,75815.0
2026-05-27,74330.48,881.66520786,74434.08
2026-05-28,73519.16,1415.43760493,73559.53
2026-05-29,73373.29,968.72667883,73354.01
2026-05-30,73762.15,357.56268745,73769.24
2026-05-31,73567.99,421.37448096,73755.13
2026-06-01,71313.86,1811.51510088,71245.01
2026-06-02,66668.6,3062.12034726,66648.0
2026-06-03,64045.64,2990.47757587,64247.78
2026-06-04,63814.8,5828.84132012,63670.91
2026-06-05,61042.14,5485.96092016,61372.54
2026-06-06,60858.64,1210.5341099299999,60907.7
2026-06-07,63315.72,1423.34858338,63278.0
2026-06-08,63061.78,2143.33985315,63004.85
2026-06-09,61685.44,2619.16979905,61790.3
2026-06-10,61456.49,2140.36256101,61525.93
2026-06-11,63558.21,1556.8794791,63514.23
2026-06-12,63531.04,1263.51892611,63528.45
2026-06-13,64440.0,561.3925642,64386.17
2026-06-14,65712.5,779.26765605,65640.0
2026-06-15,66282.05,1590.05635192,66278.45
2026-06-16,65612.86,1296.44629285,65650.8
2026-06-17,64443.27,1568.8341234,64544.02
2026-06-18,62889.92,1547.3288398,62900.11
2026-06-19,63487.34,918.36907249,63455.16
2026-06-20,64245.72,610.71977158,64184.68
2026-06-21,63237.18,551.09674747,63358.09
2026-06-22,63948.96,1437.39073712,63962.61
2026-06-23,62651.43,1351.74022349,62675.56
2026-06-24,60987.0,2180.3762098400002,60999.61
2026-06-25,59696.26,2130.48721866,59748.79
2026-06-26,60019.38,2185.00058617,60024.87
2026-06-27,59940.07,508.53190375,59953.68
2026-06-28,59473.29,634.06945764,59309.7
2026-06-29,60163.86,1820.9079122,60184.14
2026-06-30,58526.17,1527.12409907,58628.06
2026-07-01,59963.46,1390.17261075,59854.66
2026-07-02,61479.1,1886.84255097,61418.02
2026-07-03,62522.46,1067.97160731,62541.11
2026-07-04,63086.18,606.07859629,63009.8
2026-07-05,63587.06,590.31403493,63653.43
2026-07-06,64000.1,1497.89511585,64008.32
2026-07-07,63311.3,1305.02995553,63393.56
2026-07-08,62237.84,902.04205645,62135.03
2026-07-09,63185.92,879.06661154,63146.35
2026-07-10,64114.25,989.8820577,64060.97
2026-07-11,63780.01,373.71337010999997,63840.01
2026-07-12,63743.46,358.98577812999997,63854.05
2026-07-13,62256.81,1038.09649603,62233.84
2026-07-14,64975.72,1066.83456731,64954.26
2026-07-15,64713.83,1005.03285047,64769.72
2026-07-16,63788.02,795.59627502,63759.5
2026-07-17,63891.98,1173.51036409,63900.97
2026-07-18,64792.35,387.44873134,64796.28
2026-07-19,64681.58,480.10924279,64586.94
2026-07-20,65212.6,1506.90189803,65203.87
2026-07-21,66518.68,1289.11475833,66577.98
2026-07-22,66082.49,984.25922288,66106.06
2026-07-23,65050.48,1131.52154987,64975.95
2026-07-24,64086.59,916.37917245,64108.57
2026-07-25,64307.9,351.44623629,64317.89
2026-07-26,65338.88,395.9190576,65226.35
2026-07-27,63697.72,1022.46271431,63700.18
2026-07-28,63850.53,1034.53000264,63964.22
2026-07-29,63894.39,1199.20177592,63913.92
2026-07-30,64716.76,1195.48420629,64808.33
2026-07-31,62817.96,1235.25524562,62888.44
2026-08-01,62759.82,445.31419101,62831.51
2026-08-02,63499.99,485.53607284,63436.53
2026-08-03,63460.01,924.01565811,63511.94
2026-08-04,64056.48,1012.02481152,64023.8
2026-08-05,64600.22,1116.54614458,64559.4
2026-08-06,64255.55,1131.9035155,64290.06
2026-08-07,64877.77,1964.13539171,64885.32
2026-08-08,64908.72,520.80456173,64908.62
2026-08-09,64857.27,628.89456178,64849.05
2026-08-10,63911.16,1480.54318461,63886.78
2026-08-11,63542.82,1378.44718852,63507.05
2026-08-12,63406.33,1617.70676449,63399.74
2026-08-13,63418.04,1675.84013733,63413.78
2026-08-14,62975.97,1244.0348531,62968.88
2026-08-15,63025.94,318.97333488,63014.82
2026-08-16,62831.66,534.53133128,62856.87
2026-08-17,64484.76,2083.29342512,64430.47
2026-08-18,64686.09,1663.10641737,64590.98
2026-08-19,69297.78,4829.36084086,69515.16
2026-08-20,73007.7,4199.95886284,73083.9
2026-08-21,78325.11,6239.29952159,78176.45
2026-08-22,77065.64,1540.63267264,77126.51
2026-08-23,77716.48,1541.9838493,77602.66
2026-08-24,78986.06,2794.80659801,78939.53
2026-08-25,78534.93,2638.50124393,78616.11
2026-08-26,79022.66,1508.94193139,78859.45
2026-08-27,80278.98,3073.12963145,80192.69
2026-08-28,77835.18,3147.57326254,77809.07
2026-08-29,78235.02,809.27102639,78202.36
2026-08-30,77701.7,1401.20396097,77810.4
2026-08-31,78571.17,2264.23417349,78621.56
2026-09-01,77397.43,2851.04332419,77419.28
2026-09-02,77301.83,1643.47814236,77313.59
2026-09-03,81265.0,2498.55416454,81135.68
2026-09-04,79676.6,2226.87926884,79667.8
2026-09-05,79830.42,552.2301498,79873.16
2026-09-06,80338.98,746.1705314,80319.76
2026-09-07,79090.41,1253.60427642,79031.47
2026-09-08,78449.0,1607.0465247,78547.18
2026-09-09,78281.65,1787.66218132,78328.62
2026-09-10,76528.75,1622.87031798,76620.33
2026-09-11,77212.48,2773.54564116,77286.51
2026-09-12,77269.22,499.05342595999997,77271.08
2026-09-13,76808.69,981.62415399,76819.55
2026-09-14,78185.01,2451.20669841,78164.31
2026-09-15,75577.29,2966.54321896,75691.59
2026-09-16,76138.6,1683.17477769,76228.85
2026-09-17,76354.94,1420.05650508,76361.83
2026-09-18,80878.77,2129.79425665,80846.36
2026-09-19,81235.14,1047.02886333,81190.36
2026-09-20,81151.65,849.32563024,81355.66
2026-09-21,86586.52,3037.52099851,86395.28
2026-09-22,86201.35,2202.56160068,86203.49
2026-09-23,84384.54,1502.69933501,84451.23
2026-09-24,84383.03,1717.78144649,84479.47
2026-09-25,84089.54,1580.67563698,84039.79
2026-09-26,84433.05,563.48488566,84347.8
2026-09-27,84457.2,753.87301086,84519.97
2026-09-28,83461.65,1812.67242254,83489.4
2026-09-29,83629.41,1350.22732623,83630.05
2026-09-30,83562.58,1819.3606101999999,83479.14
2026-10-01,84852.65,1410.05930015,84737.16
2026-10-02,84500.84,1967.87867971,84450.09
2026-10-03,84746.87,454.3093179,84813.27
2026-10-04,86510.16,748.65395358,86427.19
2026-10-05,85756.06,1527.80136648,85795.7
2026-10-06,85526.01,148.11881553999999,
