ts,x0005,x0100,x0500,x1200
2011-12-31,4.58,4.58,4.58,4.58
2012-01-01,5.0,5.0,5.0,5.0
2012-01-02,5.0,5.0,5.0,5.32
2012-01-03,5.29,5.29,4.93,4.93
2012-01-04,5.57,5.57,5.75,6.43
2012-01-05,6.65,6.65,6.65,6.73
2012-01-06,6.0,6.0,6.0,6.0
2012-01-07,6.8,6.8,6.8,6.8
2012-01-08,7.0,7.0,6.9,6.9
2012-01-09,6.3,6.3,6.3,6.4
2012-01-10,7.14,7.14,7.14,7.0
2012-01-11,7.0,7.0,6.95,7.3
2012-01-12,6.51,6.51,6.7,6.7
2012-01-13,6.6,6.5,6.4,6.4
2012-01-14,6.3,6.3,6.3,7.15
2012-01-15,7.15,7.15,7.15,7.15
2012-01-16,7.1,7.1,7.1,7.1
2012-01-17,6.0,6.0,6.02,6.5
2012-01-18,7.1,7.1,7.1,6.09
2012-01-19,6.22,6.22,6.22,6.85
2012-01-20,6.95,6.95,6.95,6.95
2012-01-21,6.77,6.77,6.77,6.28
2012-01-22,6.79,6.79,6.79,6.0
2012-01-23,6.52,6.52,6.52,6.55
2012-01-24,6.55,6.55,6.55,6.86
2012-01-25,6.31,6.31,6.31,6.31
2012-01-26,5.5,5.5,6.03,5.0
2012-01-27,5.88,5.88,4.91,4.91
2012-01-28,4.91,4.91,5.9,5.9
2012-01-29,5.5,5.5,5.5,5.5
2012-01-30,5.58,5.58,5.58,5.58
2012-01-31,5.3,5.3,5.3,5.3
2012-02-01,5.88,5.99,5.89,6.16
2012-02-02,6.28,6.3,6.35,5.93
2012-02-03,6.3,6.3,6.37,6.4
2012-02-04,5.94,5.92,5.9,5.9
2012-02-05,5.6,5.6,5.6,5.2
2012-02-06,5.6,5.6,5.6,5.5
2012-02-07,5.69,5.69,5.69,5.79
2012-02-08,5.87,5.87,5.87,5.86
2012-02-09,5.89,5.89,5.88,5.88
2012-02-10,5.88,5.88,5.88,5.5
2012-02-11,5.5,5.5,5.5,5.5
2012-02-12,5.67,5.67,5.5,5.69
2012-02-13,5.79,5.79,5.2,5.63
2012-02-14,4.89,4.89,4.89,4.89
2012-02-15,4.69,4.69,4.7,4.55
2012-02-16,4.51,4.51,4.68,4.62
2012-02-17,4.67,4.67,4.45,4.4
2012-02-18,4.23,4.3,4.3,4.33
2012-02-19,4.38,4.38,4.38,4.67
2012-02-20,4.44,4.44,4.44,4.48
2012-02-21,4.58,4.46,4.46,4.52
2012-02-22,4.51,4.51,4.51,4.55
2012-02-23,5.22,5.22,5.02,5.19
2012-02-24,4.95,4.95,4.95,5.05
2012-02-25,5.0,5.0,5.0,4.96
2012-02-26,4.98,4.98,4.97,5.08
2012-02-27,5.04,5.09,5.04,5.03
2012-02-28,4.97,4.97,4.97,4.97
2012-02-29,4.99,4.99,5.05,5.05
2012-03-01,5.0,5.0,4.8,4.81
2012-03-02,4.79,4.79,4.99,4.74
2012-03-03,4.65,4.65,4.65,4.65
2012-03-04,4.81,4.81,4.97,4.95
2012-03-05,5.06,5.06,5.06,4.95
2012-03-06,4.98,4.98,4.98,5.04
2012-03-07,4.93,4.93,4.9,4.91
2012-03-08,5.01,5.01,5.01,5.07
2012-03-09,4.93,4.93,4.93,4.85
2012-03-10,4.94,4.94,4.94,4.94
2012-03-11,5.0,5.0,5.0,5.0
2012-03-12,4.99,4.99,4.99,4.99
2012-03-13,5.3,5.3,5.3,5.43
2012-03-14,5.27,5.27,5.27,5.43
2012-03-15,5.39,5.39,5.39,5.28
2012-03-16,5.26,5.26,5.26,5.4
2012-03-17,5.42,5.42,5.42,5.31
2012-03-18,5.25,5.25,5.25,5.24
2012-03-19,4.83,4.83,4.92,4.94
2012-03-20,4.79,4.79,4.79,4.96
2012-03-21,4.86,4.81,4.81,4.98
2012-03-22,4.91,4.91,4.91,4.73
2012-03-23,4.78,4.78,4.78,4.78
2012-03-24,4.83,4.83,4.83,4.61
2012-03-25,4.54,4.54,4.62,4.66
2012-03-26,4.73,4.73,4.54,4.77
2012-03-27,4.84,4.72,4.72,4.95
2012-03-28,4.93,4.93,4.93,4.8
2012-03-29,4.84,4.84,4.84,4.91
2012-03-30,4.88,4.88,4.88,4.9
2012-03-31,4.9,4.9,4.9,4.82
2012-04-01,4.89,4.89,4.89,4.81
2012-04-02,5.04,5.04,5.04,5.0
2012-04-03,4.99,4.99,4.99,4.92
2012-04-04,5.01,5.01,5.01,4.89
2012-04-05,5.0,5.0,4.94,4.92
2012-04-06,4.99,4.99,4.91,4.92
2012-04-07,4.7,4.7,4.8,4.7
2012-04-08,4.76,4.76,4.76,4.7
2012-04-09,4.75,4.75,4.75,4.84
2012-04-10,4.8,4.8,4.86,4.84
2012-04-11,4.92,4.92,4.74,4.91
2012-04-12,4.93,4.93,4.88,4.88
2012-04-13,4.93,4.99,4.97,4.95
2012-04-14,4.96,4.96,4.94,4.96
2012-04-15,4.99,4.99,4.93,4.96
2012-04-16,4.98,4.98,4.98,4.99
2012-04-17,4.98,5.0,5.1,5.14
2012-04-18,5.16,5.16,5.07,5.15
2012-04-19,5.13,5.13,5.15,5.17
2012-04-20,5.38,5.43,5.37,5.32
2012-04-21,5.24,5.24,5.21,5.21
2012-04-22,5.17,5.17,5.23,5.2
2012-04-23,4.98,5.06,5.06,5.15
2012-04-24,5.08,5.08,5.08,5.11
2012-04-25,5.14,5.14,5.06,5.12
2012-04-26,4.98,4.98,5.06,5.08
2012-04-27,5.04,5.04,5.07,4.99
2012-04-28,4.91,4.91,4.81,4.9
2012-04-29,4.91,4.91,4.91,4.97
2012-04-30,5.0,5.0,4.86,4.94
2012-05-01,4.97,5.05,5.09,5.14
2012-05-02,5.06,5.06,5.05,5.13
2012-05-03,5.1,5.15,5.07,5.12
2012-05-04,5.07,5.07,5.08,5.11
2012-05-05,5.04,5.04,5.05,5.1
2012-05-06,5.08,5.03,5.03,5.05
2012-05-07,5.05,5.05,5.0,5.06
2012-05-08,5.02,5.02,5.01,5.05
2012-05-09,5.02,5.02,5.02,5.02
2012-05-10,4.87,4.97,4.92,4.87
2012-05-11,4.95,4.95,4.95,4.97
2012-05-12,4.91,4.91,4.91,4.95
2012-05-13,4.94,4.94,4.91,4.91
2012-05-14,4.93,4.93,4.93,4.96
2012-05-15,4.95,4.95,4.95,5.03
2012-05-16,5.04,5.04,5.02,5.03
2012-05-17,5.02,5.03,5.03,5.03
2012-05-18,5.07,5.07,5.07,5.05
2012-05-19,5.07,5.07,5.07,5.03
2012-05-20,5.03,5.03,5.03,5.04
2012-05-21,5.08,5.08,5.08,5.07
2012-05-22,5.03,5.03,5.05,5.04
2012-05-23,5.1,5.1,5.05,5.11
2012-05-24,5.12,5.12,5.09,5.09
2012-05-25,5.08,5.08,5.09,5.09
2012-05-26,5.07,5.07,5.08,5.07
2012-05-27,5.07,5.07,5.08,5.08
2012-05-28,5.07,5.07,5.04,5.09
2012-05-29,5.07,5.07,5.07,5.09
2012-05-30,5.14,5.13,5.14,5.14
2012-05-31,5.17,5.17,5.19,5.23
2012-06-01,5.22,5.22,5.2,5.19
2012-06-02,5.19,5.19,5.19,5.19
2012-06-03,5.19,5.17,5.19,5.22
2012-06-04,5.22,5.28,5.32,5.41
2012-06-05,5.39,5.4,5.4,5.45
2012-06-06,5.41,5.41,5.4,5.46
2012-06-07,5.53,5.46,5.52,5.62
2012-06-08,5.6,5.6,5.61,5.61
2012-06-09,5.48,5.48,5.49,5.53
2012-06-10,5.42,5.48,5.48,5.45
2012-06-11,5.52,5.52,5.59,5.59
2012-06-12,5.71,5.71,5.8,5.89
2012-06-13,5.86,5.86,5.81,5.84
2012-06-14,5.9,5.9,5.88,5.8
2012-06-15,6.42,6.21,6.41,6.49
2012-06-16,6.41,6.41,6.41,6.4
2012-06-17,6.19,6.07,6.19,6.23
2012-06-18,6.06,6.06,6.28,6.47
2012-06-19,6.46,6.4,6.45,6.29
2012-06-20,6.64,6.66,6.67,6.67
2012-06-21,6.64,6.64,6.63,6.67
2012-06-22,6.59,6.59,6.61,6.55
2012-06-23,6.45,6.45,6.45,6.39
2012-06-24,6.4,6.27,6.26,6.2
2012-06-25,6.26,6.26,6.19,6.3
2012-06-26,6.41,6.41,6.35,6.57
2012-06-27,6.49,6.49,6.45,6.53
2012-06-28,6.5,6.5,6.51,6.5
2012-06-29,6.52,6.5,6.58,6.6
2012-06-30,6.61,6.6,6.59,6.57
2012-07-01,6.52,6.52,6.6,6.62
2012-07-02,6.61,6.61,6.65,6.63
2012-07-03,6.44,6.44,6.46,6.51
2012-07-04,6.44,6.44,6.44,6.65
2012-07-05,6.6,6.6,6.57,6.6
2012-07-06,6.6,6.6,6.61,6.58
2012-07-07,6.8,6.78,6.74,6.54
2012-07-08,6.73,6.73,6.77,6.8
2012-07-09,6.95,7.0,7.0,7.0
2012-07-10,7.08,7.1,7.06,7.11
2012-07-11,7.14,7.15,7.14,7.19
2012-07-12,7.59,7.6,7.59,7.56
2012-07-13,7.59,7.59,7.59,7.53
2012-07-14,7.55,7.55,7.55,7.5
2012-07-15,7.57,7.57,7.55,7.5
2012-07-16,8.3,8.5,7.7,8.12
2012-07-17,8.55,8.55,8.9,8.4
2012-07-18,9.0,9.0,9.06,9.01
2012-07-19,8.76,8.27,7.95,8.12
2012-07-20,8.44,8.3,8.69,8.84
2012-07-21,8.74,8.74,8.74,8.79
2012-07-22,8.42,8.1,8.78,8.77
2012-07-23,8.59,8.5,8.59,8.57
2012-07-24,8.61,8.61,8.51,8.5
2012-07-25,8.64,8.61,8.61,8.6
2012-07-26,8.75,8.78,8.84,8.79
2012-07-27,8.83,8.86,8.82,8.82
2012-07-28,8.88,8.88,8.77,8.73
2012-07-29,8.71,8.62,8.54,8.74
2012-07-30,9.0,9.0,9.2,9.21
2012-07-31,9.28,9.28,9.34,9.45
2012-08-01,9.45,9.45,9.45,9.59
2012-08-02,10.44,10.4,10.44,10.4
2012-08-03,10.79,10.68,11.16,11.0
2012-08-04,10.51,10.67,10.5,10.44
2012-08-05,10.71,10.71,10.61,10.88
2012-08-06,10.86,10.87,10.73,10.85
2012-08-07,10.75,10.89,10.9,10.92
2012-08-08,10.99,11.0,11.04,11.2
2012-08-09,11.0,10.93,11.11,11.23
2012-08-10,11.32,11.32,11.35,11.39
2012-08-11,11.38,11.4,11.34,11.6
2012-08-12,11.49,11.4,11.78,11.5
2012-08-13,11.89,11.86,11.87,12.0
2012-08-14,12.25,12.13,12.27,12.49
2012-08-15,13.01,13.25,13.17,13.22
2012-08-16,13.42,13.42,13.74,14.92
2012-08-17,12.5,11.9,12.28,11.67
2012-08-18,11.54,11.86,10.99,9.41
2012-08-19,8.06,9.2,10.3,9.59
2012-08-20,10.05,9.81,9.78,10.19
2012-08-21,10.18,9.99,9.82,10.1
2012-08-22,9.96,9.96,9.96,9.94
2012-08-23,10.02,10.03,9.97,10.0
2012-08-24,10.37,10.37,10.14,10.3
2012-08-25,10.57,10.37,10.59,10.53
2012-08-26,10.31,10.31,10.9,11.76
2012-08-27,10.78,10.9,10.88,10.91
2012-08-28,11.0,11.0,11.04,10.85
2012-08-29,10.81,10.86,10.8,10.82
2012-08-30,10.65,10.65,10.41,10.31
2012-08-31,10.16,10.1,10.2,9.9
2012-09-01,9.91,10.07,9.83,9.98
2012-09-02,10.18,10.17,9.96,10.26
2012-09-03,10.55,10.55,10.35,10.44
2012-09-04,10.36,10.36,10.26,10.33
2012-09-05,10.99,10.85,10.7,10.75
2012-09-06,11.03,11.04,10.95,10.99
2012-09-07,11.03,10.81,10.82,10.9
2012-09-08,10.97,11.03,10.86,10.87
2012-09-09,10.98,10.95,10.77,10.77
2012-09-10,10.95,10.95,10.71,10.99
2012-09-11,11.04,10.82,10.99,11.11
2012-09-12,11.14,11.14,11.15,11.35
2012-09-13,11.3,11.1,11.23,11.5
2012-09-14,11.5,11.5,11.6,11.53
2012-09-15,11.63,11.68,11.8,11.63
2012-09-16,11.75,11.75,11.75,11.79
2012-09-17,11.85,11.67,11.87,11.88
2012-09-18,11.9,11.9,11.94,12.48
2012-09-19,12.45,12.45,12.32,12.59
2012-09-20,12.28,12.29,12.27,12.19
2012-09-21,12.14,12.2,12.15,12.13
2012-09-22,11.97,12.11,12.0,11.85
2012-09-23,11.99,11.99,11.99,11.83
2012-09-24,11.9,11.77,11.9,11.9
2012-09-25,11.75,12.0,11.92,11.53
2012-09-26,12.2,12.2,11.91,12.14
2012-09-27,12.22,12.2,12.17,12.25
2012-09-28,12.28,12.28,12.13,12.22
2012-09-29,12.28,12.28,12.28,12.17
2012-09-30,12.22,12.22,12.22,12.1
2012-10-01,12.21,12.21,12.25,12.35
2012-10-02,12.64,12.48,12.67,12.89
2012-10-03,12.9,12.85,12.89,12.77
2012-10-04,12.57,12.6,12.53,12.5
2012-10-05,12.5,12.5,12.6,12.51
2012-10-06,12.39,12.39,11.8,12.08
2012-10-07,11.71,11.7,11.7,10.85
2012-10-08,11.62,11.7,11.53,12.0
2012-10-09,11.99,11.99,11.98,11.95
2012-10-10,12.24,11.92,12.13,11.82
2012-10-11,11.9,12.0,12.09,11.95
2012-10-12,11.9,11.88,11.88,11.88
2012-10-13,11.85,11.85,11.79,11.82
2012-10-14,11.79,11.78,11.75,11.5
2012-10-15,11.66,11.8,11.8,11.94
2012-10-16,11.92,11.92,11.7,11.88
2012-10-17,11.88,11.88,11.75,11.88
2012-10-18,11.75,11.84,11.77,11.74
2012-10-19,11.65,11.6,11.55,11.59
2012-10-20,11.6,11.68,11.59,11.6
2012-10-21,11.32,11.57,11.44,11.56
2012-10-22,11.49,11.38,11.55,11.7
2012-10-23,11.58,11.47,11.6,11.44
2012-10-24,11.4,11.39,11.3,11.27
2012-10-25,10.55,10.46,10.47,10.79
2012-10-26,10.0,9.99,9.81,10.4
2012-10-27,10.43,10.43,10.53,10.53
2012-10-28,10.54,10.67,10.32,10.54
2012-10-29,10.8,10.8,10.73,10.76
2012-10-30,10.8,10.79,10.8,10.89
2012-10-31,11.0,11.0,11.0,11.01
2012-11-01,10.85,10.85,10.94,10.8
2012-11-02,10.67,10.63,10.47,10.49
2012-11-03,10.66,10.68,10.5,10.5
2012-11-04,10.64,10.64,10.64,10.64
2012-11-05,10.78,10.8,10.79,10.51
2012-11-06,10.68,10.73,10.68,10.83
2012-11-07,10.65,10.8,10.42,10.55
2012-11-08,10.81,10.62,10.84,10.83
2012-11-09,10.8,10.8,10.81,10.63
2012-11-10,10.81,10.81,10.65,10.71
2012-11-11,10.82,10.82,10.72,10.87
2012-11-12,10.92,10.87,10.88,10.89
2012-11-13,10.87,10.87,10.88,10.96
2012-11-14,10.97,10.97,10.96,10.97
2012-11-15,11.05,11.05,11.08,11.1
2012-11-16,11.46,11.63,11.65,11.51
2012-11-17,11.57,11.57,11.65,11.64
2012-11-18,11.6,11.6,11.6,11.4
2012-11-19,11.65,11.66,11.69,11.58
2012-11-20,11.65,11.64,11.63,11.64
2012-11-21,11.67,11.55,11.68,11.81
2012-11-22,11.99,11.99,11.66,12.09
2012-11-23,12.17,12.15,12.19,12.08
2012-11-24,12.25,12.3,12.35,12.22
2012-11-25,12.31,12.29,12.39,12.25
2012-11-26,12.2,12.2,12.22,12.04
2012-11-27,12.07,11.93,12.2,12.19
2012-11-28,12.22,12.22,12.26,12.31
2012-11-29,12.37,12.34,12.41,12.29
2012-11-30,12.38,12.38,12.46,12.4
2012-12-01,12.34,12.36,12.39,12.43
2012-12-02,12.47,12.32,12.41,12.32
2012-12-03,12.5,12.6,12.51,12.77
2012-12-04,12.59,12.73,12.97,12.93
2012-12-05,13.2,13.2,13.2,13.36
2012-12-06,13.33,13.2,13.11,13.48
2012-12-07,13.37,13.37,13.3,13.37
2012-12-08,13.3,13.3,13.36,13.32
2012-12-09,13.29,13.13,13.14,13.1
2012-12-10,13.3,13.13,13.29,13.4
2012-12-11,13.35,13.42,13.43,13.39
2012-12-12,13.49,13.5,13.35,13.38
2012-12-13,13.52,13.52,13.52,13.8
2012-12-14,13.51,13.51,13.31,13.31
2012-12-15,13.38,13.39,13.31,13.34
2012-12-16,13.27,13.27,13.27,12.9
2012-12-17,13.2,13.25,13.25,13.14
2012-12-18,13.13,13.05,13.21,13.25
2012-12-19,13.4,13.4,13.27,13.35
2012-12-20,13.35,13.36,13.21,13.31
2012-12-21,13.2,13.28,13.36,13.21
2012-12-22,13.2,13.29,13.14,13.11
2012-12-23,13.14,13.11,13.1,13.2
2012-12-24,13.23,13.15,13.1,13.25
2012-12-25,13.24,13.24,13.04,13.17
2012-12-26,13.18,13.22,13.08,13.08
2012-12-27,13.19,13.19,13.2,13.19
2012-12-28,13.18,13.26,13.23,13.26
2012-12-29,13.22,13.22,13.16,13.23
2012-12-30,13.2,13.2,13.19,13.27
2012-12-31,13.24,13.24,13.24,13.24
2013-01-01,13.22,13.22,13.22,13.15
2013-01-02,13.09,13.09,13.19,13.15
2013-01-03,13.12,13.19,13.2,13.24
2013-01-04,13.19,13.19,13.15,13.12
2013-01-05,13.11,13.11,13.06,13.1
2013-01-06,13.15,13.1,13.14,13.15
2013-01-07,13.2,13.08,13.2,13.31
2013-01-08,13.5,13.52,13.4,13.6
2013-01-09,13.67,13.59,13.56,13.7
2013-01-10,14.0,14.0,13.87,13.98
2013-01-11,14.02,13.99,13.85,14.06
2013-01-12,13.89,13.89,14.0,13.95
2013-01-13,13.64,13.87,13.5,13.9
2013-01-14,14.1,14.12,14.28,14.05
2013-01-15,14.2,14.24,14.3,14.43
2013-01-16,14.53,14.59,14.7,14.85
2013-01-17,15.34,15.6,15.67,15.29
2013-01-18,15.57,15.65,15.5,15.34
2013-01-19,15.38,15.5,15.5,15.68
2013-01-20,15.5,15.63,15.72,16.1
2013-01-21,16.52,16.52,16.5,16.88
2013-01-22,17.35,17.5,17.35,17.2
2013-01-23,17.5,17.52,18.11,18.66
2013-01-24,17.29,17.0,16.51,17.28
2013-01-25,17.49,17.06,16.99,16.91
2013-01-26,17.48,17.39,17.44,17.37
2013-01-27,17.6,17.6,17.73,17.92
2013-01-28,18.6,18.69,18.75,19.4
2013-01-29,19.46,19.46,19.05,18.9
2013-01-30,19.45,19.46,19.5,20.14
2013-01-31,20.46,20.46,20.77,20.7
2013-02-01,20.35,20.35,20.45,19.5
2013-02-02,19.82,19.89,20.0,20.18
2013-02-03,20.29,20.54,20.6,20.6
2013-02-04,20.3,20.3,20.16,20.55
2013-02-05,20.5,20.5,20.75,20.89
2013-02-06,20.91,20.98,20.9,21.29
2013-02-07,21.95,21.95,22.08,22.6
2013-02-08,22.4,22.4,22.5,22.83
2013-02-09,23.14,23.5,23.49,23.49
2013-02-10,23.75,23.75,23.75,23.55
2013-02-11,23.94,24.0,24.02,25.1
2013-02-12,25.33,25.25,25.63,25.7
2013-02-13,25.0,22.5,25.93,26.5
2013-02-14,27.45,27.39,27.39,27.1
2013-02-15,27.43,27.45,27.3,27.34
2013-02-16,27.5,27.36,27.37,27.27
2013-02-17,26.98,26.98,27.0,26.45
2013-02-18,26.92,26.98,27.31,27.81
2013-02-19,29.48,29.39,29.58,29.61
2013-02-20,30.0,29.75,29.79,29.65
2013-02-21,30.0,30.03,30.21,30.37
2013-02-22,30.4,30.25,29.0,29.43
2013-02-23,29.54,29.9,29.96,29.48
2013-02-24,29.78,29.78,29.8,30.0
2013-02-25,30.47,30.49,30.48,30.95
2013-02-26,30.7,30.8,31.15,30.99
2013-02-27,31.31,32.0,32.05,33.59
2013-02-28,33.53,33.25,33.73,34.51
2013-03-01,34.55,34.55,33.8,34.21
2013-03-02,34.29,34.3,34.25,34.17
2013-03-03,34.33,34.24,34.4,35.0
2013-03-04,36.52,36.9,37.49,39.69
2013-03-05,40.66,41.07,43.83,47.35
2013-03-06,41.89,35.01,41.42,42.85
2013-03-07,41.21,42.0,42.47,43.32
2013-03-08,43.76,43.01,43.12,45.71
2013-03-09,45.76,46.03,46.4,46.12
2013-03-10,45.29,46.25,46.3,47.49
2013-03-11,48.25,47.79,44.28,43.5
2013-03-12,44.84,45.3,45.25,46.2
2013-03-13,46.9,46.99,47.69,47.59
2013-03-14,46.95,46.93,47.2,47.24
2013-03-15,46.93,46.85,46.74,46.59
2013-03-16,46.74,46.74,47.0,46.85
2013-03-17,47.24,47.1,46.98,47.01
2013-03-18,49.87,50.28,51.1,54.74
2013-03-19,59.41,59.5,59.85,60.46
2013-03-20,64.2,65.69,65.99,68.19
2013-03-21,72.23,72.31,74.19,72.17
2013-03-22,69.99,70.19,68.02,64.35
2013-03-23,64.7,63.95,65.58,68.15
2013-03-24,70.22,69.34,70.69,71.0
2013-03-25,74.3,75.5,75.93,81.5
2013-03-26,79.01,78.77,82.73,88.71
2013-03-27,89.4,89.93,91.1,94.89
2013-03-28,86.8,88.87,87.4,93.05
2013-03-29,90.49,90.59,92.62,93.35
2013-03-30,92.11,92.95,93.98,94.3
2013-03-31,95.25,95.98,94.89,95.99
2013-04-01,104.74,103.63,105.15,108.31
2013-04-02,117.0,116.5,121.84,140.81
2013-04-03,132.54,125.12,133.0,137.5
2013-04-04,135.0,134.44,137.46,138.99
2013-04-05,141.8,142.4,142.0,143.24
2013-04-06,141.0,142.6,142.79,149.98
2013-04-07,164.96,165.0,169.82,184.0
2013-04-08,185.58,187.97,190.4,205.59
2013-04-09,228.99,226.89,227.98,251.0
2013-04-10,165.16,171.2,160.0,160.0
2013-04-11,79.88,71.04,67.81,66.0
2013-04-12,110.0,105.0,95.0,112.01
2013-04-13,90.11,92.4,98.29,95.0
2013-04-14,91.79,92.7,93.34,96.0
2013-04-15,73.99,71.12,62.41,61.99
2013-04-16,67.82,64.14,71.73,85.21
2013-04-17,89.98,91.64,91.39,93.0
2013-04-18,106.15,107.0,115.05,116.0
2013-04-19,118.11,116.65,116.25,119.97
2013-04-20,125.0,127.97,127.5,122.44
2013-04-21,118.91,119.99,120.0,121.21
2013-04-22,123.97,124.0,126.0,124.0
2013-04-23,137.31,138.5,141.45,147.01
2013-04-24,149.0,149.1,151.0,154.8
2013-04-25,142.0,141.72,133.34,131.61
2013-04-26,137.34,136.89,137.6,136.6
2013-04-27,128.85,131.43,131.13,133.71
2013-04-28,135.0,135.76,136.63,140.3
2013-04-29,143.0,143.0,143.9,144.39
2013-04-30,139.84,138.0,134.33,132.41
2013-05-01,114.56,115.3,118.95,115.0
2013-05-02,107.0,106.61,98.18,82.13
2013-05-03,98.9,95.0,95.16,102.9
2013-05-04,111.84,112.09,116.98,111.35
2013-05-05,116.56,116.0,118.99,122.2
2013-05-06,112.59,111.22,106.95,108.09
2013-05-07,110.48,110.71,112.92,112.48
2013-05-08,113.87,111.95,111.0,111.99
2013-05-09,110.0,111.25,111.39,115.66
2013-05-10,117.22,117.85,117.04,116.32
2013-05-11,115.58,115.57,115.0,115.32
2013-05-12,114.5,114.35,114.37,117.45
2013-05-13,115.99,115.99,116.15,117.4
2013-05-14,106.9,103.89,106.68,111.19
2013-05-15,109.04,110.24,111.98,109.78
2013-05-16,113.5,113.68,113.98,114.0
2013-05-17,117.69,117.88,117.9,116.94
2013-05-18,118.45,118.0,118.65,118.94
2013-05-19,117.27,116.58,115.7,117.51
2013-05-20,117.91,118.45,117.65,117.31
2013-05-21,117.5,118.0,117.2,118.0
2013-05-22,118.37,119.41,119.06,119.64
2013-05-23,123.88,123.91,124.17,124.47
2013-05-24,128.56,128.07,128.85,127.19
2013-05-25,128.99,128.98,128.21,129.35
2013-05-26,129.5,130.2,129.79,130.57
2013-05-27,126.25,126.18,125.79,127.0
2013-05-28,126.19,126.3,126.02,127.13
2013-05-29,130.35,129.88,130.1,129.35
2013-05-30,126.78,127.13,127.93,128.2
2013-05-31,127.91,127.91,128.39,128.6
2013-06-01,128.77,128.06,128.03,122.22
2013-06-02,123.4,122.89,119.94,118.97
2013-06-03,123.21,123.36,123.1,121.5
2013-06-04,120.07,120.88,120.51,119.97
2013-06-05,120.98,121.0,119.87,120.12
2013-06-06,118.5,118.2,117.06,114.01
2013-06-07,110.18,110.17,110.17,108.53
2013-06-08,109.1,109.31,107.99,93.9
2013-06-09,100.0,98.27,102.03,105.25
2013-06-10,104.2,104.18,104.99,106.0
2013-06-11,107.29,106.91,107.23,108.71
2013-06-12,106.29,106.81,108.42,107.8
2013-06-13,101.91,98.01,99.5,101.02
2013-06-14,99.01,96.22,99.49,101.21
2013-06-15,99.42,99.49,100.0,100.08
2013-06-16,98.74,98.66,99.42,100.41
2013-06-17,100.39,100.42,101.93,104.42
2013-06-18,104.5,103.8,104.77,106.2
2013-06-19,105.24,105.5,105.0,106.91
2013-06-20,103.0,103.01,100.69,102.59
2013-06-21,101.84,101.48,100.97,99.52
2013-06-22,100.01,100.5,100.67,101.01
2013-06-23,100.4,100.4,101.22,98.82
2013-06-24,98.75,98.49,100.0,100.5
2013-06-25,97.54,98.73,98.21,99.28
2013-06-26,98.76,98.32,98.11,97.8
2013-06-27,95.04,96.18,94.8,89.52
2013-06-28,89.89,88.2,90.06,91.01
2013-06-29,88.98,88.45,88.53,89.2
2013-06-30,89.53,89.16,89.76,88.01
2013-07-01,83.41,84.03,84.38,86.54
2013-07-02,88.76,89.5,87.93,86.33
2013-07-03,77.89,79.46,74.0,79.63
2013-07-04,79.0,79.25,79.29,73.59
2013-07-05,67.45,67.28,67.69,66.49
2013-07-06,65.7,65.4,65.99,66.48
2013-07-07,73.98,71.99,74.9,73.95
2013-07-08,74.0,74.37,74.25,73.5
2013-07-09,75.01,75.01,75.26,76.64
2013-07-10,86.29,87.03,85.44,86.0
2013-07-11,87.24,87.6,93.64,94.0
2013-07-12,90.16,89.12,87.51,88.5
2013-07-13,91.5,91.64,91.81,91.83
2013-07-14,89.28,89.54,88.92,92.6
2013-07-15,93.75,93.75,92.71,93.0
2013-07-16,91.26,91.79,91.73,90.13
2013-07-17,90.85,90.42,89.7,80.81
2013-07-18,85.0,84.11,83.49,84.76
2013-07-19,86.5,85.38,86.84,86.63
2013-07-20,85.02,85.11,84.67,85.23
2013-07-21,86.0,85.77,86.29,86.74
2013-07-22,85.56,86.18,86.42,85.16
2013-07-23,86.94,87.34,87.22,86.99
2013-07-24,88.43,88.35,87.56,89.0
2013-07-25,90.06,90.02,89.74,89.97
2013-07-26,89.97,89.89,89.54,88.64
2013-07-27,88.17,88.14,88.07,88.79
2013-07-28,92.79,92.96,91.61,93.19
2013-07-29,93.46,93.44,93.12,94.12
2013-07-30,96.51,96.95,99.43,100.52
2013-07-31,98.28,97.96,98.16,97.95
2013-08-01,96.57,96.66,94.49,97.97
2013-08-02,95.87,95.92,96.54,96.25
2013-08-03,95.53,96.25,96.19,96.04
2013-08-04,96.38,96.38,97.24,97.54
2013-08-05,97.88,97.6,97.77,98.27
2013-08-06,97.82,97.88,97.71,97.27
2013-08-07,97.12,96.68,96.7,96.26
2013-08-08,94.27,93.93,94.47,93.54
2013-08-09,92.27,92.27,93.29,93.01
2013-08-10,93.51,93.66,93.8,93.64
2013-08-11,94.09,94.5,94.19,93.33
2013-08-12,95.37,95.25,94.97,95.68
2013-08-13,97.71,97.38,98.38,99.43
2013-08-14,99.19,99.27,99.51,99.42
2013-08-15,98.08,98.2,97.11,97.4
2013-08-16,98.26,98.22,97.5,98.34
2013-08-17,99.71,99.64,98.41,99.18
2013-08-18,99.35,99.0,99.95,102.99
2013-08-19,102.85,102.84,103.0,103.93
2013-08-20,104.87,106.16,106.3,105.97
2013-08-21,110.43,111.69,111.83,112.8
2013-08-22,109.62,109.69,108.97,108.29
2013-08-23,107.66,107.7,107.32,108.33
2013-08-24,109.18,109.24,110.43,112.0
2013-08-25,113.09,112.72,112.2,112.1
2013-08-26,111.86,112.05,115.48,117.8
2013-08-27,117.77,118.45,118.01,118.1
2013-08-28,117.91,118.62,118.14,118.75
2013-08-29,118.91,118.95,118.88,118.68
2013-08-30,124.99,125.24,125.23,127.29
2013-08-31,128.0,128.77,128.75,130.66
2013-09-01,130.66,130.85,130.5,131.01
2013-09-02,129.39,129.39,128.63,127.7
2013-09-03,129.18,129.3,129.93,129.63
2013-09-04,122.75,118.89,123.29,118.48
2013-09-05,122.55,122.15,123.0,122.01
2013-09-06,117.6,117.91,117.15,119.44
2013-09-07,119.91,119.99,119.88,118.19
2013-09-08,117.74,118.6,117.08,117.69
2013-09-09,121.74,121.74,121.4,122.86
2013-09-10,122.09,122.8,121.25,121.08
2013-09-11,127.5,126.94,127.18,125.9
2013-09-12,127.0,126.11,127.75,127.58
2013-09-13,127.69,127.78,125.58,126.98
2013-09-14,124.5,124.24,123.99,125.66
2013-09-15,125.36,125.35,125.31,126.17
2013-09-16,126.34,125.98,126.29,126.7
2013-09-17,126.9,127.0,126.57,127.45
2013-09-18,127.17,126.9,127.3,126.4
2013-09-19,124.18,124.35,124.86,124.7
2013-09-20,122.91,122.61,123.4,124.0
2013-09-21,123.31,123.31,122.85,123.05
2013-09-22,123.27,123.5,123.16,122.35
2013-09-23,122.62,122.92,123.19,122.48
2013-09-24,123.74,123.65,124.9,124.6
2013-09-25,123.32,123.8,123.99,124.4
2013-09-26,124.84,124.56,125.15,125.34
2013-09-27,126.92,126.22,125.93,126.42
2013-09-28,126.54,126.92,126.96,127.7
2013-09-29,127.01,126.97,126.42,125.2
2013-09-30,126.25,126.32,126.33,127.0
2013-10-01,127.3,126.39,127.31,127.21
2013-10-02,103.94,104.78,109.0,109.42
2013-10-03,117.63,117.67,119.35,122.6
2013-10-04,121.94,121.61,121.84,121.92
2013-10-05,121.2,121.14,121.25,122.23
2013-10-06,122.49,122.71,122.19,123.19
2013-10-07,123.5,123.86,124.19,123.1
2013-10-08,124.49,124.82,124.24,124.0
2013-10-09,125.79,126.41,125.43,125.77
2013-10-10,126.8,126.33,126.69,126.78
2013-10-11,127.38,127.42,127.2,127.22
2013-10-12,127.58,127.95,127.81,127.91
2013-10-13,132.82,132.76,136.0,136.41
2013-10-14,135.43,135.75,135.22,135.53
2013-10-15,144.09,143.96,144.5,144.85
2013-10-16,137.5,139.08,139.49,141.99
2013-10-17,143.95,143.98,143.98,147.73
2013-10-18,152.89,152.98,155.3,164.03
2013-10-19,166.0,166.19,164.77,165.3
2013-10-20,166.05,167.24,169.22,179.99
2013-10-21,180.13,181.89,183.82,195.96
2013-10-22,189.75,191.0,194.01,193.72
2013-10-23,203.94,204.39,204.59,193.83
2013-10-24,191.63,187.03,181.81,179.75
2013-10-25,186.6,185.51,181.36,184.0
2013-10-26,179.56,179.6,181.91,182.7
2013-10-27,194.0,194.0,193.97,194.11
2013-10-28,196.01,196.98,197.12,198.0
2013-10-29,204.69,203.04,200.0,206.0
2013-10-30,197.58,200.11,199.85,200.32
2013-10-31,203.54,201.95,202.5,202.45
2013-11-01,203.28,201.95,203.74,204.9
2013-11-02,204.86,204.86,204.85,203.7
2013-11-03,210.0,211.95,210.96,215.9
2013-11-04,229.95,229.21,230.7,234.57
2013-11-05,243.97,241.31,253.85,255.19
2013-11-06,263.31,265.05,273.8,285.7
2013-11-07,289.01,295.37,299.79,312.0
2013-11-08,334.44,339.49,333.92,341.9
2013-11-09,340.0,325.98,301.48,305.76
2013-11-10,319.6,327.5,323.45,328.5
2013-11-11,344.18,347.05,346.72,348.99
2013-11-12,355.49,363.97,361.5,374.0
2013-11-13,395.45,405.77,403.13,417.19
2013-11-14,417.0,417.97,416.95,424.85
2013-11-15,412.0,419.83,428.5,440.21
2013-11-16,437.19,436.32,444.37,471.86
2013-11-17,478.42,476.56,497.44,518.11
2013-11-18,670.0,724.0,704.51,594.0
2013-11-19,520.0,499.99,515.35,502.0
2013-11-20,608.63,603.0,603.0,644.25
2013-11-21,720.05,714.98,699.38,739.89
2013-11-22,798.0,802.0,812.7,848.49
2013-11-23,829.5,829.51,770.0,781.6
2013-11-24,806.5,805.99,802.35,837.69
2013-11-25,812.02,811.95,830.0,836.12
2013-11-26,913.0,902.0,905.0,902.53
2013-11-27,963.97,968.88,960.88,1000.0
2013-11-28,1000.0,996.4,1027.01,1067.57
2013-11-29,1128.0,1141.0,1144.11,1145.9
2013-11-30,1119.79,1121.19,1074.34,1003.1
2013-12-01,959.9,991.02,1020.0,988.13
2013-12-02,1047.01,1037.52,1030.7,1070.0
2013-12-03,1063.0,1052.83,1056.0,1098.98
2013-12-04,1137.99,1136.04,1131.99,915.0
2013-12-05,1025.0,980.02,981.88,983.97
2013-12-06,814.99,815.0,754.89,789.0
2013-12-07,694.99,692.1,692.92,759.75
2013-12-08,784.0,783.46,830.97,889.95
2013-12-09,922.0,925.5,915.49,922.2
2013-12-10,978.76,983.8,959.89,852.5
2013-12-11,875.78,887.31,879.99,855.7
2013-12-12,874.4,870.54,882.01,892.51
2013-12-13,885.71,877.9,870.01,860.0
2013-12-14,861.95,855.71,828.0,822.0
2013-12-15,861.96,858.89,859.91,812.0
2013-12-16,694.12,685.0,652.75,706.31
2013-12-17,673.64,640.0,636.98,470.01
2013-12-18,521.0,525.0,540.12,645.0
2013-12-19,680.0,654.97,692.0,671.0
2013-12-20,596.06,613.03,620.0,592.27
2013-12-21,599.2,595.97,588.09,644.5
2013-12-22,610.0,623.56,644.27,629.73
2013-12-23,665.0,656.71,657.8,645.0
2013-12-24,652.14,648.93,643.72,656.29
2013-12-25,679.34,690.0,688.5,710.38
2013-12-26,751.0,760.0,726.0,736.1
2013-12-27,724.87,715.7,718.61,730.71
2013-12-28,715.0,712.09,710.0,707.05
2013-12-29,726.18,724.87,736.29,734.89
2013-12-30,736.5,735.85,718.09,728.86
2013-12-31,734.0,739.02,749.52,740.0
2014-01-01,750.15,749.0,747.85,758.5
2014-01-02,781.54,785.98,778.59,804.99
2014-01-03,806.8,801.11,795.78,809.32
2014-01-04,828.99,839.98,841.0,839.99
2014-01-05,907.8,909.71,939.81,968.02
2014-01-06,914.32,924.99,927.17,894.06
2014-01-07,775.0,794.89,807.51,838.99
2014-01-08,835.7,829.0,828.91,817.0
2014-01-09,821.68,821.6,811.7,820.0
2014-01-10,853.5,854.33,868.84,901.0
2014-01-11,894.84,898.8,883.86,854.78
2014-01-12,840.0,829.43,834.87,813.23
2014-01-13,825.0,817.66,828.41,821.0
2014-01-14,814.74,819.0,826.28,835.32
2014-01-15,841.89,845.0,842.8,837.13
2014-01-16,812.0,818.0,804.82,806.0
2014-01-17,796.0,802.24,810.0,815.22
2014-01-18,811.83,809.0,799.07,806.57
2014-01-19,843.47,832.5,839.38,835.0
2014-01-20,825.36,827.38,826.97,819.98
2014-01-21,823.0,822.8,820.94,811.73
2014-01-22,819.09,817.15,818.88,815.93
2014-01-23,810.89,810.19,784.17,776.45
2014-01-24,779.23,775.07,788.0,792.0
2014-01-25,806.8,804.69,804.21,803.27
2014-01-26,814.74,813.95,820.14,805.32
2014-01-27,749.3,749.02,760.26,783.37
2014-01-28,784.4,783.28,788.7,797.01
2014-01-29,792.68,795.0,794.99,783.0
2014-01-30,800.0,801.83,804.96,804.5
2014-01-31,802.59,805.0,805.64,811.0
2014-02-01,814.24,813.5,818.0,819.4
2014-02-02,814.57,814.98,809.01,809.99
2014-02-03,808.49,804.46,806.99,800.0
2014-02-04,803.0,802.37,803.44,804.03
2014-02-05,783.74,789.96,787.49,774.0
2014-02-06,763.07,762.57,733.98,704.11
2014-02-07,703.01,707.84,701.14,715.0
2014-02-08,674.0,678.91,692.0,704.0
2014-02-09,688.68,693.33,694.15,641.0
2014-02-10,689.76,687.08,711.67,709.43
2014-02-11,673.0,678.0,668.0,661.01
2014-02-12,652.99,655.7,655.0,654.0
2014-02-13,607.0,607.97,613.59,641.0
2014-02-14,669.73,658.9,634.94,653.18
2014-02-15,654.45,653.98,662.41,648.1
2014-02-16,623.61,624.9,611.3,648.76
2014-02-17,634.73,635.38,642.56,630.2
2014-02-18,628.01,626.44,624.5,624.12
2014-02-19,624.85,626.47,626.22,600.0
2014-02-20,561.0,542.0,550.43,579.58
2014-02-21,581.95,578.85,573.0,573.8
2014-02-22,612.16,613.0,619.26,626.0
2014-02-23,607.44,606.25,579.34,578.5
2014-02-24,521.44,519.49,459.8,504.0
2014-02-25,532.15,544.0,558.21,580.33
2014-02-26,584.99,598.87,583.32,579.81
2014-02-27,582.5,586.67,577.74,566.0
2014-02-28,545.26,548.99,563.07,561.01
2014-03-01,567.45,567.65,563.11,567.39
2014-03-02,562.38,571.45,576.01,595.99
2014-03-03,677.01,685.04,668.4,686.0
2014-03-04,673.3,678.54,666.0,663.63
2014-03-05,670.0,672.1,674.43,670.0
2014-03-06,669.55,665.5,656.28,641.11
2014-03-07,632.79,627.42,622.71,622.49
2014-03-08,615.02,617.86,614.85,623.73
2014-03-09,636.52,640.2,642.21,630.0
2014-03-10,627.51,628.98,625.01,628.5
2014-03-11,634.71,636.35,644.0,637.0
2014-03-12,635.0,638.0,638.43,644.77
2014-03-13,640.0,639.8,638.25,636.97
2014-03-14,631.33,632.65,630.61,630.83
2014-03-15,635.34,634.82,635.45,633.99
2014-03-16,633.02,632.5,630.78,619.99
2014-03-17,623.98,623.97,612.23,602.0
2014-03-18,614.25,619.23,619.17,613.7
2014-03-19,610.0,607.0,598.0,590.1
2014-03-20,585.63,585.1,581.99,569.68
2014-03-21,569.98,569.79,570.25,559.22
2014-03-22,564.3,563.0,564.14,560.5
2014-03-23,559.93,557.74,555.35,564.0
2014-03-24,584.52,579.39,575.0,575.74
2014-03-25,582.44,576.0,568.55,584.45
2014-03-26,581.59,577.53,563.91,557.0
2014-03-27,480.0,479.05,506.61,500.22
2014-03-28,502.14,505.7,503.46,493.43
2014-03-29,492.0,486.19,486.0,473.71
2014-03-30,461.0,467.6,445.22,448.1
2014-03-31,456.05,458.98,458.95,488.88
2014-04-01,481.0,479.97,475.11,489.48
2014-04-02,438.0,430.19,428.37,434.05
2014-04-03,448.77,442.5,438.52,453.0
2014-04-04,451.68,445.05,453.0,447.0
2014-04-05,465.0,460.51,464.91,453.96
2014-04-06,460.45,458.0,453.74,459.0
2014-04-07,449.14,448.66,454.88,449.51
2014-04-08,453.57,453.1,454.66,449.9
2014-04-09,442.14,440.01,415.0,408.0
2014-04-10,364.0,357.99,402.01,425.0
2014-04-11,422.99,430.98,435.0,426.11
2014-04-12,425.84,426.88,425.61,419.0
2014-04-13,418.19,411.09,431.3,466.0
2014-04-14,461.66,461.1,454.96,504.0
2014-04-15,523.89,516.6,517.86,515.1
2014-04-16,529.01,529.0,522.04,492.84
2014-04-17,498.22,493.68,497.97,483.25
2014-04-18,481.58,476.49,475.39,497.86
2014-04-19,505.18,503.85,507.5,507.13
2014-04-20,500.07,500.05,510.62,502.5
2014-04-21,498.87,501.0,500.63,494.86
2014-04-22,488.62,493.03,492.5,489.5
2014-04-23,491.99,490.16,489.45,484.75
2014-04-24,502.15,498.07,468.98,445.0
2014-04-25,466.51,458.0,457.79,452.96
2014-04-26,460.89,460.69,459.78,457.02
2014-04-27,428.88,434.7,425.69,432.18
2014-04-28,442.71,444.21,433.0,451.39
2014-04-29,446.01,442.98,449.0,444.0
2014-04-30,451.42,448.63,459.97,452.8
2014-05-01,462.37,461.99,456.52,446.86
2014-05-02,454.18,452.8,447.78,442.85
2014-05-03,439.93,440.48,439.7,433.16
2014-05-04,435.88,438.98,438.02,435.16
2014-05-05,433.0,430.98,425.49,430.7
2014-05-06,429.85,432.42,427.69,439.6
2014-05-07,442.6,442.6,446.63,445.01
2014-05-08,439.59,446.41,444.87,446.0
2014-05-09,452.72,454.0,452.74,451.73
2014-05-10,458.0,452.71,452.17,447.0
2014-05-11,440.45,440.68,436.0,439.0
2014-05-12,440.39,438.94,440.01,433.0
2014-05-13,439.04,439.09,442.4,443.87
2014-05-14,446.0,446.42,447.67,451.47
2014-05-15,446.01,447.36,446.2,449.8
2014-05-16,447.02,448.57,449.65,449.73
2014-05-17,449.06,449.46,450.87,448.59
2014-05-18,446.99,444.99,445.59,444.94
2014-05-19,448.34,448.32,458.0,459.21
2014-05-20,489.25,496.93,497.85,495.55
2014-05-21,494.0,493.56,494.87,510.66
2014-05-22,529.98,534.67,525.3,538.33
2014-05-23,523.76,524.34,520.83,518.95
2014-05-24,528.45,528.24,554.0,573.2
2014-05-25,573.87,566.11,577.8,581.84
2014-05-26,583.59,587.32,594.02,563.94
2014-05-27,573.11,570.24,579.01,575.25
2014-05-28,581.51,576.25,566.93,566.36
2014-05-29,572.37,575.13,573.0,590.14
2014-05-30,622.73,615.75,620.06,625.97
2014-05-31,627.8,626.13,648.28,643.6
2014-06-01,629.64,635.0,637.21,628.23
2014-06-02,664.57,663.0,673.65,663.5
2014-06-03,671.79,663.99,637.0,635.15
2014-06-04,643.0,643.41,645.6,650.26
2014-06-05,658.52,657.52,655.5,659.5
2014-06-06,647.13,648.01,652.21,655.14
2014-06-07,657.0,657.13,655.9,656.56
2014-06-08,658.0,658.5,657.99,648.4
2014-06-09,648.85,648.67,646.28,650.0
2014-06-10,647.4,648.49,637.02,632.12
2014-06-11,624.21,625.87,629.77,626.01
2014-06-12,570.53,584.34,586.49,611.77
2014-06-13,592.97,589.99,580.0,574.84
2014-06-14,569.0,566.38,570.16,563.17
2014-06-15,589.04,591.93,597.01,604.98
2014-06-16,587.0,584.88,590.99,597.4
2014-06-17,606.48,615.41,608.19,611.0
2014-06-18,608.0,605.14,603.84,607.08
2014-06-19,592.78,593.0,595.0,587.7
2014-06-20,590.0,591.8,585.96,592.84
2014-06-21,593.14,591.99,599.85,602.52
2014-06-22,600.8,600.0,592.0,589.11
2014-06-23,588.25,585.24,586.68,587.99
2014-06-24,574.29,577.96,575.61,556.24
2014-06-25,558.5,561.0,570.2,565.52
2014-06-26,580.09,583.45,582.0,584.82
2014-06-27,598.0,598.68,598.0,604.15
2014-06-28,589.56,592.0,595.25,595.0
2014-06-29,597.81,599.5,599.77,627.57
2014-06-30,644.16,640.6,645.74,645.0
2014-07-01,638.27,640.63,638.3,646.4
2014-07-02,650.5,645.99,644.22,652.26
2014-07-03,646.37,645.26,649.98,623.63
2014-07-04,628.81,629.0,630.06,631.0
2014-07-05,629.44,634.88,626.0,632.28
2014-07-06,631.77,632.75,633.42,627.17
2014-07-07,622.09,623.76,620.34,618.73
2014-07-08,623.55,623.53,621.0,620.74
2014-07-09,622.44,623.8,622.22,612.55
2014-07-10,616.87,614.62,619.75,628.5
2014-07-11,633.0,635.0,634.84,633.0
2014-07-12,637.89,637.0,630.7,638.33
2014-07-13,627.0,631.0,624.79,622.61
2014-07-14,621.32,619.2,623.0,621.99
2014-07-15,621.94,624.4,620.02,619.76
2014-07-16,613.91,617.53,617.55,615.9
2014-07-17,622.25,623.14,626.89,620.8
2014-07-18,630.63,627.99,628.8,627.55
2014-07-19,630.0,628.3,629.21,625.52
2014-07-20,627.0,625.79,620.06,622.7
2014-07-21,619.46,620.0,623.1,624.05
2014-07-22,619.37,618.9,620.6,619.21
2014-07-23,621.0,620.05,621.49,606.62
2014-07-24,603.99,605.0,609.48,597.78
2014-07-25,602.9,599.95,592.58,596.39
2014-07-26,596.24,600.0,596.43,595.74
2014-07-27,594.26,591.8,584.75,581.8
2014-07-28,588.4,588.93,590.4,584.66
2014-07-29,582.04,581.21,585.58,569.99
2014-07-30,562.0,561.69,567.4,569.75
2014-07-31,584.84,586.57,585.9,594.67
2014-08-01,597.95,597.69,596.82,592.79
2014-08-02,589.59,589.6,583.35,581.52
2014-08-03,588.95,587.55,586.24,585.05
2014-08-04,588.5,588.99,587.5,583.06
2014-08-05,581.71,584.2,582.72,576.7
2014-08-06,582.74,582.99,582.99,582.29
2014-08-07,586.54,586.57,591.77,587.96
2014-08-08,588.6,586.62,587.75,587.52
2014-08-09,588.21,589.77,587.1,594.14
2014-08-10,590.99,590.47,589.99,587.89
2014-08-11,573.95,571.0,567.97,564.88
2014-08-12,569.2,571.7,558.13,549.45
2014-08-13,549.96,539.0,537.97,514.88
2014-08-14,508.99,512.08,513.25,508.5
2014-08-15,500.03,498.09,494.89,499.0
2014-08-16,523.2,519.0,517.0,491.46
2014-08-17,498.02,507.0,490.01,469.45
2014-08-18,472.0,464.05,472.62,480.0
2014-08-19,490.12,488.06,472.0,483.0
2014-08-20,517.8,521.62,525.36,516.8
2014-08-21,520.73,520.85,505.6,512.33
2014-08-22,514.66,511.0,509.31,507.86
2014-08-23,498.88,496.89,502.1,499.57
2014-08-24,508.36,504.68,502.97,502.21
2014-08-25,503.6,503.99,506.31,511.01
2014-08-26,514.32,514.41,516.95,518.28
2014-08-27,512.99,513.62,514.27,508.53
2014-08-28,506.99,505.9,506.89,507.06
2014-08-29,507.99,508.46,507.59,504.11
2014-08-30,501.45,502.77,501.25,493.24
2014-08-31,480.0,481.8,474.99,481.85
2014-09-01,473.87,475.0,476.18,476.97
2014-09-02,474.34,475.4,477.5,475.7
2014-09-03,474.41,473.66,477.4,477.29
2014-09-04,489.45,485.66,487.74,484.5
2014-09-05,478.0,478.51,479.92,482.8
2014-09-06,479.83,479.57,480.49,482.05
2014-09-07,477.08,475.48,470.48,459.92
2014-09-08,468.42,468.83,467.54,467.43
2014-09-09,473.43,474.3,478.07,480.07
2014-09-10,477.59,479.29,480.0,474.9
2014-09-11,477.2,475.76,477.43,471.97
2014-09-12,471.0,472.49,469.56,474.71
2014-09-13,477.01,476.95,478.5,476.17
2014-09-14,474.3,476.47,477.07,474.0
2014-09-15,469.7,468.21,473.4,469.19
2014-09-16,463.29,463.04,460.6,457.7
2014-09-17,448.13,448.29,450.99,441.58
2014-09-18,425.14,422.5,426.26,392.45
2014-09-19,396.85,390.71,406.17,421.01
2014-09-20,410.89,411.49,403.5,398.7
2014-09-21,400.62,400.51,405.51,405.0
2014-09-22,400.01,402.61,402.64,397.15
2014-09-23,441.51,437.0,428.9,426.4
2014-09-24,423.89,421.93,418.46,408.03
2014-09-25,409.89,411.4,409.95,399.3
2014-09-26,404.19,402.42,407.22,405.95
2014-09-27,399.01,402.53,400.67,398.33
2014-09-28,375.4,376.65,382.38,378.89
2014-09-29,374.55,374.24,376.8,379.12
2014-09-30,391.0,388.73,392.39,380.0
2014-10-01,384.73,384.37,382.63,381.06
2014-10-02,374.05,373.66,375.29,373.88
2014-10-03,358.59,358.36,364.17,351.1
2014-10-04,326.99,330.0,335.59,311.26
2014-10-05,319.99,311.68,299.99,323.94
2014-10-06,329.78,329.11,335.05,322.3
2014-10-07,334.64,330.5,329.73,337.7
2014-10-08,355.79,356.63,351.17,373.05
2014-10-09,364.74,366.4,368.35,363.98
2014-10-10,360.78,358.59,361.94,354.29
2014-10-11,363.18,362.01,361.93,355.9
2014-10-12,379.0,375.0,370.02,380.38
2014-10-13,393.17,395.14,400.0,407.8
2014-10-14,402.96,400.74,401.69,396.81
2014-10-15,394.45,398.88,394.13,383.89
2014-10-16,381.0,381.5,379.0,374.59
2014-10-17,383.65,378.82,377.98,383.34
2014-10-18,390.88,390.13,390.97,385.0
2014-10-19,389.12,389.26,379.29,381.16
2014-10-20,380.67,379.89,382.08,385.85
2014-10-21,384.2,385.7,386.95,383.0
2014-10-22,382.5,384.27,370.77,370.6
2014-10-23,356.3,356.28,354.41,356.67
2014-10-24,358.0,358.5,356.0,347.5
2014-10-25,348.69,348.99,348.53,356.26
2014-10-26,355.09,354.72,352.86,355.74
2014-10-27,351.19,352.47,353.48,356.9
2014-10-28,355.52,355.26,353.55,346.34
2014-10-29,336.32,338.99,336.09,337.8
2014-10-30,346.09,346.35,344.02,339.82
2014-10-31,337.99,339.0,339.19,329.67
2014-11-01,324.99,325.13,327.35,318.3
2014-11-02,324.05,324.5,329.86,327.8
2014-11-03,325.0,325.94,326.62,323.67
2014-11-04,330.23,336.36,333.99,337.55
2014-11-05,337.0,337.0,337.98,339.33
2014-11-06,349.98,347.77,349.46,344.2
2014-11-07,341.97,343.76,344.54,342.68
2014-11-08,345.82,345.86,344.44,350.95
2014-11-09,364.96,361.98,360.26,371.25
2014-11-10,365.15,370.49,370.66,368.8
2014-11-11,369.85,371.89,381.96,392.0
2014-11-12,426.52,424.98,449.98,424.0
2014-11-13,415.6,408.05,394.1,397.0
2014-11-14,399.79,403.19,395.77,390.75
2014-11-15,375.02,376.63,380.99,389.9
2014-11-16,389.87,398.99,399.88,411.77
2014-11-17,387.18,392.84,388.51,378.17
2014-11-18,373.09,377.98,380.33,380.28
2014-11-19,378.94,381.76,379.2,359.91
2014-11-20,357.36,350.3,349.98,353.87
2014-11-21,353.0,352.56,355.85,364.88
2014-11-22,353.02,354.72,355.0,357.03
2014-11-23,367.02,370.42,369.68,371.94
2014-11-24,376.05,381.16,381.51,393.06
2014-11-25,376.1,372.47,375.91,372.7
2014-11-26,371.32,372.73,372.42,373.16
2014-11-27,369.25,370.0,368.2,364.22
2014-11-28,375.97,374.31,377.98,384.5
2014-11-29,375.48,374.1,376.37,378.44
2014-11-30,377.12,377.86,375.99,376.37
2014-12-01,377.22,376.99,377.29,379.0
2014-12-02,378.16,380.71,380.68,376.19
2014-12-03,376.61,377.6,378.99,366.98
2014-12-04,369.14,366.94,368.7,371.0
2014-12-05,376.6,376.23,372.62,375.0
2014-12-06,373.89,375.08,374.26,375.19
2014-12-07,376.0,376.86,373.0,367.78
2014-12-08,362.96,362.28,355.0,351.28
2014-12-09,352.47,350.44,349.9,351.74
2014-12-10,344.98,346.94,353.97,357.16
2014-12-11,348.87,349.83,352.0,354.43
2014-12-12,352.14,350.71,350.36,348.91
2014-12-13,349.35,350.5,350.19,351.79
2014-12-14,357.18,355.8,353.13,351.71
2014-12-15,348.94,348.44,340.0,337.06
2014-12-16,327.35,331.98,332.5,320.13
2014-12-17,321.99,323.75,313.21,316.0
2014-12-18,310.26,312.21,309.0,311.04
2014-12-19,318.57,316.99,324.68,328.95
2014-12-20,331.02,329.79,320.0,326.2
2014-12-21,320.95,323.9,321.97,329.38
2014-12-22,332.53,333.68,329.91,331.82
2014-12-23,335.12,334.72,334.74,332.96
2014-12-24,323.03,320.36,321.04,320.27
2014-12-25,319.8,319.8,321.7,325.05
2014-12-26,329.03,327.99,320.43,320.1
2014-12-27,317.86,316.82,314.02,314.01
2014-12-28,317.7,318.79,317.4,315.69
2014-12-29,313.31,314.4,313.39,311.48
2014-12-30,311.83,312.01,312.67,313.42
2014-12-31,320.43,319.66,314.0,315.57
2015-01-01,314.53,313.26,315.98,314.3
2015-01-02,314.41,316.4,313.07,304.9
2015-01-03,281.79,287.0,283.56,283.9
2015-01-04,265.39,267.61,272.14,276.8
2015-01-05,276.8,276.8,276.8,276.8
2015-01-06,276.8,276.8,276.8,276.8
2015-01-07,276.8,276.8,276.8,276.8
2015-01-08,276.8,276.8,276.8,276.8
2015-01-09,294.26,289.22,290.24,280.0
2015-01-10,275.02,277.98,276.87,278.44
2015-01-11,266.38,266.98,271.6,268.52
2015-01-12,267.15,261.13,248.41,219.94
2015-01-13,223.43,219.75,217.74,190.65
2015-01-14,169.0,183.04,195.05,212.17
2015-01-15,208.0,213.0,217.03,216.44
2015-01-16,208.1,207.38,204.55,198.48
2015-01-17,200.5,199.48,196.36,211.96
2015-01-18,212.22,216.83,213.75,212.1
2015-01-19,214.69,212.94,212.59,209.04
2015-01-20,210.54,212.69,215.01,213.29
2015-01-21,228.05,227.58,234.0,233.64
2015-01-22,234.07,233.0,227.69,227.41
2015-01-23,233.7,232.0,233.46,234.73
2015-01-24,248.64,248.26,251.11,246.97
2015-01-25,255.9,261.0,281.08,298.0
2015-01-26,274.87,265.0,260.27,253.96
2015-01-27,263.98,264.53,257.12,259.8
2015-01-28,236.19,237.74,235.65,226.0
2015-01-29,234.4,235.89,236.5,233.57
2015-01-30,227.98,230.48,226.92,230.69
2015-01-31,218.45,219.03,218.88,214.42
2015-02-01,226.78,229.72,228.5,226.0
2015-02-02,237.64,239.31,236.96,239.8
2015-02-03,228.41,227.6,226.87,227.7
2015-02-04,227.53,226.72,225.52,225.5
2015-02-05,216.75,217.95,214.96,216.45
2015-02-06,223.45,224.2,225.33,229.99
2015-02-07,228.8,227.5,225.52,229.09
2015-02-08,223.99,223.46,223.54,221.0
2015-02-09,220.88,220.13,218.75,216.28
2015-02-10,220.45,221.13,222.21,219.89
2015-02-11,219.92,219.47,218.67,218.67
2015-02-12,223.01,222.42,224.08,236.73
2015-02-13,236.9,239.34,240.28,247.43
2015-02-14,257.38,256.44,257.54,254.45
2015-02-15,235.67,231.91,232.26,234.0
2015-02-16,234.46,233.52,235.22,239.16
2015-02-17,245.72,245.0,244.59,242.94
2015-02-18,237.37,237.75,237.08,238.76
2015-02-19,240.93,241.0,246.44,244.76
2015-02-20,244.9,245.21,246.13,245.34
2015-02-21,245.41,247.14,246.76,245.21
2015-02-22,237.19,237.54,236.04,233.5
2015-02-23,239.58,240.41,239.43,238.35
2015-02-24,239.53,240.18,238.55,237.54
2015-02-25,237.99,238.41,236.9,236.68
2015-02-26,236.8,236.21,252.01,252.31
2015-02-27,252.29,252.0,251.9,252.69
2015-02-28,253.16,253.0,252.07,252.16
2015-03-01,257.47,257.69,258.58,257.81
2015-03-02,274.9,274.95,276.51,269.53
2015-03-03,281.0,281.44,280.48,278.58
2015-03-04,271.06,272.1,270.44,266.97
2015-03-05,272.95,274.2,273.05,270.84
2015-03-06,272.05,272.57,272.32,272.21
2015-03-07,276.72,276.98,276.03,274.0
2015-03-08,275.0,275.1,277.5,279.58
2015-03-09,287.13,287.4,292.89,293.35
2015-03-10,290.09,290.41,288.93,291.29
2015-03-11,296.51,295.64,292.96,291.93
2015-03-12,294.76,294.88,293.48,288.65
2015-03-13,283.33,284.99,284.1,282.68
2015-03-14,281.44,283.0,283.28,284.78
2015-03-15,286.75,286.42,289.96,291.42
2015-03-16,289.27,289.27,289.86,290.69
2015-03-17,283.42,281.99,283.2,270.7
2015-03-18,256.57,252.29,254.02,259.45
2015-03-19,261.91,262.12,263.08,259.88
2015-03-20,261.64,261.24,261.09,259.9
2015-03-21,260.0,260.11,259.65,260.08
2015-03-22,268.66,269.3,266.51,267.22
2015-03-23,266.0,266.51,264.5,253.51
2015-03-24,247.1,244.68,246.12,245.27
2015-03-25,247.0,246.22,245.36,251.19
2015-03-26,248.91,250.28,248.0,247.69
2015-03-27,247.26,248.49,252.84,252.04
2015-03-28,252.91,252.04,247.7,244.38
2015-03-29,242.47,241.55,245.0,243.58
2015-03-30,248.04,247.42,246.0,244.0
2015-03-31,244.39,244.27,243.03,241.82
2015-04-01,246.79,246.9,246.23,245.87
2015-04-02,253.5,252.24,251.24,253.53
2015-04-03,253.96,254.3,253.9,251.76
2015-04-04,253.6,253.14,252.0,254.64
2015-04-05,261.0,260.05,259.48,257.8
2015-04-06,255.68,255.15,253.96,253.78
2015-04-07,253.68,253.49,252.89,244.99
2015-04-08,244.44,246.15,244.11,242.0
2015-04-09,243.84,243.29,241.51,237.9
2015-04-10,236.0,235.75,236.09,234.48
2015-04-11,236.64,237.22,236.53,236.6
2015-04-12,236.43,236.18,236.29,233.92
2015-04-13,223.21,223.03,222.54,219.95
2015-04-14,216.77,219.72,219.94,220.93
2015-04-15,222.85,224.49,224.41,225.14
2015-04-16,227.35,227.1,227.29,223.3
2015-04-17,222.6,223.22,223.11,221.47
2015-04-18,223.48,223.0,224.16,225.73
2015-04-19,222.5,222.45,223.84,225.36
2015-04-20,224.3,224.87,225.15,224.99
2015-04-21,236.0,233.95,235.0,235.04
2015-04-22,233.09,232.81,233.49,234.52
2015-04-23,235.54,235.81,233.34,231.47
2015-04-24,230.92,231.36,229.03,228.09
2015-04-25,226.12,226.57,219.56,219.44
2015-04-26,219.53,219.04,219.0,218.69
2015-04-27,227.33,226.35,224.99,224.4
2015-04-28,225.18,225.38,224.15,224.3
2015-04-29,225.52,225.37,225.87,232.25
2015-04-30,234.72,235.97,235.77,234.06
2015-05-01,232.0,231.16,234.22,233.82
2015-05-02,233.78,232.82,234.7,240.84
2015-05-03,239.67,238.02,240.51,240.89
2015-05-04,238.2,237.5,234.87,232.92
2015-05-05,235.91,235.0,234.3,233.75
2015-05-06,228.53,229.68,228.81,230.17
2015-05-07,236.96,237.17,236.5,237.51
2015-05-08,243.22,245.84,245.05,239.87
2015-05-09,242.0,241.13,241.52,242.87
2015-05-10,240.0,239.9,239.14,239.51
2015-05-11,241.12,239.78,239.42,239.78
2015-05-12,241.05,241.25,241.45,242.98
2015-05-13,236.32,236.72,236.3,237.4
2015-05-14,237.2,237.24,236.94,237.24
2015-05-15,237.39,236.86,236.82,236.33
2015-05-16,235.31,235.89,236.52,235.79
2015-05-17,235.83,235.09,235.77,235.91
2015-05-18,233.37,233.55,233.82,232.39
2015-05-19,231.41,232.43,231.81,233.54
2015-05-20,234.4,234.18,234.38,235.12
2015-05-21,235.0,235.52,235.99,234.08
2015-05-22,239.0,239.2,239.87,240.07
2015-05-23,238.33,238.37,238.54,238.45
2015-05-24,239.69,239.26,239.68,236.2
2015-05-25,235.59,235.81,235.92,237.45
2015-05-26,235.7,235.7,237.3,236.03
2015-05-27,235.32,235.11,236.0,236.1
2015-05-28,236.07,236.05,235.73,235.56
2015-05-29,235.53,235.96,234.63,232.27
2015-05-30,232.11,231.92,232.22,230.38
2015-05-31,228.91,229.26,229.32,227.46
2015-06-01,223.24,223.86,222.47,222.89
2015-06-02,225.17,225.4,225.7,224.33
2015-06-03,225.16,225.34,224.65,224.7
2015-06-04,222.89,223.2,222.47,223.75
2015-06-05,224.6,224.66,224.06,224.67
2015-06-06,224.5,225.3,224.9,224.5
2015-06-07,222.83,222.9,222.9,224.79
2015-06-08,227.85,228.2,227.55,229.51
2015-06-09,228.7,228.69,228.65,229.65
2015-06-10,227.8,228.0,228.7,229.19
2015-06-11,229.2,229.28,229.1,229.89
2015-06-12,229.29,228.35,229.66,229.76
2015-06-13,232.0,232.05,232.15,232.36
2015-06-14,232.09,231.7,232.54,234.71
2015-06-15,236.0,235.04,235.25,240.39
2015-06-16,249.74,246.62,247.77,253.26
2015-06-17,247.1,246.89,243.81,248.75
2015-06-18,248.53,249.25,248.45,246.5
2015-06-19,243.8,243.34,241.83,241.95
2015-06-20,244.62,243.16,242.5,244.4
2015-06-21,243.64,243.93,243.76,245.83
2015-06-22,245.99,246.0,246.57,243.0
2015-06-23,243.91,243.73,242.04,243.0
2015-06-24,240.17,240.3,240.08,242.51
2015-06-25,241.77,242.22,241.41,241.65
2015-06-26,242.98,242.83,242.6,245.2
2015-06-27,251.21,251.19,250.3,248.51
2015-06-28,248.63,248.9,250.26,255.27
2015-06-29,256.01,255.93,261.61,261.71
2015-06-30,263.02,263.61,259.95,256.51
2015-07-01,257.62,257.99,259.35,257.29
2015-07-02,254.49,255.33,255.9,252.95
2015-07-03,256.28,256.59,255.03,255.77
2015-07-04,260.16,261.16,261.62,260.12
2015-07-05,271.16,270.77,267.79,273.43
2015-07-06,270.16,270.24,269.01,267.7
2015-07-07,265.81,266.12,264.95,268.9
2015-07-08,270.46,267.75,268.0,270.44
2015-07-09,268.82,268.92,270.18,288.19
2015-07-10,285.15,284.77,290.28,291.74
2015-07-11,291.65,293.37,300.17,309.47
2015-07-12,310.57,310.4,306.69,290.74
2015-07-13,291.96,292.4,291.42,289.0
2015-07-14,288.76,291.63,287.99,292.27
2015-07-15,285.6,290.5,288.98,283.79
2015-07-16,277.74,278.63,278.83,274.47
2015-07-17,279.43,279.83,279.22,278.6
2015-07-18,276.74,276.79,277.09,276.49
2015-07-19,275.0,275.4,276.54,277.77
2015-07-20,278.94,280.0,280.62,279.45
2015-07-21,276.46,276.77,275.57,277.2
2015-07-22,277.67,277.83,277.36,276.33
2015-07-23,276.61,276.84,276.66,284.76
2015-07-24,288.52,288.22,290.16,290.02
2015-07-25,288.96,289.06,288.27,293.82
2015-07-26,292.91,292.57,292.56,288.2
2015-07-27,294.4,295.53,296.68,293.32
2015-07-28,294.02,294.12,293.02,288.97
2015-07-29,289.74,288.9,289.27,286.36
2015-07-30,288.33,288.26,287.0,284.52
2015-07-31,285.11,284.88,283.69,278.12
2015-08-01,279.27,278.25,277.98,280.0
2015-08-02,281.81,281.46,280.73,283.3
2015-08-03,280.74,281.38,283.01,283.53
2015-08-04,284.98,284.14,283.98,281.94
2015-08-05,281.11,281.1,280.28,278.99
2015-08-06,277.48,277.18,275.43,278.86
2015-08-07,279.96,279.3,278.49,276.4
2015-08-08,262.81,262.3,262.06,264.99
2015-08-09,265.12,265.79,265.39,265.13
2015-08-10,264.36,264.81,265.7,266.59
2015-08-11,271.16,269.35,268.71,267.37
2015-08-12,267.6,266.98,265.09,262.62
2015-08-13,264.81,264.82,263.72,265.35
2015-08-14,265.79,265.6,265.6,265.51
2015-08-15,261.03,261.41,260.63,256.99
2015-08-16,256.11,256.48,257.03,256.3
2015-08-17,256.47,256.7,255.69,255.74
2015-08-18,233.98,230.38,232.0,231.69
2015-08-19,226.4,229.43,233.0,235.19
2015-08-20,235.16,235.26,234.82,234.77
2015-08-21,233.76,233.16,234.02,228.68
2015-08-22,231.0,231.05,232.18,230.7
2015-08-23,228.73,226.34,227.59,221.53
2015-08-24,210.13,201.02,207.93,213.37
2015-08-25,223.13,225.16,222.44,226.04
2015-08-26,226.29,227.12,223.68,226.29
2015-08-27,223.78,223.59,223.29,226.2
2015-08-28,231.25,230.82,231.79,231.22
2015-08-29,230.3,230.91,229.45,229.3
2015-08-30,229.46,228.92,228.2,229.83
2015-08-31,230.25,231.07,228.15,228.01
2015-09-01,227.91,227.82,226.63,229.0
2015-09-02,229.18,229.44,228.73,227.44
2015-09-03,227.3,227.1,227.93,229.58
2015-09-04,230.72,230.19,230.39,230.86
2015-09-05,235.42,235.33,240.32,240.1
2015-09-06,240.45,241.63,239.03,240.24
2015-09-07,240.65,240.73,242.47,243.57
2015-09-08,243.87,242.55,243.73,239.25
2015-09-09,238.56,239.24,237.02,238.78
2015-09-10,238.57,239.57,240.54,240.62
2015-09-11,239.69,239.96,238.99,239.52
2015-09-12,234.77,234.5,235.16,232.18
2015-09-13,230.08,230.48,228.04,228.5
2015-09-14,229.69,229.8,230.54,229.33
2015-09-15,229.98,230.18,230.45,226.08
2015-09-16,228.25,228.11,228.98,228.82
2015-09-17,232.2,233.26,233.61,230.83
2015-09-18,233.4,233.67,231.72,231.78
2015-09-19,230.25,230.25,230.93,230.85
2015-09-20,230.15,229.7,226.8,226.61
2015-09-21,226.19,226.8,225.86,230.6
2015-09-22,230.53,230.32,230.63,229.4
2015-09-23,229.42,230.02,231.2,230.97
2015-09-24,233.86,233.53,233.14,236.76
2015-09-25,235.15,235.35,233.78,234.11
2015-09-26,234.09,233.56,233.84,232.81
2015-09-27,232.49,232.75,236.09,237.45
2015-09-28,238.32,237.99,238.77,236.59
2015-09-29,236.55,237.45,237.67,235.26
2015-09-30,236.15,236.1,237.22,236.06
2015-10-01,238.03,238.03,238.39,236.44
2015-10-02,237.78,237.77,237.08,237.8
2015-10-03,238.63,238.95,238.83,238.61
2015-10-04,238.6,238.39,239.19,238.11
2015-10-05,240.85,240.22,240.23,240.51
2015-10-06,246.8,246.84,246.39,244.54
2015-10-07,243.2,243.99,243.88,244.09
2015-10-08,243.3,242.66,243.76,243.89
2015-10-09,244.68,244.86,244.79,244.01
2015-10-10,245.72,245.72,245.41,245.27
2015-10-11,247.89,246.79,247.79,247.36
2015-10-12,245.44,244.71,244.92,249.42
2015-10-13,249.97,250.06,249.34,249.94
2015-10-14,252.47,252.32,255.2,254.63
2015-10-15,254.48,254.47,254.83,259.57
2015-10-16,262.83,263.49,267.9,269.53
2015-10-17,269.26,270.33,267.03,266.31
2015-10-18,261.06,261.05,261.79,263.14
2015-10-19,265.08,265.36,263.01,266.45
2015-10-20,269.77,270.83,270.5,266.22
2015-10-21,267.84,268.35,268.39,276.24
2015-10-22,274.74,275.96,275.98,278.2
2015-10-23,278.22,280.24,281.26,279.73
2015-10-24,283.17,284.03,288.02,287.82
2015-10-25,284.84,284.74,280.03,284.53
2015-10-26,286.96,290.34,288.83,290.13
2015-10-27,295.52,297.0,301.52,302.29
2015-10-28,304.74,304.77,306.0,309.29
2015-10-29,314.97,316.87,326.0,320.68
2015-10-30,329.2,331.87,326.14,325.28
2015-10-31,311.91,312.67,311.61,320.42
2015-11-01,325.0,326.5,329.21,339.0
2015-11-02,363.72,362.34,376.67,378.26
2015-11-03,404.45,411.03,443.0,475.86
2015-11-04,404.48,399.78,415.21,389.82
2015-11-05,386.37,371.15,359.51,371.67
2015-11-06,374.92,380.0,384.5,388.47
2015-11-07,382.79,387.99,388.01,384.91
2015-11-08,374.66,369.6,369.45,382.67
2015-11-09,378.16,373.8,377.01,373.24
2015-11-10,338.0,335.33,312.93,319.0
2015-11-11,312.99,313.0,315.0,335.47
2015-11-12,338.85,338.47,338.97,327.19
2015-11-13,336.1,334.73,334.77,332.53
2015-11-14,333.72,333.33,331.85,332.67
2015-11-15,317.52,316.89,319.32,317.94
2015-11-16,329.99,330.95,335.92,334.6
2015-11-17,335.49,336.34,333.97,333.58
2015-11-18,334.47,334.92,334.23,334.58
2015-11-19,326.94,320.0,316.76,322.88
2015-11-20,321.48,319.34,321.54,327.65
2015-11-21,326.6,325.95,325.98,322.89
2015-11-22,323.73,323.93,321.58,324.7
2015-11-23,322.54,322.3,320.37,322.47
2015-11-24,320.06,319.67,318.0,324.72
2015-11-25,328.88,332.73,333.16,356.25
2015-11-26,352.86,349.0,350.66,357.0
2015-11-27,355.86,354.53,354.37,353.97
2015-11-28,357.01,356.67,354.89,363.32
2015-11-29,370.64,376.1,375.18,379.29
2015-11-30,377.13,378.02,378.87,361.22
2015-12-01,362.56,353.9,351.6,353.42
2015-12-02,359.0,358.61,368.13,359.21
2015-12-03,361.52,362.14,358.44,359.92
2015-12-04,364.29,364.65,371.6,379.78
2015-12-05,387.77,389.0,392.22,391.92
2015-12-06,387.82,386.98,386.61,395.0
2015-12-07,395.71,393.54,393.93,395.0
2015-12-08,415.0,414.91,417.45,423.34
2015-12-09,417.0,414.76,413.1,413.57
2015-12-10,415.25,416.88,423.14,434.92
2015-12-11,451.93,454.93,427.2,432.0
2015-12-12,431.53,434.64,430.67,435.0
2015-12-13,431.6,433.99,436.38,442.78
2015-12-14,443.7,448.45,451.49,454.58
2015-12-15,464.0,463.81,451.08,460.21
2015-12-16,455.8,454.62,453.0,458.0
2015-12-17,455.42,454.82,455.87,458.45
2015-12-18,462.31,464.29,463.9,464.92
2015-12-19,461.3,461.98,458.79,457.86
2015-12-20,441.97,425.54,438.99,445.95
2015-12-21,437.65,438.0,439.86,440.13
2015-12-22,434.99,437.55,437.57,441.34
2015-12-23,444.0,444.38,453.16,457.2
2015-12-24,454.86,457.9,458.33,452.56
2015-12-25,455.51,457.45,446.88,424.77
2015-12-26,417.0,412.25,417.14,424.66
2015-12-27,422.93,427.17,427.54,426.55
2015-12-28,420.83,423.06,422.51,423.47
2015-12-29,432.44,432.6,431.69,431.58
2015-12-30,425.88,424.58,425.98,426.07
2015-12-31,431.06,431.02,435.11,432.72
2016-01-01,434.87,434.37,433.88,432.31
2016-01-02,433.53,432.84,430.48,430.77
2016-01-03,431.85,428.58,431.28,431.87
2016-01-04,432.68,434.69,434.63,431.62
2016-01-05,432.38,432.2,428.63,430.94
2016-01-06,430.1,431.5,440.11,450.55
2016-01-07,456.92,460.69,455.79,454.8
2016-01-08,452.7,453.45,449.48,450.21
2016-01-09,449.46,446.13,446.07,442.89
2016-01-10,449.57,449.07,448.89,444.65
2016-01-11,448.0,445.74,446.53,444.81
2016-01-12,435.92,427.39,430.17,429.18
2016-01-13,432.79,431.86,431.17,429.74
2016-01-14,429.8,428.26,416.32,402.79
2016-01-15,365.1,375.89,370.89,369.41
2016-01-16,385.4,388.0,383.1,380.52
2016-01-17,379.91,380.36,379.72,381.6
2016-01-18,385.47,386.01,384.27,384.96
2016-01-19,376.01,374.95,376.98,377.75
2016-01-20,418.7,417.3,413.8,413.47
2016-01-21,409.49,407.95,393.83,391.05
2016-01-22,382.33,388.41,393.45,388.36
2016-01-23,387.09,388.02,388.29,398.77
2016-01-24,402.09,399.87,398.53,396.45
2016-01-25,391.11,391.1,390.7,393.85
2016-01-26,392.08,392.03,393.56,394.74
2016-01-27,395.0,394.63,380.01,382.66
2016-01-28,379.23,368.63,371.36,381.05
2016-01-29,378.02,379.3,377.95,378.19
2016-01-30,376.61,376.85,376.64,377.33
2016-01-31,369.29,368.34,373.45,375.01
2016-02-01,371.73,372.99,373.12,372.13
2016-02-02,373.1,373.27,372.29,370.42
2016-02-03,368.5,369.49,370.62,373.8
2016-02-04,386.62,387.88,387.3,388.89
2016-02-05,384.97,378.66,375.05,375.7
2016-02-06,375.39,374.06,375.74,377.59
2016-02-07,374.58,375.62,376.0,378.0
2016-02-08,371.4,371.77,371.14,373.26
2016-02-09,373.42,373.63,374.85,377.58
2016-02-10,378.94,378.83,378.88,379.53
2016-02-11,377.98,377.41,378.6,380.64
2016-02-12,382.73,383.99,388.16,388.2
2016-02-13,392.75,394.94,394.47,399.32
2016-02-14,405.56,405.0,402.0,398.73
2016-02-15,399.88,401.51,397.51,401.0
2016-02-16,406.75,406.69,407.2,412.51
2016-02-17,416.06,416.0,418.54,423.06
2016-02-18,421.14,420.67,421.57,418.81
2016-02-19,420.22,420.3,421.22,429.12
2016-02-20,436.79,434.6,438.29,446.73
2016-02-21,438.69,435.74,435.78,435.66
2016-02-22,437.99,438.57,437.9,422.0
2016-02-23,419.95,423.44,419.2,416.59
2016-02-24,423.79,424.9,418.88,422.49
2016-02-25,423.51,421.2,419.53,424.7
2016-02-26,432.0,432.65,432.18,431.71
2016-02-27,430.81,426.06,424.58,425.47
2016-02-28,431.12,431.87,436.67,435.0
2016-02-29,435.2,437.4,434.41,434.54
2016-03-01,432.88,434.0,433.88,431.57
2016-03-02,422.3,420.99,419.0,420.32
2016-03-03,420.3,420.89,422.69,417.95
2016-03-04,408.35,405.8,408.66,406.02
2016-03-05,398.5,396.47,399.81,408.73
2016-03-06,406.5,404.67,406.61,411.65
2016-03-07,414.02,413.54,414.67,411.17
2016-03-08,412.15,410.64,409.74,410.53
2016-03-09,412.85,411.61,411.79,411.36
2016-03-10,415.99,415.71,417.5,421.0
2016-03-11,420.03,420.5,413.92,413.52
2016-03-12,410.7,411.0,411.28,415.5
2016-03-13,412.25,413.1,414.31,414.5
2016-03-14,414.64,415.1,416.59,416.5
2016-03-15,415.24,415.9,414.37,415.03
2016-03-16,416.8,416.66,417.09,418.0
2016-03-17,418.01,417.59,417.18,413.22
2016-03-18,407.12,407.18,406.43,408.1
2016-03-19,409.04,408.56,410.0,408.82
2016-03-20,410.45,409.15,407.45,408.3
2016-03-21,410.65,410.99,415.73,415.25
2016-03-22,416.36,416.82,416.26,415.76
2016-03-23,417.89,417.46,417.15,414.81
2016-03-24,415.13,413.42,414.95,415.22
2016-03-25,415.98,416.69,416.19,414.79
2016-03-26,416.41,416.21,416.45,416.36
2016-03-27,424.3,423.91,424.1,424.37
2016-03-28,422.03,423.0,422.72,415.8
2016-03-29,414.94,413.52,414.99,413.36
2016-03-30,414.01,414.49,414.96,414.85
2016-03-31,415.2,415.0,415.79,415.37
2016-04-01,416.01,418.76,418.27,418.36
2016-04-02,419.32,419.07,417.5,417.66
2016-04-03,418.32,418.85,419.02,417.41
2016-04-04,418.63,418.79,421.5,422.09
2016-04-05,422.72,422.74,422.61,420.88
2016-04-06,421.03,421.68,419.86,419.94
2016-04-07,419.98,419.9,421.22,421.3
2016-04-08,417.47,416.54,415.6,417.63
2016-04-09,418.35,418.48,417.94,420.01
2016-04-10,420.34,421.08,419.89,419.95
2016-04-11,422.79,422.67,424.9,425.25
2016-04-12,425.43,425.84,425.0,423.0
2016-04-13,423.58,424.52,423.72,424.37
2016-04-14,424.38,424.9,424.99,428.5
2016-04-15,429.29,428.8,429.48,431.1
2016-04-16,430.69,430.52,428.08,428.37
2016-04-17,427.46,426.74,428.54,427.07
2016-04-18,427.36,427.23,427.4,430.0
2016-04-19,435.41,437.0,436.51,437.23
2016-04-20,441.98,441.0,442.98,442.99
2016-04-21,451.0,450.2,446.0,447.31
2016-04-22,447.16,447.84,445.79,447.14
2016-04-23,451.92,453.65,454.51,452.7
2016-04-24,460.02,459.38,459.44,458.24
2016-04-25,463.71,465.76,463.27,463.51
2016-04-26,466.61,466.61,465.65,464.0
2016-04-27,445.0,435.0,440.8,445.22
2016-04-28,449.11,448.8,447.36,450.0
2016-04-29,455.14,455.66,453.61,453.72
2016-04-30,448.5,447.95,448.98,451.09
2016-05-01,452.14,451.53,451.69,442.61
2016-05-02,444.05,443.55,443.61,448.44
2016-05-03,451.67,451.68,449.43,445.69
2016-05-04,447.33,447.88,447.18,445.99
2016-05-05,448.41,448.52,447.36,451.35
2016-05-06,458.65,458.06,457.9,459.07
2016-05-07,457.97,457.19,459.65,457.3
2016-05-08,457.74,458.05,456.6,456.38
2016-05-09,461.49,460.49,460.79,453.21
2016-05-10,451.9,452.45,453.11,453.13
2016-05-11,452.77,453.0,450.88,452.24
2016-05-12,455.25,455.11,453.45,455.48
2016-05-13,456.42,456.27,454.98,455.39
2016-05-14,455.51,456.32,456.2,456.13
2016-05-15,457.83,457.32,457.34,457.74
2016-05-16,454.36,454.08,454.38,453.11
2016-05-17,452.01,452.7,454.08,454.71
2016-05-18,452.67,453.29,453.35,448.71
2016-05-19,435.96,437.92,439.75,443.64
2016-05-20,442.82,442.48,442.71,442.6
2016-05-21,442.7,443.23,442.82,441.99
2016-05-22,438.45,436.99,439.77,441.0
2016-05-23,442.99,442.48,443.36,445.8
2016-05-24,445.56,445.55,445.9,448.04
2016-05-25,448.24,449.41,448.23,450.7
2016-05-26,452.88,456.45,468.11,473.0
2016-05-27,468.55,471.57,489.55,490.17
2016-05-28,517.99,516.0,513.62,520.0
2016-05-29,512.61,514.67,523.11,528.21
2016-05-30,527.82,528.0,526.54,542.99
2016-05-31,532.37,533.88,526.12,534.3
2016-06-01,536.88,534.5,539.39,536.99
2016-06-02,538.0,538.91,537.25,552.81
2016-06-03,568.15,571.73,570.06,568.48
2016-06-04,574.27,579.23,576.0,574.17
2016-06-05,574.02,574.97,578.99,580.41
2016-06-06,584.19,590.79,585.97,586.88
2016-06-07,577.48,577.22,575.0,582.0
2016-06-08,583.1,581.04,581.98,580.09
2016-06-09,576.05,573.54,574.71,575.03
2016-06-10,576.57,578.81,582.65,583.12
2016-06-11,606.03,617.99,628.8,641.21
2016-06-12,664.91,665.82,680.72,693.0
2016-06-13,703.8,696.21,689.87,687.53
2016-06-14,685.83,685.01,682.33,684.5
2016-06-15,696.34,715.0,728.43,733.31
2016-06-16,767.99,769.01,767.06,739.33
2016-06-17,745.0,741.57,741.57,750.01
2016-06-18,753.47,754.01,747.13,752.17
2016-06-19,758.44,760.22,763.99,746.03
2016-06-20,728.18,699.66,706.9,661.0
2016-06-21,665.88,675.63,656.0,661.0
2016-06-22,601.84,590.88,570.36,592.63
2016-06-23,623.58,625.64,674.99,652.04
2016-06-24,661.92,660.73,680.21,675.47
2016-06-25,660.46,657.79,641.32,645.02
2016-06-26,630.16,622.55,637.93,637.0
2016-06-27,657.32,658.08,652.27,649.0
2016-06-28,641.83,637.41,626.99,633.95
2016-06-29,636.0,636.79,632.78,648.9
2016-06-30,668.31,660.07,678.52,677.98
2016-07-01,674.34,674.44,677.36,690.42
2016-07-02,704.0,701.42,695.01,680.71
2016-07-03,658.27,656.26,671.36,667.34
2016-07-04,682.36,681.48,674.4,673.99
2016-07-05,669.08,668.63,677.87,671.99
2016-07-06,674.8,675.4,642.98,645.0
2016-07-07,641.29,644.14,635.88,641.94
2016-07-08,661.98,662.45,649.41,648.85
2016-07-09,647.09,650.1,645.0,645.44
2016-07-10,645.7,646.3,657.02,645.7
2016-07-11,649.32,649.23,648.96,651.66
2016-07-12,663.78,663.0,662.6,664.32
2016-07-13,651.01,655.47,651.05,660.58
2016-07-14,660.83,660.98,664.57,665.03
2016-07-15,664.6,665.77,665.39,665.0
2016-07-16,662.45,661.86,663.02,665.98
2016-07-17,679.68,678.7,682.01,680.9
2016-07-18,672.1,674.92,672.01,672.7
2016-07-19,674.65,673.92,674.06,670.51
2016-07-20,667.0,664.73,663.99,661.76
2016-07-21,663.97,665.98,664.87,660.04
2016-07-22,649.88,652.63,650.3,656.18
2016-07-23,655.52,655.6,653.52,653.26
2016-07-24,661.47,660.96,660.0,655.93
2016-07-25,654.96,655.74,654.36,648.5
2016-07-26,651.22,650.8,648.92,652.42
2016-07-27,655.06,655.2,654.61,654.49
2016-07-28,654.43,655.0,655.0,654.09
2016-07-29,654.89,655.1,656.21,655.35
2016-07-30,654.71,653.8,634.76,632.7
2016-07-31,623.46,622.0,623.0,623.94
2016-08-01,606.32,612.18,601.2,601.77
2016-08-02,538.01,531.2,533.41,546.53
2016-08-03,565.19,566.15,573.01,575.0
2016-08-04,578.18,574.28,569.99,568.16
2016-08-05,572.98,572.5,571.23,567.8
2016-08-06,589.47,591.99,589.73,593.66
2016-08-07,592.83,589.41,586.54,590.89
2016-08-08,591.62,588.13,583.98,586.99
2016-08-09,582.68,583.21,584.59,586.7
2016-08-10,592.04,591.21,591.26,595.47
2016-08-11,585.63,587.04,582.86,585.95
2016-08-12,585.26,584.93,584.91,587.8
2016-08-13,583.54,582.94,580.28,572.68
2016-08-14,569.19,565.9,571.16,570.01
2016-08-15,565.44,567.18,566.74,567.28
2016-08-16,576.1,575.46,572.75,575.45
2016-08-17,570.91,570.31,569.54,573.66
2016-08-18,571.49,571.0,571.95,572.95
2016-08-19,572.98,571.0,571.0,577.57
2016-08-20,577.87,577.45,579.0,579.6
2016-08-21,577.5,576.9,576.01,578.0
2016-08-22,583.05,583.1,584.73,578.64
2016-08-23,581.99,580.23,578.24,580.45
2016-08-24,578.71,576.5,571.79,575.17
2016-08-25,576.75,575.16,575.25,576.45
2016-08-26,577.62,578.99,574.12,574.66
2016-08-27,568.37,567.46,567.14,572.15
2016-08-28,573.25,574.82,574.37,574.2
2016-08-29,571.38,571.5,569.42,575.68
2016-08-30,575.94,576.48,571.92,571.54
2016-08-31,570.76,570.76,570.9,570.02
2016-09-01,571.04,570.37,568.42,571.0
2016-09-02,572.0,571.95,572.18,570.95
2016-09-03,596.62,594.88,594.82,600.12
2016-09-04,604.27,603.55,601.97,597.99
2016-09-05,604.7,604.99,601.7,605.96
2016-09-06,608.91,608.94,607.01,609.84
2016-09-07,614.44,614.8,614.01,627.5
2016-09-08,625.83,625.55,624.5,620.12
2016-09-09,622.69,621.98,620.16,622.5
2016-09-10,621.6,621.25,620.0,621.91
2016-09-11,606.31,604.45,606.21,606.42
2016-09-12,607.5,605.56,608.08,607.4
2016-09-13,607.41,606.51,609.22,608.48
2016-09-14,608.99,608.89,606.68,607.61
2016-09-15,606.0,605.2,605.39,608.2
2016-09-16,607.58,607.25,604.59,605.02
2016-09-17,604.09,602.81,603.9,607.11
2016-09-18,607.84,607.66,609.35,607.01
2016-09-19,608.73,608.16,608.32,606.6
2016-09-20,592.98,593.56,594.79,594.78
2016-09-21,595.46,595.5,594.14,595.15
2016-09-22,595.4,593.37,595.36,597.0
2016-09-23,600.36,600.34,602.22,601.0
2016-09-24,600.07,600.98,599.95,601.72
2016-09-25,597.36,598.99,598.71,604.84
2016-09-26,604.72,607.05,603.0,603.02
2016-09-27,605.1,603.38,601.51,603.97
2016-09-28,603.04,602.73,603.86,603.74
2016-09-29,605.59,604.91,604.22,604.19
2016-09-30,608.81,609.5,610.99,611.47
2016-10-01,612.98,612.0,611.75,609.22
2016-10-02,607.99,607.87,608.65,610.4
2016-10-03,610.55,611.54,609.29,608.0
2016-10-04,607.19,608.0,607.0,607.9
2016-10-05,608.49,608.31,607.49,608.8
2016-10-06,610.25,607.59,608.5,614.7
2016-10-07,614.88,614.72,615.72,615.01
2016-10-08,614.32,614.01,612.0,611.98
2016-10-09,613.06,613.59,615.0,614.54
2016-10-10,614.98,617.13,629.71,629.07
2016-10-11,636.35,639.01,630.96,636.98
2016-10-12,634.5,634.03,635.83,635.56
2016-10-13,634.23,635.23,633.15,634.09
2016-10-14,639.99,640.33,638.48,638.6
2016-10-15,635.84,635.3,635.74,640.43
2016-10-16,638.97,639.26,634.92,636.2
2016-10-17,636.96,637.24,636.12,636.69
2016-10-18,635.95,635.99,635.97,633.46
2016-10-19,627.98,627.99,627.01,628.5
2016-10-20,628.86,628.29,630.13,629.69
2016-10-21,629.0,628.82,629.85,634.57
2016-10-22,653.64,652.99,652.48,648.48
2016-10-23,648.38,647.0,647.0,649.98
2016-10-24,649.03,649.02,649.0,650.0
2016-10-25,651.97,654.84,655.99,662.5
2016-10-26,674.75,675.13,680.7,682.0
2016-10-27,683.04,684.44,684.97,685.98
2016-10-28,686.35,685.76,699.5,702.94
2016-10-29,711.0,703.34,705.0,704.69
2016-10-30,696.99,696.29,691.58,695.0
2016-10-31,697.63,700.69,702.85,728.17
2016-11-01,726.59,721.96,722.06,724.96
2016-11-02,740.52,740.79,741.35,742.0
2016-11-03,685.85,694.78,699.87,705.04
2016-11-04,702.71,701.25,702.37,700.7
2016-11-05,703.46,703.98,711.29,711.1
2016-11-06,709.92,702.97,700.78,702.85
2016-11-07,702.86,705.15,702.85,704.05
2016-11-08,709.29,707.15,730.56,731.51
2016-11-09,720.6,720.99,715.0,718.0
2016-11-10,714.47,714.55,712.93,715.95
2016-11-11,716.39,716.39,715.09,708.16
2016-11-12,702.54,695.24,692.0,692.09
2016-11-13,701.5,699.0,702.65,698.84
2016-11-14,704.93,704.25,709.79,711.62
2016-11-15,711.73,711.68,711.14,714.45
2016-11-16,739.71,739.67,747.0,744.3
2016-11-17,735.5,732.0,737.0,748.4
2016-11-18,748.99,747.72,746.56,747.99
2016-11-19,750.76,750.82,752.75,751.81
2016-11-20,727.09,727.78,727.68,729.75
2016-11-21,736.76,736.12,735.6,738.95
2016-11-22,749.69,749.7,742.07,740.37
2016-11-23,740.18,740.18,737.0,733.64
2016-11-24,735.63,734.75,728.69,734.75
2016-11-25,735.79,737.07,735.99,729.15
2016-11-26,729.92,729.96,724.85,727.59
2016-11-27,727.35,727.35,728.0,730.97
2016-11-28,731.0,731.19,727.5,730.69
2016-11-29,730.73,732.06,729.91,743.23
2016-11-30,742.06,742.04,744.0,747.75
2016-12-01,751.22,754.77,766.55,770.01
2016-12-02,770.99,769.99,766.89,760.01
2016-12-03,762.96,761.01,760.74,759.57
2016-12-04,762.0,761.98,755.78,750.0
2016-12-05,750.41,752.99,751.0,757.97
2016-12-06,758.96,757.31,755.95,761.0
2016-12-07,764.05,764.21,766.45,769.63
2016-12-08,767.21,769.39,768.08,770.27
2016-12-09,769.57,770.99,770.79,771.91
2016-12-10,772.28,770.85,766.58,769.32
2016-12-11,768.97,769.99,769.8,778.97
2016-12-12,776.52,778.03,774.96,777.24
2016-12-13,775.97,776.29,778.89,778.9
2016-12-14,777.09,777.37,777.48,778.31
2016-12-15,776.55,775.0,773.03,780.26
2016-12-16,781.33,781.2,787.18,786.32
2016-12-17,788.92,788.99,789.28,790.89
2016-12-18,788.34,788.78,792.6,790.7
2016-12-19,791.0,790.71,788.19,792.81
2016-12-20,799.38,801.0,805.37,809.89
2016-12-21,828.97,837.19,845.0,860.31
2016-12-22,859.87,860.42,906.02,905.24
2016-12-23,914.98,914.04,908.77,897.88
2016-12-24,892.61,892.43,866.34,865.36
2016-12-25,891.0,899.75,902.04,890.67
2016-12-26,896.93,898.99,898.8,916.23
2016-12-27,930.0,937.89,953.49,957.42
2016-12-28,974.58,975.86,968.73,975.85
2016-12-29,965.31,965.93,947.3,941.34
2016-12-30,958.96,955.08,948.12,952.93
2016-12-31,966.37,966.6,963.46,974.92
2017-01-01,996.89,997.69,1005.73,1024.92
2017-01-02,1014.98,1019.24,1023.57,1023.5
2017-01-03,1036.0,1032.33,1042.64,1081.93
2017-01-04,1111.95,1088.62,1118.05,1096.8
2017-01-05,1003.92,1016.09,970.1,898.98
2017-01-06,894.38,884.43,836.74,874.01
2017-01-07,903.93,895.7,937.05,901.89
2017-01-08,910.04,887.91,884.65,900.83
2017-01-09,895.04,904.72,895.62,902.38
2017-01-10,904.08,906.15,908.85,833.98
2017-01-11,770.0,766.05,764.07,767.11
2017-01-12,807.42,811.67,788.67,802.68
2017-01-13,828.28,833.46,822.12,834.57
2017-01-14,819.55,819.72,819.64,817.0
2017-01-15,821.98,820.82,827.15,821.86
2017-01-16,831.06,830.51,855.31,876.61
2017-01-17,908.28,910.0,900.08,896.94
2017-01-18,888.52,890.0,881.0,888.79
2017-01-19,901.6,901.68,890.05,888.54
2017-01-20,895.64,895.5,922.79,921.47
2017-01-21,922.0,929.39,934.51,929.98
2017-01-22,923.82,918.06,919.54,921.99
2017-01-23,902.03,901.0,919.2,908.92
2017-01-24,885.74,895.07,892.52,896.65
2017-01-25,893.79,895.86,897.19,901.87
2017-01-26,915.04,916.39,912.33,917.52
2017-01-27,918.66,918.17,920.05,917.16
2017-01-28,918.16,918.99,919.14,918.4
2017-01-29,912.66,910.3,916.48,916.21
2017-01-30,920.0,920.08,918.21,940.2
2017-01-31,963.95,968.69,968.17,966.95
2017-02-01,984.41,987.83,980.0,991.02
2017-02-02,1009.18,1008.0,1018.69,1005.32
2017-02-03,1016.99,1017.88,1008.94,1009.38
2017-02-04,1033.17,1029.6,1025.0,1022.22
2017-02-05,1009.51,1014.91,1016.35,1022.99
2017-02-06,1023.83,1022.49,1036.0,1047.03
2017-02-07,1052.97,1055.56,1067.3,1040.99
2017-02-08,1051.71,1064.3,1071.58,1065.1
2017-02-09,987.0,982.99,979.82,976.82
2017-02-10,995.39,995.25,1003.82,1006.0
2017-02-11,1011.0,1007.9,1003.06,1005.63
2017-02-12,1000.74,1000.88,1006.54,992.09
2017-02-13,1001.57,999.44,992.43,995.47
2017-02-14,1008.65,1010.1,1009.31,1007.03
2017-02-15,1012.31,1012.27,1021.18,1023.99
2017-02-16,1034.09,1038.5,1036.07,1042.39
2017-02-17,1055.59,1054.67,1065.72,1060.5
2017-02-18,1056.4,1055.4,1054.68,1053.35
2017-02-19,1050.23,1050.15,1047.94,1053.79
2017-02-20,1080.33,1080.0,1081.81,1113.9
2017-02-21,1124.05,1123.89,1111.75,1120.0
2017-02-22,1132.45,1133.01,1128.67,1150.92
2017-02-23,1184.92,1179.55,1203.79,1167.14
2017-02-24,1178.17,1178.39,1181.0,1182.52
2017-02-25,1153.57,1148.87,1150.15,1170.27
2017-02-26,1178.97,1188.5,1185.0,1182.1
2017-02-27,1197.86,1199.89,1195.0,1185.52
2017-02-28,1189.96,1193.39,1193.8,1202.23
2017-03-01,1227.92,1228.99,1221.91,1234.0
2017-03-02,1256.98,1263.33,1261.0,1290.99
2017-03-03,1287.37,1282.03,1280.0,1268.21
2017-03-04,1259.29,1262.33,1250.74,1249.99
2017-03-05,1269.98,1268.29,1262.35,1279.55
2017-03-06,1278.74,1277.78,1263.22,1210.02
2017-03-07,1231.5,1236.34,1196.91,1206.63
2017-03-08,1149.0,1135.01,1145.05,1170.5
2017-03-09,1197.66,1199.54,1198.49,1195.6
2017-03-10,1106.51,1122.74,1142.53,1178.69
2017-03-11,1176.67,1178.57,1181.34,1174.71
2017-03-12,1226.27,1227.56,1236.98,1238.98
2017-03-13,1242.08,1239.41,1236.33,1244.03
2017-03-14,1246.7,1245.86,1246.02,1253.22
2017-03-15,1256.02,1253.72,1247.53,1228.78
2017-03-16,1171.0,1168.25,1130.75,1149.0
2017-03-17,1075.0,1081.71,1069.9,1086.37
2017-03-18,978.08,974.0,1000.96,990.96
2017-03-19,1015.82,1019.95,1031.64,1046.6
2017-03-20,1041.15,1048.98,1077.0,1085.13
2017-03-21,1112.78,1101.11,1096.01,1067.66
2017-03-22,1035.42,1030.96,1021.65,1045.3
2017-03-23,1027.95,1022.91,998.38,994.34
2017-03-24,920.05,934.3,897.97,908.65
2017-03-25,962.47,954.03,952.85,963.98
2017-03-26,959.57,960.7,964.61,988.96
2017-03-27,1037.55,1031.01,1033.89,1062.52
2017-03-28,1042.77,1034.88,1019.26,1050.0
2017-03-29,1038.83,1043.9,1036.65,1034.0
2017-03-30,1033.35,1038.7,1047.0,1038.6
2017-03-31,1073.59,1071.37,1069.74,1091.1
2017-04-01,1082.81,1077.32,1074.03,1076.95
2017-04-02,1079.84,1106.41,1116.1,1132.92
2017-04-03,1146.98,1149.11,1145.41,1146.03
2017-04-04,1144.0,1144.49,1136.41,1128.23
2017-04-05,1136.13,1141.05,1155.19,1177.0
2017-04-06,1186.54,1186.13,1184.91,1188.08
2017-04-07,1191.66,1182.0,1196.33,1191.35
2017-04-08,1185.0,1185.41,1186.1,1174.45
2017-04-09,1206.37,1207.91,1208.88,1211.0
2017-04-10,1210.07,1212.0,1200.26,1210.63
2017-04-11,1219.97,1222.81,1214.07,1219.62
2017-04-12,1209.6,1212.83,1216.0,1197.78
2017-04-13,1174.43,1176.4,1182.41,1150.58
2017-04-14,1170.36,1169.9,1176.24,1181.03
2017-04-15,1170.82,1172.4,1178.13,1164.04
2017-04-16,1161.19,1163.51,1165.26,1167.02
2017-04-17,1176.97,1181.02,1199.5,1208.22
2017-04-18,1202.62,1198.48,1203.69,1202.01
2017-04-19,1204.61,1206.13,1208.29,1220.8
2017-04-20,1236.6,1237.0,1235.38,1249.56
2017-04-21,1243.63,1243.36,1244.87,1234.0
2017-04-22,1231.43,1230.12,1226.59,1233.74
2017-04-23,1242.0,1240.0,1235.36,1241.99
2017-04-24,1253.99,1254.02,1254.75,1270.0
2017-04-25,1272.67,1273.25,1279.3,1283.34
2017-04-26,1288.11,1286.0,1299.78,1304.9
2017-04-27,1330.33,1320.02,1335.0,1309.01
2017-04-28,1331.21,1334.87,1332.92,1319.0
2017-04-29,1331.02,1332.02,1325.66,1329.99
2017-04-30,1349.52,1355.39,1364.13,1361.97
2017-05-01,1391.03,1390.28,1418.48,1465.21
2017-05-02,1448.17,1450.37,1452.34,1477.95
2017-05-03,1503.12,1507.69,1498.58,1550.23
2017-05-04,1539.52,1534.0,1566.77,1567.99
2017-05-05,1518.75,1532.89,1524.43,1561.73
2017-05-06,1554.04,1555.75,1556.62,1537.31
2017-05-07,1558.74,1563.06,1564.01,1576.59
2017-05-08,1648.4,1642.73,1672.06,1735.0
2017-05-09,1719.29,1731.35,1708.87,1740.01
2017-05-10,1774.36,1751.26,1779.81,1861.96
2017-05-11,1829.02,1825.12,1760.0,1810.84
2017-05-12,1682.0,1674.17,1663.3,1731.96
2017-05-13,1778.99,1787.42,1769.1,1777.52
2017-05-14,1781.0,1774.58,1719.1,1756.69
2017-05-15,1708.22,1686.99,1669.56,1718.47
2017-05-16,1700.0,1704.48,1713.01,1786.69
2017-05-17,1785.98,1783.11,1789.53,1799.28
2017-05-18,1876.96,1899.81,1905.0,1932.73
2017-05-19,1957.38,1969.8,1975.58,1949.96
2017-05-20,2008.85,2022.0,2032.37,2056.86
2017-05-21,2017.55,2022.0,2060.0,2094.0
2017-05-22,2112.4,2123.9,2177.81,2192.17
2017-05-23,2273.66,2284.11,2312.44,2383.22
2017-05-24,2421.14,2454.77,2523.54,2709.66
2017-05-25,2304.29,2359.98,2363.0,2553.58
2017-05-26,2264.44,2287.0,2167.85,2035.0
2017-05-27,2053.0,2099.99,2210.55,2241.73
2017-05-28,2183.19,2190.32,2146.55,2244.38
2017-05-29,2289.0,2249.43,2303.0,2306.72
2017-05-30,2202.59,2242.51,2203.13,2252.44
2017-05-31,2305.84,2312.37,2387.01,2427.01
2017-06-01,2405.01,2398.43,2434.89,2439.97
2017-06-02,2489.0,2487.26,2452.36,2523.99
2017-06-03,2541.2,2514.36,2527.76,2547.97
2017-06-04,2526.06,2555.01,2581.0,2594.0
2017-06-05,2694.98,2747.92,2840.64,2865.0
2017-06-06,2892.01,2826.11,2861.68,2849.79
2017-06-07,2681.57,2675.5,2779.0,2754.0
2017-06-08,2807.89,2795.04,2821.63,2812.0
2017-06-09,2824.86,2821.25,2819.19,2894.85
2017-06-10,2899.01,2882.0,2871.3,2873.0
2017-06-11,2954.95,2968.57,2969.67,2748.8
2017-06-12,2667.17,2695.0,2687.22,2716.19
2017-06-13,2705.98,2730.0,2742.84,2726.01
2017-06-14,2441.0,2448.97,2421.99,2299.23
2017-06-15,2411.17,2352.52,2409.7,2461.02
2017-06-16,2464.69,2460.34,2507.89,2571.99
2017-06-17,2633.93,2613.97,2631.05,2566.44
2017-06-18,2516.24,2528.0,2561.81,2527.84
2017-06-19,2601.0,2637.14,2627.63,2621.01
2017-06-20,2724.47,2735.45,2789.0,2735.24
2017-06-21,2668.05,2658.71,2611.58,2680.01
2017-06-22,2708.35,2717.58,2731.01,2718.0
2017-06-23,2684.42,2700.83,2703.63,2707.24
2017-06-24,2556.0,2539.35,2570.0,2624.73
2017-06-25,2492.54,2512.68,2508.0,2500.0
2017-06-26,2417.5,2414.29,2431.02,2379.99
2017-06-27,2550.0,2524.19,2501.34,2538.0
2017-06-28,2553.48,2554.08,2566.0,2542.25
2017-06-29,2550.0,2553.3,2533.02,2552.51
2017-06-30,2475.34,2476.08,2467.88,2500.0
2017-07-01,2422.59,2386.62,2402.99,2451.76
2017-07-02,2502.77,2490.55,2505.37,2507.99
2017-07-03,2543.2,2564.01,2612.9,2611.42
2017-07-04,2594.6,2563.72,2535.35,2559.91
2017-07-05,2605.01,2604.98,2590.86,2589.85
2017-07-06,2601.59,2600.95,2578.0,2539.99
2017-07-07,2501.17,2489.01,2516.99,2510.3
2017-07-08,2555.13,2553.65,2552.0,2534.79
2017-07-09,2512.0,2492.0,2505.67,2489.94
2017-07-10,2327.37,2352.58,2318.61,2352.76
2017-07-11,2311.04,2284.91,2318.33,2373.67
2017-07-12,2388.0,2385.16,2392.2,2394.59
2017-07-13,2345.0,2334.63,2329.99,2330.0
2017-07-14,2216.28,2202.33,2118.3,2060.18
2017-07-15,1970.0,1962.71,1996.85,1873.22
2017-07-16,1929.0,1943.52,1988.07,2014.46
2017-07-17,2224.4,2208.0,2225.0,2300.0
2017-07-18,2303.09,2263.42,2323.97,2347.99
2017-07-19,2280.4,2280.01,2326.49,2463.98
2017-07-20,2836.98,2752.95,2757.22,2757.99
2017-07-21,2655.21,2664.51,2710.79,2818.18
2017-07-22,2837.36,2848.96,2801.94,2677.78
2017-07-23,2738.35,2756.46,2746.18,2762.99
2017-07-24,2759.99,2764.97,2748.0,2570.23
2017-07-25,2581.11,2585.75,2513.92,2538.92
2017-07-26,2534.88,2535.21,2564.24,2577.02
2017-07-27,2675.34,2706.19,2659.96,2815.0
2017-07-28,2785.65,2770.36,2711.4,2672.79
2017-07-29,2709.94,2657.92,2662.18,2648.38
2017-07-30,2745.13,2710.0,2701.01,2768.99
2017-07-31,2854.47,2825.92,2874.99,2754.9
2017-08-01,2731.42,2698.43,2739.96,2752.01
2017-08-02,2705.96,2716.41,2706.21,2736.69
2017-08-03,2792.58,2795.53,2776.72,2841.98
2017-08-04,2867.0,2866.14,3130.0,3145.93
2017-08-05,3264.99,3275.41,3205.0,3182.79
2017-08-06,3223.21,3199.65,3216.99,3355.3
2017-08-07,3378.7,3358.78,3466.99,3440.2
2017-08-08,3411.28,3364.66,3341.01,3309.97
2017-08-09,3347.15,3336.09,3342.46,3401.99
2017-08-10,3409.0,3409.35,3429.99,3492.98
2017-08-11,3648.26,3630.0,3719.43,3758.94
2017-08-12,3868.58,3924.43,4055.77,3966.99
2017-08-13,4067.69,4067.48,4029.89,4148.28
2017-08-14,4332.93,4352.87,4356.29,4120.0
2017-08-15,4179.85,4142.12,4046.25,4074.85
2017-08-16,4368.7,4347.97,4310.76,4412.98
2017-08-17,4277.19,4245.01,4269.53,4308.99
2017-08-18,4105.06,4159.98,4089.0,3955.05
2017-08-19,4097.88,4050.0,4046.0,4044.6
2017-08-20,4048.0,4075.4,4045.93,4031.0
2017-08-21,3977.32,3879.54,3645.99,3899.0
2017-08-22,4075.0,4062.82,4103.54,4228.91
2017-08-23,4128.4,4114.57,4095.39,4169.99
2017-08-24,4308.0,4360.44,4312.82,4353.99
2017-08-25,4355.97,4357.99,4295.19,4297.57
2017-08-26,4338.74,4339.99,4329.09,4342.76
2017-08-27,4332.65,4293.72,4240.0,4318.8
2017-08-28,4384.33,4372.99,4385.0,4378.0
2017-08-29,4565.0,4589.01,4619.49,4524.0
2017-08-30,4576.51,4597.99,4611.06,4687.0
2017-08-31,4740.0,4763.99,4689.5,4810.0
2017-09-01,4918.64,4920.0,4852.98,4694.34
2017-09-02,4610.0,4638.38,4687.68,4573.48
2017-09-03,4602.93,4549.85,4536.24,4288.71
2017-09-04,4235.93,4180.49,4098.88,4339.0
2017-09-05,4387.93,4451.16,4404.94,4579.94
2017-09-06,4586.9,4539.97,4550.87,4620.0
2017-09-07,4606.7,4598.78,4580.0,4627.84
2017-09-08,4300.0,4286.29,4265.68,4356.01
2017-09-09,4307.77,4285.74,4164.79,4121.52
2017-09-10,4223.43,4201.0,4197.92,4178.49
2017-09-11,4205.51,4226.32,4276.31,4339.98
2017-09-12,4162.83,4138.26,4010.0,3830.0
2017-09-13,3860.78,3914.98,3809.73,3604.96
2017-09-14,3249.46,3334.98,3314.75,3022.89
2017-09-15,3689.37,3725.48,3774.0,3674.98
2017-09-16,3662.83,3640.0,3609.73,3567.8
2017-09-17,3712.46,3736.0,3751.0,3947.27
2017-09-18,4097.36,4022.54,3899.94,4001.92
2017-09-19,3894.36,3908.0,3852.93,3904.6
2017-09-20,3888.82,3838.19,3864.0,3867.32
2017-09-21,3614.66,3659.63,3733.24,3558.79
2017-09-22,3611.56,3606.2,3696.26,3803.81
2017-09-23,3772.52,3745.0,3675.0,3688.27
2017-09-24,3669.43,3674.33,3787.53,3769.1
2017-09-25,3927.03,3917.46,3911.3,3953.26
2017-09-26,3880.0,3903.37,3929.9,4071.0
2017-09-27,4202.35,4166.68,4242.29,4184.0
2017-09-28,4181.09,4180.34,4080.02,4190.27
2017-09-29,4157.91,4176.08,4193.47,4259.24
2017-09-30,4329.55,4324.29,4280.0,4273.26
2017-10-01,4377.83,4417.99,4387.35,4379.98
2017-10-02,4384.64,4377.95,4400.28,4295.6
2017-10-03,4319.99,4299.97,4304.5,4243.25
2017-10-04,4219.49,4218.87,4164.83,4246.08
2017-10-05,4309.99,4317.0,4324.0,4390.08
2017-10-06,4365.04,4375.12,4372.45,4315.0
2017-10-07,4433.6,4433.99,4419.99,4448.92
2017-10-08,4602.43,4575.61,4584.99,4596.0
2017-10-09,4771.2,4832.56,4796.61,4797.22
2017-10-10,4754.75,4722.77,4735.9,4767.04
2017-10-11,4822.0,4837.04,4834.04,5172.0
2017-10-12,5430.99,5405.0,5730.93,5630.0
2017-10-13,5640.45,5594.19,5645.84,5654.21
2017-10-14,5796.31,5777.67,5737.0,5417.62
2017-10-15,5692.4,5690.75,5599.98,5733.0
2017-10-16,5762.06,5751.37,5657.88,5565.0
2017-10-17,5575.72,5511.0,5527.02,5304.2
2017-10-18,5567.78,5544.48,5634.3,5682.2
2017-10-19,5700.39,5719.98,5674.06,5645.0
2017-10-20,5979.85,5961.78,6042.78,6109.0
2017-10-21,6011.0,6054.98,5765.0,5819.65
2017-10-22,5973.74,5967.72,5993.0,5886.8
2017-10-23,5865.22,5749.01,5652.21,5711.24
2017-10-24,5511.31,5505.62,5511.35,5534.28
2017-10-25,5740.04,5737.2,5744.18,5898.0
2017-10-26,5889.96,5990.0,5875.88,5839.17
2017-10-27,5788.4,5842.36,5749.51,5690.18
2017-10-28,5728.32,5722.64,5776.88,5805.9
2017-10-29,6125.0,6117.0,6138.85,6165.0
2017-10-30,6130.88,6127.99,6142.99,6233.99
2017-10-31,6395.58,6365.52,6357.99,6546.36
2017-11-01,6760.0,6800.0,6819.93,6950.0
2017-11-02,7039.94,6979.51,7216.5,7317.5
2017-11-03,7150.1,7099.59,7239.82,7124.97
2017-11-04,7370.73,7330.04,7421.38,7547.78
2017-11-05,7367.99,7349.99,7188.5,7316.0
2017-11-06,6992.82,7071.97,7200.0,7195.0
2017-11-07,7086.78,7116.7,7377.96,7450.01
2017-11-08,7440.0,7360.0,7331.01,7130.75
2017-11-09,7171.0,7334.0,7320.49,6875.39
2017-11-10,6590.0,6750.02,6809.68,6500.0
2017-11-11,6280.67,6250.0,6042.0,6417.0
2017-11-12,5903.53,6030.54,6073.7,6516.67
2017-11-13,6562.38,6644.07,6628.21,6549.45
2017-11-14,6620.0,6749.99,6848.06,7108.0
2017-11-15,7258.88,7230.01,7224.57,7410.0
2017-11-16,7896.79,7935.58,7888.82,7807.0
2017-11-17,7646.27,7590.06,7714.34,7799.96
2017-11-18,7764.07,7743.05,7792.4,7746.92
2017-11-19,8034.0,8002.88,7963.58,8020.2
2017-11-20,8231.52,8203.01,7855.75,8180.01
2017-11-21,8083.0,8121.18,8168.17,8281.0
2017-11-22,8238.55,8219.71,8210.59,8138.99
2017-11-23,8033.01,7998.85,8066.52,8244.6
2017-11-24,8203.9,8146.37,8183.56,8422.97
2017-11-25,8713.44,8778.01,8852.47,8920.0
2017-11-26,9300.0,9499.58,9550.01,9606.18
2017-11-27,9695.01,9678.39,9777.0,9910.0
2017-11-28,9880.0,9900.0,10424.95,10770.24
2017-11-29,9729.97,10007.43,10543.97,9708.0
2017-11-30,10040.0,9905.94,9872.94,9999.9
2017-12-01,10825.62,10897.61,10844.72,10949.0
2017-12-02,10918.03,10894.9,11118.17,11584.34
2017-12-03,11250.0,11273.99,11493.7,11141.25
2017-12-04,11633.04,11578.84,11500.0,11652.65
2017-12-05,11700.0,11833.73,12200.43,12580.0
2017-12-06,13714.28,13898.0,13999.0,14151.19
2017-12-07,16499.99,16619.0,15470.0,14658.11
2017-12-08,15881.95,15400.0,15147.84,14839.99
2017-12-09,14313.0,14164.81,13617.09,13615.36
2017-12-10,14757.36,14910.0,15809.15,16304.37
2017-12-11,16322.06,16425.04,16070.0,16614.0
2017-12-12,16686.14,16979.47,16429.99,16559.0
2017-12-13,16155.54,16458.81,16149.95,16569.99
2017-12-14,16405.0,16800.0,17155.3,17853.12
2017-12-15,17470.07,17434.53,17462.17,17985.0
2017-12-16,19081.93,19078.42,19007.59,19546.88
2017-12-17,18850.19,18001.0,18746.89,19103.98
2017-12-18,18950.0,18841.65,18954.92,17759.44
2017-12-19,17610.06,16939.43,16973.82,17532.19
2017-12-20,16480.0,16601.81,16890.3,16654.99
2017-12-21,15783.0,15050.0,14853.8,13974.96
2017-12-22,14100.0,13892.58,14599.63,15250.0
2017-12-23,14473.38,14531.52,13830.23,13223.98
2017-12-24,14057.41,14005.92,14079.41,14269.54
2017-12-25,13998.78,13930.0,14955.64,14995.0
2017-12-26,15695.95,15675.0,16300.0,15655.55
2017-12-27,15412.0,15146.56,14407.26,13947.94
2017-12-28,14401.37,14336.01,14849.78,14329.82
2017-12-29,14296.4,14280.0,13050.42,13568.9
2017-12-30,12653.87,13066.07,12962.83,13100.0
2017-12-31,13803.2,13668.52,13697.0,13303.35
2018-01-01,13517.37,13798.22,13155.92,13578.8
2018-01-02,14749.89,14848.91,15072.85,14914.05
2018-01-03,15170.52,15103.97,14904.59,14567.81
2018-01-04,15030.02,15057.6,14950.0,16034.93
2018-01-05,16856.2,16939.44,16590.26,16546.27
2018-01-06,17066.99,17019.44,16634.51,16660.13
2018-01-07,16074.12,15956.66,15699.77,15448.98
2018-01-08,14926.04,15179.68,15353.8,14810.99
2018-01-09,14359.98,14084.46,14314.2,14139.31
2018-01-10,14940.0,14662.61,13307.41,13462.81
2018-01-11,13126.27,13057.48,13680.0,13990.08
2018-01-12,13875.84,14167.98,14122.31,14260.99
2018-01-13,14182.64,14283.99,13851.02,13522.56
2018-01-14,13627.3,13732.75,13639.8,13800.0
2018-01-15,13564.99,13250.0,13006.99,12417.91
2018-01-16,11589.93,11143.79,11191.0,10188.05
2018-01-17,11025.18,11308.72,11168.39,11568.0
2018-01-18,11294.62,11485.09,11411.96,11792.97
2018-01-19,11565.94,11612.54,12305.49,12349.37
2018-01-20,12726.7,12374.99,12274.79,12180.0
2018-01-21,11554.62,11708.91,11634.09,11303.93
2018-01-22,10790.39,10808.25,10631.21,10196.47
2018-01-23,10863.84,10600.0,10691.61,11068.0
2018-01-24,11351.19,11318.06,11450.12,11157.0
2018-01-25,11127.78,11400.29,11466.86,10523.99
2018-01-26,11107.74,11110.8,11047.61,10938.9
2018-01-27,11450.0,11493.79,11750.0,11800.0
2018-01-28,11682.77,11754.64,11461.63,11135.0
2018-01-29,11166.26,11193.59,10949.57,10907.99
2018-01-30,9928.24,9698.98,9814.89,10230.0
2018-01-31,10138.98,10109.49,10091.5,9432.0
2018-02-01,8958.88,8711.48,8630.0,7999.9
2018-02-02,8829.26,8771.91,8400.1,9028.0
2018-02-03,9145.08,9097.25,9047.59,8660.61
2018-02-04,8251.61,8217.99,8278.56,7559.99
2018-02-05,6965.7,6956.04,6100.1,6455.01
2018-02-06,7794.75,7594.23,7514.65,8252.26
2018-02-07,7691.85,7721.0,8160.0,8480.01
2018-02-08,8210.0,7924.49,7847.44,8258.1
2018-02-09,8636.22,8886.89,8839.9,8670.0
2018-02-10,8490.08,8416.17,7992.13,8192.61
2018-02-11,8109.49,8205.87,8485.38,8658.92
2018-02-12,8880.0,8922.12,8589.1,8499.31
2018-02-13,8545.98,8608.37,8811.15,8965.21
2018-02-14,9438.99,9395.83,9748.98,9619.08
2018-02-15,10050.01,10253.41,10006.35,9828.22
2018-02-16,10129.0,10204.85,10586.3,10735.51
2018-02-17,11066.99,11139.03,10943.95,10649.13
2018-02-18,10460.49,10474.99,10559.47,10964.0
2018-02-19,11192.26,11414.26,11444.67,11428.8
2018-02-20,11084.4,11088.43,10790.77,10955.03
2018-02-21,10416.61,10499.95,10736.62,10255.51
2018-02-22,9766.37,9671.07,9847.63,10222.45
2018-02-23,10175.07,10313.33,10413.4,9769.87
2018-02-24,9575.76,9632.14,9727.77,9659.2
2018-02-25,9610.85,9601.99,9689.98,9753.8
2018-02-26,10325.3,10369.99,10293.06,10706.99
2018-02-27,10579.18,10650.41,10907.21,10567.9
2018-02-28,10250.0,10388.99,10448.23,10654.78
2018-03-01,10930.55,11016.22,10982.99,10913.99
2018-03-02,11044.58,11066.84,11354.98,11278.71
2018-03-03,11397.7,11353.9,11201.99,11147.99
2018-03-04,11440.05,11455.47,11511.72,11498.99
2018-03-05,11334.57,11283.99,11288.78,10928.31
2018-03-06,10751.63,10859.01,10758.81,10646.24
2018-03-07,9908.31,9960.36,9781.33,9949.71
2018-03-08,9344.09,9369.0,8632.1,8958.56
2018-03-09,9326.76,9346.22,9335.3,9361.8
2018-03-10,8626.82,8507.89,8674.91,9051.17
2018-03-11,9575.76,9599.39,9548.99,9828.93
2018-03-12,9068.99,9241.12,9385.0,9066.26
2018-03-13,9182.1,9317.96,9105.01,8710.57
2018-03-14,8227.5,8095.2,7913.6,8269.8
2018-03-15,8320.65,8075.55,8196.74,8202.58
2018-03-16,8293.92,8276.2,8206.28,8211.02
2018-03-17,7848.86,7709.34,7591.63,7782.24
2018-03-18,8394.76,8298.79,8192.61,8353.0
2018-03-19,8546.17,8505.11,8456.44,8520.0
2018-03-20,8901.92,8952.63,9077.29,9074.52
2018-03-21,8901.4,9030.04,9033.84,8667.94
2018-03-22,8686.61,8650.0,8416.86,8516.03
2018-03-23,8897.62,8898.58,8944.99,8734.13
2018-03-24,8522.03,8550.02,8531.99,8440.0
2018-03-25,8474.88,8370.94,8436.51,8097.25
2018-03-26,8159.04,8182.02,7765.0,7934.23
2018-03-27,7788.21,7799.5,7831.56,8042.92
2018-03-28,7947.83,7945.58,7594.69,7474.89
2018-03-29,7101.0,6822.19,6696.67,7022.98
2018-03-30,6874.0,6995.22,7023.78,7087.8
2018-03-31,6990.97,6983.6,6937.62,6692.77
2018-04-01,6791.56,7000.01,6880.83,7039.72
2018-04-02,7087.62,7020.0,7363.79,7298.1
2018-04-03,7391.81,7400.0,7313.32,7076.08
2018-04-04,6773.42,6694.45,6792.73,6798.01
2018-04-05,6778.0,6812.6,6795.03,6622.34
2018-04-06,6613.89,6635.27,6852.0,6866.52
2018-04-07,6912.71,6968.39,6972.88,7088.42
2018-04-08,7030.0,7057.22,7133.0,6751.47
2018-04-09,6768.58,6769.8,6754.56,6739.21
2018-04-10,6835.99,6854.99,6842.58,6855.31
2018-04-11,6935.7,6932.24,6967.86,7725.77
2018-04-12,7982.16,7896.4,7821.9,8102.11
2018-04-13,7870.36,7923.97,7979.68,7982.99
2018-04-14,8076.17,8055.25,8102.17,8331.67
2018-04-15,8352.75,8385.1,8143.0,8097.05
2018-04-16,8053.48,8037.1,8019.48,8120.09
2018-04-17,7899.97,7909.42,7921.21,8103.57
2018-04-18,8155.34,8160.39,8189.99,8196.05
2018-04-19,8283.28,8339.28,8263.44,8523.78
2018-04-20,8849.94,8818.79,8851.09,8716.22
2018-04-21,8883.29,8823.95,8842.29,8928.8
2018-04-22,8779.45,8819.9,8855.05,8928.96
2018-04-23,8933.99,9179.86,9248.2,9295.66
2018-04-24,9612.98,9567.81,9302.17,9149.85
2018-04-25,8793.67,8800.42,8915.01,8855.63
2018-04-26,9266.08,9235.21,9201.46,9311.48
2018-04-27,8880.0,9007.86,9120.98,9174.86
2018-04-28,9360.99,9398.28,9450.61,9256.06
2018-04-29,9410.52,9413.21,9260.11,9260.81
2018-04-30,9215.71,8976.14,8977.58,8973.81
2018-05-01,9082.01,9032.84,9070.91,9151.79
2018-05-02,9232.3,9193.55,9259.86,9213.14
2018-05-03,9559.9,9588.17,9627.66,9721.72
2018-05-04,9688.86,9747.39,9826.44,9863.08
2018-05-05,9826.83,9891.49,9813.0,9454.98
2018-05-06,9626.75,9446.55,9324.84,9331.09
2018-05-07,9380.49,9376.49,9402.94,9169.9
2018-05-08,9164.23,9122.62,9075.69,9264.99
2018-05-09,9319.45,9323.59,9328.31,9328.94
2018-05-10,8896.1,8932.36,8944.99,8606.0
2018-05-11,8406.29,8453.26,8389.17,8541.3
2018-05-12,8500.99,8425.03,8337.11,8563.15
2018-05-13,8671.95,8680.84,8380.96,8441.15
2018-05-14,8683.58,8705.49,8690.52,8760.0
2018-05-15,8467.53,8455.92,8229.38,8373.0
2018-05-16,8348.74,8358.3,8314.77,8298.9
2018-05-17,8048.56,7958.08,8022.7,8115.0
2018-05-18,8258.35,8213.5,8228.13,8365.0
2018-05-19,8226.21,8198.89,8270.4,8336.91
2018-05-20,8529.08,8488.99,8510.95,8467.13
2018-05-21,8404.99,8367.36,8285.29,8200.0
2018-05-22,8000.0,7949.35,7900.0,7849.31
2018-05-23,7544.16,7584.1,7733.99,7375.56
2018-05-24,7566.73,7560.55,7588.75,7456.83
2018-05-25,7443.0,7441.94,7392.19,7533.86
2018-05-26,7330.53,7268.39,7306.6,7341.14
2018-05-27,7340.0,7356.07,7332.11,7227.81
2018-05-28,7119.66,7119.93,7134.39,7406.4
2018-05-29,7465.7,7484.15,7486.2,7501.71
2018-05-30,7365.61,7365.9,7488.7,7536.63
2018-05-31,7494.87,7506.67,7489.3,7359.99
2018-06-01,7527.66,7468.3,7479.39,7639.97
2018-06-02,7634.0,7646.38,7634.07,7706.61
2018-06-03,7714.22,7707.0,7699.45,7509.03
2018-06-04,7496.18,7499.88,7375.74,7418.67
2018-06-05,7626.76,7608.02,7594.21,7616.98
2018-06-06,7665.0,7719.48,7704.23,7691.98
2018-06-07,7683.99,7693.47,7632.27,7565.64
2018-06-08,7612.81,7633.79,7659.7,7643.95
2018-06-09,7439.88,7270.16,7294.46,7233.9
2018-06-10,6752.93,6730.0,6790.91,6796.07
2018-06-11,6865.19,6853.61,6821.5,6840.58
2018-06-12,6563.66,6560.7,6591.74,6463.72
2018-06-13,6319.85,6284.43,6477.14,6533.84
2018-06-14,6645.28,6617.78,6561.35,6530.0
2018-06-15,6404.33,6398.75,6435.0,6454.99
2018-06-16,6491.83,6512.01,6534.2,6509.6
2018-06-17,6459.99,6403.0,6407.0,6427.0
2018-06-18,6722.07,6711.41,6708.73,6725.23
2018-06-19,6731.9,6672.22,6600.01,6630.03
2018-06-20,6760.0,6754.97,6765.45,6738.78
2018-06-21,6726.19,6721.26,6670.87,6366.06
2018-06-22,6067.15,6144.36,6140.3,6150.0
2018-06-23,6187.38,6135.87,5920.57,5925.0
2018-06-24,6150.63,6162.96,6138.49,6230.63
2018-06-25,6253.19,6197.62,6247.06,6204.9
2018-06-26,6057.27,6084.27,6062.53,6094.0
2018-06-27,6123.95,6146.55,6100.1,6109.99
2018-06-28,5875.63,5883.25,5848.77,5873.57
2018-06-29,6203.56,6234.42,6381.01,6396.22
2018-06-30,6408.03,6368.37,6356.07,6378.96
2018-07-01,6335.68,6339.61,6305.67,6335.0
2018-07-02,6611.33,6609.19,6634.97,6584.79
2018-07-03,6514.26,6455.09,6466.54,6515.08
2018-07-04,6579.8,6559.14,6618.71,6618.0
2018-07-05,6529.02,6529.44,6525.0,6524.24
2018-07-06,6606.58,6592.58,6598.78,6585.0
2018-07-07,6759.47,6742.02,6717.13,6738.99
2018-07-08,6689.95,6720.03,6697.99,6725.15
2018-07-09,6657.04,6669.73,6640.57,6365.03
2018-07-10,6300.3,6387.73,6347.12,6374.5
2018-07-11,6370.58,6365.43,6333.05,6162.41
2018-07-12,6229.05,6236.88,6245.68,6241.75
2018-07-13,6221.62,6237.99,6216.99,6233.0
2018-07-14,6252.98,6243.42,6266.27,6353.01
2018-07-15,6349.77,6350.52,6344.03,6625.99
2018-07-16,6727.18,6740.87,6707.47,6683.14
2018-07-17,7323.6,7341.22,7433.0,7410.65
2018-07-18,7369.42,7340.77,7315.98,7416.99
2018-07-19,7436.76,7409.27,7446.46,7494.0
2018-07-20,7318.15,7237.33,7301.65,7313.47
2018-07-21,7374.59,7446.98,7394.89,7450.98
2018-07-22,7378.16,7465.43,7679.95,7683.28
2018-07-23,7722.05,7723.22,7855.99,8244.36
2018-07-24,8407.08,8415.12,8401.38,8179.42
2018-07-25,8196.68,8234.32,8221.1,8262.89
2018-07-26,7935.79,7910.79,7933.94,7929.16
2018-07-27,8207.75,8174.97,8215.54,8182.81
2018-07-28,8239.96,8254.24,8193.21,8169.1
2018-07-29,8176.28,8156.45,8179.64,8161.81
2018-07-30,8155.62,8112.56,8113.4,7974.72
2018-07-31,7720.71,7666.36,7532.84,7561.74
2018-08-01,7610.99,7671.99,7630.82,7562.95
2018-08-02,7514.47,7387.23,7362.78,7362.35
2018-08-03,7393.21,7454.54,7463.01,7405.13
2018-08-04,7013.84,6923.65,6977.99,7031.96
2018-08-05,7029.59,7043.98,7072.26,6979.3
2018-08-06,6959.22,6958.82,6956.08,7082.3
2018-08-07,6689.19,6604.46,6499.01,6506.91
2018-08-08,6286.37,6284.12,6341.99,6321.9
2018-08-09,6554.99,6558.95,6429.37,6328.93
2018-08-10,6155.28,6087.26,6100.37,6117.27
2018-08-11,6215.07,6280.02,6267.62,6342.78
2018-08-12,6322.83,6325.0,6343.34,6447.24
2018-08-13,6240.94,6223.88,6000.6,6010.79
2018-08-14,6210.0,6214.78,6334.78,6357.26
2018-08-15,6264.06,6297.49,6309.68,6444.68
2018-08-16,6296.78,6340.82,6461.68,6467.53
2018-08-17,6561.54,6593.42,6513.24,6507.85
2018-08-18,6365.34,6371.49,6368.21,6423.34
2018-08-19,6492.95,6510.99,6462.99,6450.98
2018-08-20,6267.0,6309.0,6293.63,6438.08
2018-08-21,6481.37,6464.71,6721.4,6667.99
2018-08-22,6351.74,6424.06,6395.56,6406.62
2018-08-23,6533.21,6487.82,6501.31,6537.99
2018-08-24,6700.72,6725.6,6738.99,6695.66
2018-08-25,6719.99,6758.0,6625.22,6692.12
2018-08-26,6699.54,6701.28,6697.13,6707.0
2018-08-27,6894.29,6900.44,6900.0,7029.53
2018-08-28,7069.63,7070.43,7041.81,7082.16
2018-08-29,7036.49,7044.67,7014.17,6867.12
2018-08-30,6972.38,6950.99,7005.72,6963.0
2018-08-31,7028.76,7045.62,7056.31,7058.97
2018-09-01,7193.92,7167.62,7208.98,7234.98
2018-09-02,7299.99,7271.74,7212.94,7230.0
2018-09-03,7256.74,7266.34,7262.65,7336.49
2018-09-04,7361.83,7378.57,7356.0,6990.79
2018-09-05,6690.54,6411.84,6424.89,6399.7
2018-09-06,6472.09,6479.03,6484.99,6369.88
2018-09-07,6415.57,6427.71,6416.23,6432.99
2018-09-08,6178.0,6176.83,6157.65,6369.17
2018-09-09,6247.74,6243.4,6280.16,6307.82
2018-09-10,6298.31,6309.74,6316.22,6265.3
2018-09-11,6273.63,6253.62,6264.91,6234.46
2018-09-12,6332.19,6407.55,6395.74,6463.71
2018-09-13,6491.19,6456.1,6540.99,6461.11
2018-09-14,6491.91,6487.35,6513.92,6524.99
2018-09-15,6515.07,6515.78,6445.51,6494.81
2018-09-16,6510.0,6527.58,6486.7,6473.49
2018-09-17,6247.21,6250.99,6258.71,6287.91
2018-09-18,6319.99,6314.99,6333.99,6285.15
2018-09-19,6400.8,6412.69,6390.0,6426.57
2018-09-20,6511.78,6501.35,6543.23,6740.21
2018-09-21,6787.97,6786.21,6749.86,6657.97
2018-09-22,6705.14,6695.78,6719.9,6740.0
2018-09-23,6695.77,6690.01,6693.79,6575.35
2018-09-24,6566.29,6516.89,6454.12,6389.62
2018-09-25,6414.63,6397.3,6393.16,6517.61
2018-09-26,6471.12,6492.0,6473.28,6481.01
2018-09-27,6696.57,6697.79,6705.62,6644.49
2018-09-28,6603.08,6597.7,6485.33,6570.0
2018-09-29,6571.79,6557.81,6544.46,6594.16
2018-09-30,6608.63,6623.02,6600.34,6556.0
2018-10-01,6569.98,6559.57,6576.28,6539.99
2018-10-02,6485.62,6502.82,6424.39,6451.75
2018-10-03,6454.23,6476.75,6559.06,6523.82
2018-10-04,6555.51,6582.17,6531.08,6539.26
2018-10-05,6590.42,6570.33,6570.06,6544.92
2018-10-06,6544.87,6552.44,6536.55,6520.12
2018-10-07,6574.46,6568.96,6557.94,6591.63
2018-10-08,6608.37,6605.67,6611.04,6584.88
2018-10-09,6588.6,6576.47,6527.0,6497.76
2018-10-10,6515.32,6458.33,6218.39,6182.26
2018-10-11,6144.01,6152.54,6197.6,6208.8
2018-10-12,6183.17,6193.24,6193.56,6200.0
2018-10-13,6198.88,6198.88,6264.31,6226.1
2018-10-14,6177.04,6191.78,6209.3,6412.76
2018-10-15,6435.19,6429.0,6424.05,6451.54
2018-10-16,6455.0,6457.69,6450.31,6440.0
2018-10-17,6441.9,6438.59,6456.21,6433.37
2018-10-18,6396.37,6401.59,6398.38,6388.21
2018-10-19,6376.09,6367.31,6387.81,6411.52
2018-10-20,6405.35,6423.36,6429.4,6431.53
2018-10-21,6409.46,6406.94,6419.66,6399.55
2018-10-22,6407.06,6409.85,6406.33,6376.33
2018-10-23,6393.0,6402.58,6458.28,6425.72
2018-10-24,6411.61,6422.16,6394.48,6391.18
2018-10-25,6399.26,6400.17,6388.0,6417.72
2018-10-26,6406.25,6404.63,6416.16,6403.91
2018-10-27,6407.66,6403.6,6406.38,6398.7
2018-10-28,6407.66,6402.91,6407.1,6333.05
2018-10-29,6266.74,6264.64,6289.0,6260.82
2018-10-30,6271.01,6272.15,6266.25,6268.0
2018-10-31,6304.5,6302.34,6301.06,6309.54
2018-11-01,6340.88,6379.59,6351.78,6350.59
2018-11-02,6350.53,6345.31,6337.55,6325.12
2018-11-03,6335.0,6322.17,6329.6,6341.1
2018-11-04,6430.46,6438.85,6405.38,6402.51
2018-11-05,6405.39,6406.14,6394.79,6397.57
2018-11-06,6444.65,6497.54,6498.66,6505.53
2018-11-07,6501.0,6499.16,6455.03,6456.41
2018-11-08,6405.0,6411.8,6398.8,6349.9
2018-11-09,6330.0,6329.79,6357.36,6359.17
2018-11-10,6354.52,6361.63,6350.2,6336.0
2018-11-11,6380.81,6370.64,6369.42,6354.32
2018-11-12,6315.49,6314.51,6295.01,6282.48
2018-11-13,6236.6,6258.68,6268.2,6206.12
2018-11-14,5571.75,5574.2,5543.57,5403.17
2018-11-15,5555.84,5543.25,5537.82,5543.69
2018-11-16,5493.68,5488.03,5477.19,5493.68
2018-11-17,5513.22,5518.43,5533.99,5516.3
2018-11-18,5549.29,5546.55,5494.63,5250.64
2018-11-19,4778.48,4819.19,4650.04,4323.26
2018-11-20,4341.5,4319.58,4454.96,4498.48
2018-11-21,4559.98,4520.01,4507.9,4457.08
2018-11-22,4270.76,4291.67,4189.11,4295.96
2018-11-23,4298.19,4347.26,4297.14,4264.85
2018-11-24,3800.92,3775.56,3634.97,3779.7
2018-11-25,3960.46,3994.99,3931.35,3931.92
2018-11-26,3712.09,3735.43,3693.0,3653.36
2018-11-27,3789.25,3788.21,4033.37,4006.84
2018-11-28,4235.21,4218.47,4149.48,4347.9
2018-11-29,4243.23,4200.42,4270.32,3941.68
2018-11-30,3968.0,3975.85,3947.47,4131.65
2018-12-01,4146.77,4162.16,4127.09,4072.77
2018-12-02,4094.91,4072.14,3968.88,3969.0
2018-12-03,3827.2,3849.25,3815.0,3959.99
2018-12-04,3902.36,3905.47,3828.23,3869.47
2018-12-05,3720.68,3726.66,3689.48,3773.63
2018-12-06,3409.78,3323.32,3350.76,3381.0
2018-12-07,3379.45,3464.59,3446.63,3414.29
2018-12-08,3388.15,3396.51,3406.65,3421.56
2018-12-09,3539.95,3555.05,3530.84,3490.37
2018-12-10,3395.78,3392.52,3387.41,3345.0
2018-12-11,3335.49,3334.78,3344.49,3411.96
2018-12-12,3426.56,3419.46,3366.24,3364.2
2018-12-13,3256.29,3272.28,3268.07,3254.5
2018-12-14,3193.01,3216.98,3218.77,3162.85
2018-12-15,3183.11,3186.09,3235.37,3237.88
2018-12-16,3194.66,3216.0,3210.08,3237.16
2018-12-17,3506.92,3495.93,3518.43,3478.86
2018-12-18,3667.21,3668.12,3714.65,3813.59
2018-12-19,3669.25,3709.97,3739.5,4021.13
2018-12-20,4027.46,4057.25,4020.94,4024.49
2018-12-21,3847.1,3833.13,3803.9,3872.77
2018-12-22,3991.37,3992.68,3993.8,4014.28
2018-12-23,3960.07,4182.67,4171.75,4133.7
2018-12-24,4035.45,3822.05,3763.41,3756.78
2018-12-25,3765.88,3770.19,3818.63,3754.55
2018-12-26,3795.81,3810.0,3746.18,3746.45
2018-12-27,3591.38,3608.83,3593.28,3639.37
2018-12-28,3888.2,3899.99,3891.89,3867.84
2018-12-29,3740.0,3724.21,3764.14,3825.83
2018-12-30,3826.93,3824.92,3786.97,3738.0
2018-12-31,3690.34,3693.83,3679.73,3700.0
2019-01-01,3816.67,3801.68,3797.84,3810.44
2019-01-02,3888.79,3862.7,3864.22,3841.16
2019-01-03,3772.53,3763.9,3794.95,3785.0
2019-01-04,3820.19,3851.06,3839.47,3838.0
2019-01-05,3791.71,3808.39,3792.25,3828.62
2019-01-06,4050.52,4056.21,4025.96,4022.42
2019-01-07,4009.96,4013.91,3983.52,4035.0
2019-01-08,3995.0,3987.14,4028.75,4025.47
2019-01-09,4003.36,4025.0,4029.0,3791.82
2019-01-10,3619.66,3646.06,3610.96,3640.0
2019-01-11,3628.65,3633.68,3632.82,3617.21
2019-01-12,3615.79,3598.0,3623.49,3617.0
2019-01-13,3515.29,3518.46,3529.35,3528.26
2019-01-14,3666.95,3673.07,3670.74,3648.06
2019-01-15,3576.44,3582.56,3599.89,3616.05
2019-01-16,3608.57,3601.43,3587.81,3597.56
2019-01-17,3638.22,3631.52,3615.5,3613.73
2019-01-18,3609.34,3609.02,3622.75,3718.82
2019-01-19,3679.55,3687.53,3695.17,3591.58
2019-01-20,3536.76,3538.3,3530.5,3548.46
2019-01-21,3532.31,3539.2,3529.05,3543.58
2019-01-22,3578.29,3582.13,3573.37,3580.0
2019-01-23,3552.21,3556.97,3538.18,3559.09
2019-01-24,3571.87,3567.49,3572.15,3534.39
2019-01-25,3567.21,3560.65,3563.33,3584.96
2019-01-26,3554.2,3556.1,3551.0,3535.06
2019-01-27,3522.6,3526.55,3467.74,3410.63
2019-01-28,3432.86,3432.03,3406.67,3377.04
2019-01-29,3388.17,3379.59,3415.81,3415.1
2019-01-30,3435.91,3461.88,3448.75,3408.65
2019-01-31,3416.52,3412.14,3388.19,3419.75
2019-02-01,3433.81,3431.85,3433.34,3439.44
2019-02-02,3469.22,3458.4,3443.4,3421.24
2019-02-03,3419.22,3417.92,3415.4,3397.57
2019-02-04,3407.5,3410.05,3415.1,3422.12
2019-02-05,3428.82,3418.9,3370.1,3363.2
2019-02-06,3363.75,3365.37,3371.36,3366.81
2019-02-07,3358.3,3358.09,3356.83,3393.04
2019-02-08,3625.68,3621.33,3612.55,3622.51
2019-02-09,3628.19,3614.74,3619.63,3604.92
2019-02-10,3641.94,3609.23,3595.29,3584.0
2019-02-11,3582.99,3565.91,3579.4,3569.0
2019-02-12,3584.42,3595.96,3593.08,3574.88
2019-02-13,3574.21,3582.35,3581.98,3554.17
2019-02-14,3563.45,3563.8,3580.3,3574.88
2019-02-15,3563.82,3573.6,3583.27,3588.17
2019-02-16,3582.03,3582.15,3595.03,3582.49
2019-02-17,3619.5,3657.69,3672.98,3708.3
2019-02-18,3889.6,3922.0,3876.03,3875.29
2019-02-19,3894.26,3883.89,3884.87,3927.51
2019-02-20,3934.26,3925.0,3931.55,3893.95
2019-02-21,3900.39,3898.76,3915.96,3925.55
2019-02-22,3938.28,3934.83,3926.55,3933.22
2019-02-23,4112.32,4126.61,4152.95,4131.61
2019-02-24,3748.65,3759.24,3783.43,3778.36
2019-02-25,3817.48,3820.72,3813.02,3788.83
2019-02-26,3795.69,3786.41,3801.14,3813.92
2019-02-27,3803.39,3806.19,3807.0,3822.05
2019-02-28,3793.55,3794.14,3800.86,3810.0
2019-03-01,3810.85,3810.67,3803.94,3808.69
2019-03-02,3813.67,3811.49,3809.09,3805.89
2019-03-03,3793.04,3804.4,3748.68,3707.27
2019-03-04,3707.0,3705.65,3703.64,3724.55
2019-03-05,3846.43,3830.1,3822.76,3853.41
2019-03-06,3864.9,3860.71,3881.84,3852.1
2019-03-07,3858.12,3867.43,3868.33,3874.31
2019-03-08,3835.94,3847.48,3859.56,3892.88
2019-03-09,3903.62,3907.64,3899.76,3893.88
2019-03-10,3900.32,3900.19,3887.89,3851.41
2019-03-11,3849.59,3832.13,3816.63,3860.0
2019-03-12,3860.95,3862.03,3862.93,3839.32
2019-03-13,3847.3,3863.04,3849.91,3843.08
2019-03-14,3857.96,3860.79,3860.86,3883.87
2019-03-15,3900.08,3915.56,4016.42,3999.89
2019-03-16,3992.42,3963.88,3944.69,3966.25
2019-03-17,3960.96,3983.97,3981.26,3959.92
2019-03-18,3969.45,3982.19,3956.62,3967.53
2019-03-19,3997.66,3970.43,3978.13,3996.5
2019-03-20,4032.32,4041.01,4026.87,4036.06
2019-03-21,3971.66,3978.93,3971.29,3983.64
2019-03-22,3980.83,3976.59,3986.5,3982.13
2019-03-23,3977.79,3976.04,3970.29,3974.04
2019-03-24,3969.99,3961.88,3972.43,3969.44
2019-03-25,3909.68,3907.36,3911.73,3898.2
2019-03-26,3913.08,3934.87,3977.82,4024.8
2019-03-27,4018.9,4017.5,3999.6,4000.64
2019-03-28,4011.17,4011.89,4014.52,4099.81
2019-03-29,4092.62,4119.89,4073.42,4084.1
2019-03-30,4097.11,4086.46,4084.07,4095.74
2019-03-31,4091.63,4109.85,4125.48,4111.24
2019-04-01,4131.71,4146.12,4671.75,4778.92
2019-04-02,4925.02,4975.34,4918.45,4967.99
2019-04-03,4925.14,5031.32,5008.38,4995.0
2019-04-04,4934.15,4944.02,4946.53,5004.01
2019-04-05,5032.09,5010.01,5007.93,4998.15
2019-04-06,5035.47,5039.41,5136.6,5119.12
2019-04-07,5180.52,5258.75,5314.94,5132.32
2019-04-08,5277.39,5243.32,5221.1,5208.93
2019-04-09,5186.12,5204.96,5232.75,5241.13
2019-04-10,5338.0,5309.11,5226.19,5048.12
2019-04-11,5030.3,5025.89,5034.76,5077.63
2019-04-12,5075.35,5064.2,5112.7,5064.59
2019-04-13,5074.36,5076.3,5053.92,5065.96
2019-04-14,5170.01,5154.28,5183.0,5135.99
2019-04-15,5022.82,5045.51,5057.77,5072.41
2019-04-16,5214.94,5232.29,5233.17,5253.83
2019-04-17,5226.71,5231.81,5279.26,5237.58
2019-04-18,5274.85,5275.86,5237.81,5256.42
2019-04-19,5299.15,5285.45,5325.53,5310.56
2019-04-20,5323.86,5327.16,5328.4,5258.04
2019-04-21,5302.2,5289.55,5277.07,5311.24
2019-04-22,5387.9,5379.92,5513.75,5555.54
2019-04-23,5551.35,5536.13,5592.5,5432.03
2019-04-24,5439.91,5453.95,5425.97,5466.11
2019-04-25,5113.06,5119.7,5176.79,5156.0
2019-04-26,5159.19,5147.48,5140.77,5154.34
2019-04-27,5171.93,5180.06,5164.6,5209.14
2019-04-28,5151.01,5168.84,5183.59,5154.0
2019-04-29,5151.77,5151.06,5132.11,5212.8
2019-04-30,5263.59,5298.3,5313.34,5313.73
2019-05-01,5319.02,5318.38,5320.1,5368.48
2019-05-02,5368.0,5407.2,5479.5,5696.65
2019-05-03,5667.16,5736.18,5707.47,5728.75
2019-05-04,5775.05,5752.28,5717.04,5711.33
2019-05-05,5708.76,5673.0,5655.0,5641.12
2019-05-06,5696.41,5743.45,5890.77,5887.59
2019-05-07,5711.62,5767.19,5805.06,5842.06
2019-05-08,5953.18,6012.5,6062.24,6032.27
2019-05-09,6160.25,6111.96,6297.51,6284.19
2019-05-10,6352.83,6377.68,6703.17,6785.42
2019-05-11,7281.68,7072.8,7194.86,7193.77
2019-05-12,6920.65,7017.6,7081.14,7261.93
2019-05-13,7810.95,7912.29,8010.63,8048.14
2019-05-14,8035.0,8020.71,8000.41,7980.98
2019-05-15,8185.65,8341.5,7961.81,7859.49
2019-05-16,7895.7,7876.48,7236.63,7150.48
2019-05-17,7418.51,7298.44,7419.45,7321.05
2019-05-18,7292.88,7301.59,7993.87,8028.96
2019-05-19,8114.41,7936.46,8041.97,7859.2
2019-05-20,8030.72,7942.36,7884.46,7877.3
2019-05-21,7969.18,8020.11,7944.93,7820.4
2019-05-22,7607.5,7645.0,7668.54,7600.07
2019-05-23,7862.01,7877.07,7846.79,8035.47
2019-05-24,8020.0,8005.88,8016.15,8115.0
2019-05-25,8077.13,8052.37,8031.01,7936.6
2019-05-26,8769.6,8902.29,8721.47,8714.81
2019-05-27,8798.36,8757.9,8781.05,8745.96
2019-05-28,8707.39,8676.41,8586.1,8624.15
2019-05-29,8637.39,8681.54,8686.41,8712.01
2019-05-30,8311.67,8302.9,8150.45,8238.0
2019-05-31,8547.02,8587.74,8556.6,8578.66
2019-06-01,8563.09,8565.27,8583.11,8740.42
2019-06-02,8715.74,8674.95,8683.19,8492.19
2019-06-03,7967.12,7947.25,7944.34,7903.21
2019-06-04,7685.15,7747.96,7793.08,7784.9
2019-06-05,7778.36,7799.38,7828.99,7850.71
2019-06-06,7814.93,7789.06,7793.79,7923.47
2019-06-07,7988.93,8050.62,8000.0,8017.15
2019-06-08,7950.8,7903.91,7900.22,7875.06
2019-06-09,7596.51,7601.09,7650.14,7943.08
2019-06-10,8038.97,8001.95,7948.63,7794.0
2019-06-11,7928.18,7832.62,7993.88,7998.74
2019-06-12,8170.71,8169.9,8138.46,8125.0
2019-06-13,8261.05,8221.88,8243.55,8277.07
2019-06-14,8704.08,8634.1,8650.22,8670.98
2019-06-15,8846.66,8834.78,9098.69,9138.72
2019-06-16,9034.82,9191.13,9194.41,9297.6
2019-06-17,9360.16,9304.3,9256.36,9178.42
2019-06-18,9110.0,9167.05,9169.76,9142.57
2019-06-19,9299.74,9262.38,9312.97,9269.3
2019-06-20,9550.61,9579.92,9741.27,9832.91
2019-06-21,10138.02,10159.01,10649.99,10879.85
2019-06-22,10697.7,10810.38,10690.33,10554.02
2019-06-23,10785.54,10650.0,10780.14,10881.26
2019-06-24,11084.89,11044.02,11207.34,11385.81
2019-06-25,11739.72,11923.29,12438.75,12635.57
2019-06-26,12861.82,13097.09,12849.69,12078.66
2019-06-27,11043.65,11463.5,11014.82,12075.08
2019-06-28,12305.56,12200.0,11612.05,11934.92
2019-06-29,11916.63,12112.24,12028.03,11508.5
2019-06-30,10705.49,11009.19,11055.38,10947.92
2019-07-01,10614.63,10320.0,9904.04,9952.31
2019-07-02,10961.37,11257.69,11285.0,11221.41
2019-07-03,12040.72,11831.56,11678.7,11745.0
2019-07-04,11049.0,11166.25,11177.09,11211.76
2019-07-05,11283.97,11476.64,11437.58,11416.13
2019-07-06,11118.11,11194.23,11281.47,11349.0
2019-07-07,11525.74,11421.43,11489.9,11942.11
2019-07-08,12319.68,12270.13,12730.1,12315.95
2019-07-09,12549.22,12873.74,13027.34,13005.2
2019-07-10,12031.93,11915.51,11383.77,11608.2
2019-07-11,11262.34,11465.0,11321.83,11700.02
2019-07-12,11845.0,11771.11,11646.39,11309.38
2019-07-13,11395.04,11330.66,11189.81,10671.14
2019-07-14,10129.16,10009.02,10145.15,10309.99
2019-07-15,10897.77,10925.06,10775.98,10714.33
2019-07-16,9510.11,9498.77,9454.18,9169.7
2019-07-17,9681.8,9625.35,9920.93,9780.44
2019-07-18,10634.77,10675.84,10478.39,10284.33
2019-07-19,10572.7,10468.52,10628.52,10597.86
2019-07-20,10704.97,10806.21,10656.25,10590.0
2019-07-21,10629.19,10607.82,10562.14,10554.13
2019-07-22,10307.67,10243.0,10213.87,10013.31
2019-07-23,9719.29,9679.4,9624.18,9716.07
2019-07-24,9765.2,10104.98,10075.97,10100.08
2019-07-25,9862.36,9727.4,9730.31,9806.84
2019-07-26,9825.0,10170.45,10135.0,9500.0
2019-07-27,9443.68,9408.86,9501.28,9514.02
2019-07-28,9533.12,9527.83,9650.29,9455.76
2019-07-29,9518.2,9520.45,9414.42,9530.38
2019-07-30,9585.27,9716.56,9677.89,9767.2
2019-07-31,10107.9,10053.03,9991.27,9974.97
2019-08-01,10436.45,10394.24,10381.26,10490.78
2019-08-02,10528.83,10526.32,10853.43,10771.25
2019-08-03,10821.99,10860.08,10641.33,10686.74
2019-08-04,10998.59,11208.24,11578.84,11814.0
2019-08-05,11711.51,11737.81,11667.43,11780.0
2019-08-06,11455.33,11461.08,11676.53,11721.19
2019-08-07,11975.62,11969.55,11944.94,11815.61
2019-08-08,12016.23,11962.61,11887.5,11697.58
2019-08-09,11894.62,11917.44,11795.9,11352.71
2019-08-10,11277.76,11377.54,11344.31,11458.84
2019-08-11,11508.94,11473.44,11417.63,11309.86
2019-08-12,11374.4,11413.39,11345.52,11241.11
2019-08-13,10848.13,10731.12,10528.37,10517.78
2019-08-14,10096.56,10093.05,9721.36,10154.78
2019-08-15,10266.68,10301.28,10099.8,10149.95
2019-08-16,10330.23,10244.57,10356.08,10348.7
2019-08-17,10263.97,10215.16,10129.14,10415.19
2019-08-18,10302.87,10324.17,10379.32,10705.18
2019-08-19,10935.7,10902.41,10824.55,10704.73
2019-08-20,10767.03,10694.48,10167.99,10165.27
2019-08-21,10132.04,10074.99,9960.65,9957.51
2019-08-22,10077.39,10119.83,10175.64,10136.43
2019-08-23,10422.29,10416.43,10346.36,10027.56
2019-08-24,10140.07,10129.12,10029.68,10124.22
2019-08-25,10154.1,10518.53,10333.85,10378.92
2019-08-26,10344.86,10327.99,10151.22,10104.83
2019-08-27,10154.26,10137.87,10060.77,10138.94
2019-08-28,9700.2,9685.0,9614.19,9448.11
2019-08-29,9469.68,9439.04,9491.23,9565.13
2019-08-30,9568.42,9590.04,9613.83,9569.74
2019-08-31,9603.57,9625.32,9623.79,9581.93
2019-09-01,9781.9,9774.02,9786.32,9845.4
2019-09-02,10411.88,10404.13,10404.54,10435.93
2019-09-03,10609.09,10582.24,10588.26,10528.09
2019-09-04,10545.83,10527.92,10594.3,10577.82
2019-09-05,10591.67,10571.29,10710.1,10875.0
2019-09-06,10320.66,10338.34,10352.01,10435.88
2019-09-07,10502.73,10512.79,10563.78,10409.16
2019-09-08,10407.3,10395.35,10322.41,10425.3
2019-09-09,10324.62,10340.0,10293.61,10248.44
2019-09-10,10092.0,10136.25,10036.4,10049.2
2019-09-11,10183.21,10155.1,10072.93,10161.78
2019-09-12,10433.53,10392.38,10359.42,10321.4
2019-09-13,10357.26,10326.74,10291.89,10301.3
2019-09-14,10356.0,10337.31,10332.23,10311.25
2019-09-15,10306.01,10345.63,10319.43,10272.24
2019-09-16,10240.35,10224.09,10203.08,10159.5
2019-09-17,10191.42,10208.65,10220.89,10155.96
2019-09-18,10158.22,10174.0,9799.18,9845.79
2019-09-19,10296.82,10242.83,10206.46,10158.85
2019-09-20,10175.8,10153.6,10082.96,10048.64
2019-09-21,9979.15,9941.07,9890.45,9995.42
2019-09-22,10022.67,9986.4,9983.26,9905.04
2019-09-23,9667.82,9730.03,9714.47,9706.32
2019-09-24,8631.01,8699.64,8516.45,8329.15
2019-09-25,8399.18,8384.24,8357.59,8391.97
2019-09-26,8087.03,7973.67,7990.72,7974.04
2019-09-27,8207.3,8225.79,8181.88,8155.01
2019-09-28,8222.01,8218.91,8123.91,8093.85
2019-09-29,8051.04,8019.08,7826.89,8052.3
2019-09-30,8259.92,8229.35,8451.64,8373.84
2019-10-01,8325.26,8303.4,8237.24,8280.98
2019-10-02,8399.39,8341.67,8346.3,8230.49
2019-10-03,8233.71,8116.68,8066.81,8156.97
2019-10-04,8149.79,8135.0,8136.96,8096.13
2019-10-05,8157.93,8147.54,8090.66,7962.03
2019-10-06,7850.0,7814.36,7839.01,7991.09
2019-10-07,8238.91,8235.18,8239.24,8185.04
2019-10-08,8179.59,8184.01,8136.84,8186.42
2019-10-09,8606.28,8583.42,8590.54,8554.06
2019-10-10,8590.42,8531.1,8730.0,8305.98
2019-10-11,8273.44,8280.46,8325.24,8320.85
2019-10-12,8290.5,8333.33,8343.08,8367.77
2019-10-13,8263.08,8276.2,8282.22,8290.34
2019-10-14,8370.48,8362.52,8328.34,8296.0
2019-10-15,8149.13,8164.58,8159.41,8049.01
2019-10-16,7995.03,7969.4,7940.0,8065.0
2019-10-17,8080.91,8082.65,8075.68,7924.59
2019-10-18,7954.85,7931.35,7952.6,7950.72
2019-10-19,7960.49,7919.35,7922.83,7941.79
2019-10-20,8229.82,8214.43,8231.0,8237.35
2019-10-21,8199.5,8195.2,8227.11,8286.6
2019-10-22,8010.01,8030.96,7967.6,7963.26
2019-10-23,7475.2,7470.0,7424.23,7437.0
2019-10-24,7432.76,7435.01,7436.2,7591.1
2019-10-25,8684.78,9211.14,9643.11,9239.28
2019-10-26,9301.02,9246.88,9130.65,9296.14
2019-10-27,9593.13,9730.0,9638.27,9425.37
2019-10-28,9265.36,9280.55,9423.09,9451.77
2019-10-29,9430.29,9370.01,9256.6,9101.58
2019-10-30,9175.56,9149.87,9087.91,9131.44
2019-10-31,9135.52,9134.08,9103.73,9173.18
2019-11-01,9274.27,9275.26,9223.76,9257.15
2019-11-02,9310.17,9326.87,9275.0,9164.95
2019-11-03,9220.31,9166.38,9131.81,9271.17
2019-11-04,9398.05,9390.55,9395.07,9290.31
2019-11-05,9322.59,9290.84,9334.45,9392.26
2019-11-06,9333.22,9349.84,9294.1,9188.71
2019-11-07,9194.49,9187.65,9210.04,9010.58
2019-11-08,8746.4,8810.3,8813.17,8820.19
2019-11-09,8794.7,8776.35,8792.94,8836.2
2019-11-10,9045.46,9043.62,8936.9,8718.28
2019-11-11,8702.85,8738.82,8723.28,8731.69
2019-11-12,8790.0,8775.97,8730.0,8751.58
2019-11-13,8773.22,8772.01,8663.3,8620.14
2019-11-14,8630.82,8600.0,8542.79,8611.53
2019-11-15,8464.08,8462.99,8456.01,8466.87
2019-11-16,8484.72,8501.36,8467.5,8517.85
2019-11-17,8491.53,8500.41,8471.36,8429.3
2019-11-18,8167.52,8164.48,8143.0,8053.11
2019-11-19,8116.41,8114.76,8091.06,8083.76
2019-11-20,8083.16,8086.33,8090.5,7850.26
2019-11-21,7629.86,7681.49,7609.87,7099.68
2019-11-22,7276.17,7217.06,7221.59,7180.02
2019-11-23,7335.92,7259.21,7179.54,7203.72
2019-11-24,6855.0,6891.51,6651.22,6880.45
2019-11-25,7140.28,7147.2,7190.0,7170.52
2019-11-26,7167.31,7169.61,7066.37,7161.06
2019-11-27,7538.46,7576.54,7481.87,7484.0
2019-11-28,7430.24,7478.4,7475.5,7521.81
2019-11-29,7741.55,7782.58,7750.37,7660.11
2019-11-30,7543.63,7487.23,7344.69,7317.0
2019-12-01,7404.71,7375.65,7377.9,7302.51
2019-12-02,7315.87,7381.37,7313.71,7269.79
2019-12-03,7280.49,7138.65,7157.59,7212.0
2019-12-04,7183.49,7220.0,7209.05,7376.39
2019-12-05,7367.79,7384.36,7408.34,7345.69
2019-12-06,7563.65,7541.83,7574.26,7535.18
2019-12-07,7501.51,7478.66,7427.32,7529.5
2019-12-08,7524.76,7538.19,7502.2,7480.84
2019-12-09,7319.11,7339.71,7363.11,7334.8
2019-12-10,7231.3,7231.4,7215.55,7220.0
2019-12-11,7226.3,7135.37,7139.2,7184.33
2019-12-12,7194.39,7194.4,7216.91,7211.78
2019-12-13,7256.54,7240.55,7252.25,7184.53
2019-12-14,7050.0,7038.98,7049.92,7101.61
2019-12-15,7124.32,7067.18,7062.17,7078.37
2019-12-16,6881.58,6880.35,6871.73,6938.75
2019-12-17,6599.08,6642.12,6677.86,6608.43
2019-12-18,7347.84,7248.53,7141.07,7140.0
2019-12-19,7159.49,7119.22,7114.22,7141.52
2019-12-20,7188.97,7169.75,7150.85,7155.0
2019-12-21,7141.58,7134.0,7140.34,7156.79
2019-12-22,7565.94,7561.79,7568.64,7554.95
2019-12-23,7299.8,7297.64,7305.85,7358.47
2019-12-24,7259.72,7225.0,7237.88,7204.22
2019-12-25,7200.31,7187.69,7167.64,7180.97
2019-12-26,7187.68,7195.48,7182.04,7101.05
2019-12-27,7238.57,7300.0,7298.53,7294.11
2019-12-28,7289.0,7291.46,7285.72,7330.0
2019-12-29,7370.03,7329.0,7365.95,7297.16
2019-12-30,7179.89,7233.54,7215.36,7222.62
2019-12-31,7157.2,7150.0,7188.62,7180.94
2020-01-01,7168.1,7184.86,7113.65,7117.73
2020-01-02,6943.69,6924.61,7196.87,7333.22
2020-01-03,7337.62,7306.91,7325.04,7320.14
2020-01-04,7358.82,7363.52,7452.73,7420.5
2020-01-05,7354.23,7372.5,7522.23,7532.06
2020-01-06,7793.14,7889.72,7851.73,7889.38
2020-01-07,8228.13,8455.92,8343.23,8334.25
2020-01-08,8012.54,7953.46,7970.0,7869.08
2020-01-09,7824.3,7812.47,7786.0,7836.82
2020-01-10,8151.89,8167.29,8119.55,8034.22
2020-01-11,7986.5,8057.71,8067.34,8105.0
2020-01-12,8155.3,8143.36,8109.54,8072.83
2020-01-13,8117.68,8273.16,8525.86,8524.15
2020-01-14,8745.12,8776.66,8585.45,8724.25
2020-01-15,8841.6,8744.95,8636.95,8708.39
2020-01-16,8724.24,8673.57,8791.69,8884.93
2020-01-17,8877.5,8969.1,8838.61,8867.65
2020-01-18,8901.0,8976.02,9134.77,8666.51
2020-01-19,8724.84,8663.16,8625.14,8603.31
2020-01-20,8619.59,8617.21,8655.0,8644.98
2020-01-21,8725.13,8728.48,8716.89,8637.5
2020-01-22,8656.9,8636.11,8555.12,8392.11
2020-01-23,8375.97,8402.15,8288.35,8388.39
2020-01-24,8419.21,8293.16,8304.19,8300.71
2020-01-25,8315.0,8296.98,8332.68,8450.0
2020-01-26,8602.64,8636.77,8609.92,8705.8
2020-01-27,8902.85,9059.08,9042.93,9070.88
2020-01-28,9403.9,9322.06,9322.58,9280.28
2020-01-29,9298.45,9252.34,9308.0,9328.03
2020-01-30,9489.78,9454.13,9394.94,9321.21
2020-01-31,9340.56,9366.64,9390.04,9332.78
2020-02-01,9374.92,9305.03,9319.21,9418.46
2020-02-02,9297.06,9392.22,9375.0,9325.57
2020-02-03,9299.3,9322.04,9252.18,9165.33
2020-02-04,9150.18,9191.09,9206.0,9409.3
2020-02-05,9633.62,9545.59,9633.01,9689.78
2020-02-06,9773.49,9761.67,9770.65,9797.52
2020-02-07,9803.96,9773.49,9756.09,9823.49
2020-02-08,9895.68,9947.0,10088.88,10106.65
2020-02-09,10175.21,10193.12,10051.91,9803.38
2020-02-10,9822.91,9767.02,9737.39,9801.0
2020-02-11,10293.23,10346.19,10305.04,10355.04
2020-02-12,10339.78,10397.23,10407.08,10137.52
2020-02-13,10245.58,10232.72,10214.92,10266.07
2020-02-14,10376.3,10343.18,10273.35,10230.0
2020-02-15,9877.62,9927.52,10018.68,9915.57
2020-02-16,9942.19,9870.98,9752.44,9636.11
2020-02-17,9661.3,9676.56,9800.84,9724.58
2020-02-18,10170.0,10123.97,10128.1,10220.57
2020-02-19,9624.53,9624.78,9575.28,9562.96
2020-02-20,9589.42,9601.12,9704.11,9705.47
2020-02-21,9680.08,9694.32,9631.32,9648.49
2020-02-22,9665.71,9697.57,9864.66,9857.5
2020-02-23,9948.69,9968.6,9766.98,9821.49
2020-02-24,9646.01,9612.0,9566.24,9637.52
2020-02-25,9335.49,9297.38,9158.78,9142.66
2020-02-26,8754.64,8636.43,8708.11,8808.69
2020-02-27,8789.57,8858.48,8826.14,8573.77
2020-02-28,8745.64,8730.6,8760.99,8714.64
2020-02-29,8569.18,8540.7,8579.49,8648.37
2020-03-01,8489.65,8546.61,8645.0,8747.34
2020-03-02,8888.88,8848.38,8842.28,8874.3
2020-03-03,8750.0,8770.94,8825.52,8723.96
2020-03-04,8778.09,8865.41,8906.01,9115.81
2020-03-05,9069.32,8999.42,9056.31,9142.65
2020-03-06,9142.09,9140.77,9090.01,9113.99
2020-03-07,8869.21,8788.34,8751.26,8749.25
2020-03-08,8119.97,8082.82,7865.81,7816.41
2020-03-09,7940.39,7930.78,7937.72,8074.66
2020-03-10,7886.5,7942.08,7911.54,7829.09
2020-03-11,7966.53,7926.05,7615.7,6030.94
2020-03-12,4877.0,4671.37,4865.87,5454.18
2020-03-13,5575.0,5491.7,5543.24,5492.27
2020-03-14,5111.05,5196.31,5257.94,5431.4
2020-03-15,5238.32,5235.86,5235.73,4579.44
2020-03-16,5042.66,5089.0,5284.34,5283.82
2020-03-17,5363.01,5374.77,5434.03,5163.53
2020-03-18,5459.36,5366.09,5309.12,5646.5
2020-03-19,6258.93,6230.93,6197.53,6685.05
2020-03-20,6078.06,6144.62,6178.56,6110.32
2020-03-21,6159.36,6198.86,6302.39,6151.08
2020-03-22,5809.7,5907.87,5909.01,5859.72
2020-03-23,6595.32,6610.77,6445.11,6767.48
2020-03-24,6710.32,6715.99,6633.36,6544.36
2020-03-25,6745.66,6757.48,6702.74,6616.6
2020-03-26,6810.91,6842.83,6753.66,6636.07
2020-03-27,6242.92,6320.84,6177.72,6242.8
2020-03-28,6229.32,6217.41,6216.02,6133.23
2020-03-29,5856.0,5897.16,6044.06,6381.07
2020-03-30,6438.96,6452.13,6394.35,6395.7
2020-03-31,6430.86,6313.28,6352.46,6304.36
2020-04-01,6725.92,6644.85,6616.52,6703.54
2020-04-02,6785.0,6751.55,6786.06,7017.71
2020-04-03,6719.67,6756.31,6721.24,6705.39
2020-04-04,6874.73,6868.67,6777.85,6776.31
2020-04-05,6777.97,6876.13,6967.17,7114.53
2020-04-06,7375.73,7382.18,7254.96,7392.0
2020-04-07,7190.28,7160.58,7355.11,7295.37
2020-04-08,7342.54,7356.98,7295.84,7185.98
2020-04-09,7288.79,7305.37,7148.89,6904.9
2020-04-10,6880.0,6915.96,6927.34,6889.05
2020-04-11,6903.29,6875.1,6831.85,6862.9
2020-04-12,6838.95,6730.0,6698.58,6790.74
2020-04-13,6897.13,6849.06,6901.27,6849.59
2020-04-14,6827.84,6838.29,6905.96,6780.48
2020-04-15,6548.16,6580.23,6630.18,7027.65
2020-04-16,7143.08,7078.67,7044.53,7076.97
2020-04-17,7050.0,7071.0,7092.49,7120.15
2020-04-18,7244.94,7224.18,7232.04,7173.89
2020-04-19,7109.91,7169.58,7179.29,6965.03
2020-04-20,6836.75,6885.17,6863.76,6802.25
2020-04-21,6861.54,6849.77,6860.08,6965.0
2020-04-22,7119.57,7122.21,7132.38,7136.87
2020-04-23,7525.33,7494.73,7546.83,7490.9
2020-04-24,7485.78,7479.98,7522.09,7542.7
2020-04-25,7547.56,7566.73,7566.53,7669.65
2020-04-26,7742.56,7759.78,7747.47,7724.27
2020-04-27,7758.6,7747.64,7695.96,7741.67
2020-04-28,7772.33,7745.06,7849.44,8147.58
2020-04-29,8751.29,8816.63,9171.89,8845.09
2020-04-30,8640.56,8713.48,8798.54,9015.02
2020-05-01,8795.72,8834.2,8825.8,8848.8
2020-05-02,8989.1,9128.54,9114.74,9048.21
2020-05-03,8919.83,8818.73,8694.21,8693.6
2020-05-04,8922.42,8909.36,9053.68,8858.37
2020-05-05,9017.59,8957.42,9008.56,9330.0
2020-05-06,9097.14,9200.82,9292.55,9287.25
2020-05-07,9898.57,10036.2,9920.51,9908.5
2020-05-08,9780.0,9879.58,9837.07,9634.98
2020-05-09,9475.73,8711.45,8566.44,8735.28
2020-05-10,8773.92,8784.22,8638.55,8936.02
2020-05-11,8578.79,8614.47,8704.39,8809.64
2020-05-12,8830.83,8945.21,8933.06,9042.44
2020-05-13,9341.27,9304.17,9316.27,9677.92
2020-05-14,9825.94,9767.57,9442.71,9588.5
2020-05-15,9266.6,9394.68,9494.57,9414.99
2020-05-16,9361.19,9474.72,9504.83,9519.92
2020-05-17,9721.44,9772.61,9863.23,9628.35
2020-05-18,9640.43,9634.36,9519.36,9744.79
2020-05-19,9780.91,9738.41,9727.95,9720.61
2020-05-20,9494.11,9549.69,9474.56,9372.17
2020-05-21,9032.61,9016.46,8984.35,9162.54
2020-05-22,9171.86,9251.75,9259.4,9185.87
2020-05-23,9164.65,9201.9,9196.0,9104.33
2020-05-24,8755.0,8812.0,8804.83,8752.72
2020-05-25,8909.78,8862.0,8901.34,8865.0
2020-05-26,8853.04,8882.05,8858.36,9155.47
2020-05-27,9197.6,9276.26,9177.52,9265.92
2020-05-28,9591.03,9514.58,9491.01,9402.87
2020-05-29,9413.38,9371.28,9507.07,9552.69
2020-05-30,9672.19,9659.17,9560.99,9585.95
2020-05-31,9427.29,9493.45,9544.46,9510.95
2020-06-01,10185.17,10125.81,10099.34,10108.9
2020-06-02,9510.0,9526.32,9494.8,9617.28
2020-06-03,9660.56,9631.61,9646.05,9620.0
2020-06-04,9818.48,9810.74,9780.41,9696.95
2020-06-05,9585.51,9595.66,9605.97,9685.35
2020-06-06,9660.91,9669.93,9678.83,9576.41
2020-06-07,9776.54,9768.75,9738.22,9750.0
2020-06-08,9836.66,9711.27,9683.47,9727.65
2020-06-09,9765.42,9782.45,9751.08,9734.01
2020-06-10,9892.01,9898.7,9899.97,9780.93
2020-06-11,9242.39,9304.01,9346.6,9492.25
2020-06-12,9470.21,9442.64,9401.84,9399.81
2020-06-13,9468.11,9452.94,9427.28,9423.6
2020-06-14,9315.17,9323.41,9177.11,9100.72
2020-06-15,9435.52,9394.22,9553.49,9515.96
2020-06-16,9517.19,9482.37,9458.51,9475.91
2020-06-17,9442.41,9423.36,9398.23,9432.48
2020-06-18,9372.63,9358.13,9295.77,9378.07
2020-06-19,9306.33,9289.0,9315.77,9325.0
2020-06-20,9367.68,9359.07,9369.63,9349.61
2020-06-21,9285.34,9315.48,9399.69,9459.0
2020-06-22,9700.0,9656.76,9625.25,9638.1
2020-06-23,9628.15,9622.44,9650.0,9304.95
2020-06-24,9273.12,9252.25,9107.12,9251.14
2020-06-25,9222.93,9281.07,9245.5,9169.08
2020-06-26,9139.01,9133.21,9151.78,9153.5
2020-06-27,8995.95,8968.99,8960.0,9041.13
2020-06-28,9115.86,9111.75,9108.97,9087.76
2020-06-29,9194.92,9179.0,9157.2,9146.66
2020-06-30,9111.38,9118.19,9149.82,9164.02
2020-07-01,9241.4,9234.55,9243.96,9199.91
2020-07-02,9070.18,9097.72,9092.65,9100.72
2020-07-03,9051.73,9073.46,9082.75,9064.61
2020-07-04,9143.55,9133.68,9124.68,9038.48
2020-07-05,9077.71,9065.06,9092.68,9226.85
2020-07-06,9342.74,9330.96,9282.29,9273.18
2020-07-07,9256.92,9241.72,9269.04,9310.27
2020-07-08,9437.78,9412.97,9389.43,9403.35
2020-07-09,9217.31,9213.66,9134.28,9158.28
2020-07-10,9289.91,9277.69,9260.2,9202.69
2020-07-11,9237.63,9252.43,9267.96,9245.44
2020-07-12,9296.11,9276.63,9268.41,9307.03
2020-07-13,9223.64,9216.0,9182.43,9225.23
2020-07-14,9262.87,9259.5,9245.49,9213.7
2020-07-15,9183.85,9206.77,9195.02,9066.42
2020-07-16,9134.61,9115.21,9107.8,9136.84
2020-07-17,9155.7,9155.15,9150.09,9162.01
2020-07-18,9179.02,9182.39,9156.09,9124.31
2020-07-19,9214.05,9188.59,9176.57,9152.33
2020-07-20,9163.22,9170.63,9172.61,9357.14
2020-07-21,9392.11,9363.77,9355.08,9350.0
2020-07-22,9530.85,9525.66,9511.01,9513.48
2020-07-23,9612.67,9592.96,9541.95,9540.0
2020-07-24,9546.17,9545.81,9590.89,9585.01
2020-07-25,9697.27,9693.76,9678.35,9985.6
2020-07-26,9956.18,9982.79,10214.16,10265.58
2020-07-27,11155.23,11179.61,11063.68,10988.48
2020-07-28,10973.65,10894.77,10948.72,11100.26
2020-07-29,11006.02,11121.44,11028.27,10928.53
2020-07-30,11136.15,11057.37,11065.61,11226.72
2020-07-31,11397.7,11259.58,11390.78,11664.6
2020-08-01,11834.75,11790.38,11187.84,11108.61
2020-08-02,10971.1,11126.09,11166.86,11228.18
2020-08-03,11264.58,11369.21,11312.1,11125.0
2020-08-04,11203.95,11170.95,11255.63,11450.29
2020-08-05,11779.24,11738.6,11621.92,11699.1
2020-08-06,11771.44,11796.01,11822.52,11759.27
2020-08-07,11570.48,11609.09,11549.21,11781.64
2020-08-08,11786.64,11773.63,11701.04,11690.94
2020-08-09,11698.06,11744.61,12000.0,11746.34
2020-08-10,11907.73,11873.81,11836.13,11750.44
2020-08-11,11373.06,11324.4,11309.32,11469.11
2020-08-12,11589.82,11638.0,11556.02,11556.34
2020-08-13,11845.0,11775.01,11740.27,11773.93
2020-08-14,11799.9,11922.96,11874.33,11850.75
2020-08-15,11860.36,11817.21,11899.45,11752.7
2020-08-16,11913.74,11848.77,11809.08,11908.95
2020-08-17,12322.47,12349.19,12254.98,12185.84
2020-08-18,11964.82,11987.47,11758.77,11855.0
2020-08-19,11761.29,11793.8,11725.21,11820.96
2020-08-20,11874.94,11840.61,11870.41,11721.72
2020-08-21,11517.55,11411.69,11419.88,11563.82
2020-08-22,11694.02,11645.47,11605.05,11544.9
2020-08-23,11628.42,11638.78,11684.31,11791.22
2020-08-24,11760.05,11747.71,11680.2,11617.29
2020-08-25,11322.94,11283.01,11356.55,11383.9
2020-08-26,11470.86,11457.77,11365.68,11308.6
2020-08-27,11300.29,11352.88,11402.08,11485.48
2020-08-28,11530.22,11494.15,11511.96,11447.61
2020-08-29,11469.56,11504.99,11582.9,11603.19
2020-08-30,11730.03,11695.7,11661.82,11681.23
2020-08-31,11653.77,11609.43,11705.91,11877.41
2020-09-01,11946.7,11904.09,11870.42,11412.04
2020-09-02,11371.81,11416.41,11289.06,11217.78
2020-09-03,10142.29,10313.46,10291.53,10436.09
2020-09-04,10474.63,10487.23,10418.62,10231.19
2020-09-05,10133.75,10213.27,10053.52,10266.82
2020-09-06,10261.58,10282.11,10173.93,10029.31
2020-09-07,10380.0,10322.9,10279.57,9981.75
2020-09-08,10092.21,10117.24,10071.63,10226.95
2020-09-09,10249.73,10274.86,10384.61,10298.01
2020-09-10,10365.5,10344.75,10224.27,10261.94
2020-09-11,10383.52,10349.17,10364.01,10342.37
2020-09-12,10435.59,10434.4,10542.87,10325.0
2020-09-13,10316.22,10275.0,10348.18,10473.96
2020-09-14,10697.66,10681.48,10730.04,10829.73
2020-09-15,10770.87,10714.32,10788.75,10908.59
2020-09-16,10936.31,10995.74,10908.45,10884.2
2020-09-17,10953.92,10905.7,10905.24,10975.63
2020-09-18,10933.73,10973.63,10960.0,11146.13
2020-09-19,11066.55,11056.46,10965.74,10947.55
2020-09-20,10898.98,10956.36,10957.89,10630.28
2020-09-21,10383.56,10453.88,10462.16,10445.81
2020-09-22,10531.18,10512.02,10468.36,10474.56
2020-09-23,10221.72,10289.54,10271.28,10407.05
2020-09-24,10752.12,10712.69,10673.86,10632.58
2020-09-25,10685.93,10657.08,10740.7,10707.97
2020-09-26,10727.14,10776.52,10785.64,10622.35
2020-09-27,10860.65,10885.0,10896.12,10879.73
2020-09-28,10691.7,10705.35,10686.69,10757.55
2020-09-29,10841.85,10810.0,10742.99,10678.4
2020-09-30,10811.1,10787.6,10806.22,10908.5
2020-10-01,10592.45,10590.59,10581.95,10437.43
2020-10-02,10554.5,10549.36,10559.38,10540.95
2020-10-03,10536.84,10549.97,10567.27,10604.72
2020-10-04,10678.9,10706.95,10663.29,10663.88
2020-10-05,10790.65,10762.2,10770.99,10691.13
2020-10-06,10600.32,10594.2,10595.78,10606.34
2020-10-07,10662.5,10643.18,10632.77,10605.86
2020-10-08,10939.27,10881.06,10878.2,11058.35
2020-10-09,11066.79,11084.95,11409.39,11319.89
2020-10-10,11313.41,11307.67,11318.92,11367.36
2020-10-11,11372.13,11385.0,11388.06,11250.0
2020-10-12,11514.86,11495.48,11486.91,11497.08
2020-10-13,11423.41,11480.55,11395.73,11369.91
2020-10-14,11418.91,11399.17,11395.62,11317.62
2020-10-15,11481.81,11510.21,11275.51,11370.63
2020-10-16,11319.12,11306.1,11355.44,11346.1
2020-10-17,11353.39,11376.75,11377.08,11426.61
2020-10-18,11519.97,11484.64,11444.72,11480.76
2020-10-19,11747.71,11726.91,11722.53,11778.31
2020-10-20,11907.92,11995.0,12294.5,12350.0
2020-10-21,12874.89,12926.09,12759.6,12985.74
2020-10-22,12934.34,12931.48,12934.12,12971.93
2020-10-23,12930.0,12921.78,12981.31,13006.81
2020-10-24,13112.07,13137.65,13319.37,12969.25
2020-10-25,13019.66,13053.38,13113.28,13152.24
2020-10-26,13081.75,13100.65,13137.14,13446.44
2020-10-27,13657.29,13721.0,13755.62,13325.87
2020-10-28,13276.73,13261.17,13250.0,13065.57
2020-10-29,13448.59,13598.0,13438.26,13365.93
2020-10-30,13557.66,13624.29,13525.16,13952.66
2020-10-31,13824.26,13733.84,13684.28,13711.69
2020-11-01,13793.47,13816.2,13709.35,13421.33
2020-11-02,13540.41,13537.1,13418.49,13540.0
2020-11-03,14005.9,13782.72,13910.05,13727.98
2020-11-04,14213.05,14124.97,14305.65,14737.49
2020-11-05,15547.87,15881.16,15563.66,15582.42
2020-11-06,15621.67,15637.99,15528.5,15530.38
2020-11-07,14801.33,14917.13,14991.3,15184.34
2020-11-08,15516.61,15562.04,15406.35,15813.19
2020-11-09,15316.3,15312.55,15400.0,15306.09
2020-11-10,15304.32,15478.72,15392.39,15600.0
2020-11-11,15655.8,15636.18,15684.99,15787.56
2020-11-12,16325.0,16411.41,16424.73,16241.16
2020-11-13,16315.76,16298.48,16150.0,15951.32
2020-11-14,16078.74,16058.71,15947.84,15977.66
2020-11-15,15950.51,15987.71,16048.45,16220.39
2020-11-16,16748.07,16818.32,16687.09,17012.3
2020-11-17,17699.56,17726.5,18383.55,18265.0
2020-11-18,17772.2,17769.16,17863.47,17770.49
2020-11-19,17884.16,17797.02,18205.8,18284.53
2020-11-20,18683.38,18878.0,18588.39,18550.0
2020-11-21,18678.62,18561.45,18609.09,17884.18
2020-11-22,18445.75,18143.85,18478.36,18580.99
2020-11-23,18332.49,18369.55,18456.06,19066.47
2020-11-24,19203.68,19186.92,18701.78,19295.8
2020-11-25,18642.28,18868.88,17787.7,17115.6
2020-11-26,17128.27,17400.01,17085.55,16779.5
2020-11-27,17098.95,17162.76,16971.42,17162.97
2020-11-28,17730.01,17667.98,17769.16,18102.57
2020-11-29,18278.25,18445.7,18540.45,18628.67
2020-11-30,19608.7,19568.12,19353.92,19418.97
2020-12-01,18663.5,18848.71,18569.62,19147.29
2020-12-02,19264.57,19197.58,19060.03,19412.83
2020-12-03,19433.7,19495.02,19319.23,18826.77
2020-12-04,18581.97,18778.44,18884.41,19018.56
2020-12-05,19256.23,19271.34,19187.51,19086.0
2020-12-06,19402.65,19317.84,19297.0,19104.22
2020-12-07,19157.38,19241.42,19183.78,18780.75
2020-12-08,18266.58,18174.53,18159.99,18257.58
2020-12-09,18534.83,18446.32,18418.36,18186.29
2020-12-10,18235.51,18017.75,17963.25,17627.91
2020-12-11,18120.29,18347.2,18375.33,18495.93
2020-12-12,18851.82,18759.29,18858.55,19314.94
2020-12-13,19127.08,19050.61,19127.97,19103.4
2020-12-14,19258.98,19395.94,19176.18,19305.28
2020-12-15,19443.01,19380.82,19368.46,19753.25
2020-12-16,21405.0,21423.13,21798.01,22764.09
2020-12-17,22761.53,22764.1,22887.23,22856.48
2020-12-18,23095.62,22987.14,23068.54,22918.0
2020-12-19,23763.71,23513.9,23443.18,23565.56
2020-12-20,23417.07,23690.35,23923.2,22624.56
2020-12-21,22760.95,22578.2,22946.94,23121.55
2020-12-22,23757.44,23982.8,23426.2,23067.37
2020-12-23,23093.96,23057.06,23015.96,23212.57
2020-12-24,23777.76,23621.28,23591.05,24531.7
2020-12-25,24576.1,24607.65,24810.96,24831.83
2020-12-26,26576.61,26743.63,26722.57,27610.0
2020-12-27,26133.7,26850.0,26849.03,26811.97
2020-12-28,26966.86,26779.29,26431.65,26827.93
2020-12-29,27506.64,27605.0,27896.98,27814.92
2020-12-30,29053.85,29136.05,29026.36,28933.74
2020-12-31,29045.19,29056.94,29290.38,29390.34
2021-01-01,29297.76,29262.46,29443.3,29822.42
2021-01-02,32230.48,32485.72,33213.84,34447.28
2021-01-03,33036.07,32895.35,33331.88,30796.34
2021-01-04,32246.38,32489.99,30882.16,31810.58
2021-01-05,33940.14,33976.41,35458.5,35040.81
2021-01-06,36806.72,37247.77,37571.2,37891.04
2021-01-07,39554.73,38850.0,38735.8,41337.96
2021-01-08,40946.05,40342.33,40243.86,40625.26
2021-01-09,40463.22,40688.47,40476.71,39225.27
2021-01-10,37741.09,37173.64,35500.0,34082.5
2021-01-11,35187.0,34925.98,35269.39,35373.19
2021-01-12,33609.8,32442.75,33134.63,34370.52
2021-01-13,37846.59,37785.82,37512.49,38353.78
2021-01-14,39333.21,39419.14,38421.83,38086.63
2021-01-15,37230.9,37187.77,36560.17,37679.5
2021-01-16,35760.91,36401.92,35855.82,35285.5
2021-01-17,35621.72,35963.17,35112.22,36431.97
2021-01-18,36856.32,36724.6,36334.07,37325.64
2021-01-19,35946.7,36344.76,35285.37,34409.99
2021-01-20,35382.59,35320.2,34244.29,32189.24
2021-01-21,30439.27,29477.89,30956.09,31742.23
2021-01-22,32653.15,32732.46,32590.64,31684.5
2021-01-23,31801.12,31884.88,32840.16,32849.05
2021-01-24,32249.82,32606.36,33393.79,33163.5
2021-01-25,32216.62,32503.29,32020.43,31806.67
2021-01-26,32367.82,32359.51,31911.56,30704.4
2021-01-27,30421.87,30725.43,31406.72,31472.92
2021-01-28,33767.33,34231.11,33113.79,37127.02
2021-01-29,34620.93,34268.73,33478.07,33679.07
2021-01-30,34318.43,34104.89,34052.93,33593.67
2021-01-31,32884.18,32578.15,33558.23,34191.24
2021-02-01,33552.3,33769.38,33900.46,34722.37
2021-02-02,35471.07,36158.54,36676.48,35992.96
2021-02-03,37904.48,38173.92,37734.32,37372.59
2021-02-04,37032.22,37020.22,37299.5,37745.68
2021-02-05,38556.27,38758.56,39205.4,40244.36
2021-02-06,39166.99,39613.87,38361.94,39103.41
2021-02-07,38976.04,38769.54,38617.27,39473.03
2021-02-08,47167.75,46805.22,46885.19,46452.77
2021-02-09,46387.1,46606.57,46064.98,46671.45
2021-02-10,44732.94,44299.24,44776.63,46083.23
2021-02-11,48350.0,47990.22,47350.33,47650.45
2021-02-12,47499.87,47562.07,47999.73,46604.39
2021-02-13,47149.87,47654.2,47596.98,49048.63
2021-02-14,48761.53,48800.0,46888.12,47841.22
2021-02-15,47904.86,47697.62,49352.41,48907.36
2021-02-16,49426.88,49052.94,49391.44,51240.48
2021-02-17,52309.62,52317.54,52208.39,51332.13
2021-02-18,51671.61,51477.7,51125.36,52692.08
2021-02-19,56156.53,56240.66,55847.84,56335.67
2021-02-20,55739.19,55852.13,56727.39,57318.59
2021-02-21,57316.99,56295.23,55879.27,54497.67
2021-02-22,53579.68,53476.62,50746.29,46388.22
2021-02-23,48653.24,48517.93,50650.54,50381.65
2021-02-24,49952.32,50546.46,49674.16,50313.11
2021-02-25,46924.4,46839.0,47006.33,46432.47
2021-02-26,46590.23,47539.11,47669.58,47305.33
2021-02-27,45715.41,46412.54,44395.02,45285.35
2021-02-28,45120.64,46355.31,46495.37,47859.46
2021-03-01,49847.43,49477.94,49191.22,48914.81
2021-03-02,48304.87,48564.41,49153.95,51689.0
2021-03-03,50293.93,50929.61,49038.2,49366.05
2021-03-04,47763.66,46794.45,46694.17,47527.88
2021-03-05,49034.17,48837.68,48475.47,48149.9
2021-03-06,49066.25,49214.7,49459.49,50717.65
2021-03-07,51319.75,51480.4,50483.7,50507.95
2021-03-08,52354.02,52027.83,53703.08,54252.43
2021-03-09,54869.08,55551.19,53640.57,54855.34
2021-03-10,55687.39,55603.03,55813.15,56277.92
2021-03-11,57945.61,57355.26,56711.43,56485.74
2021-03-12,56797.77,56696.95,56792.62,59843.59
2021-03-13,61202.11,61268.43,61194.24,60319.67
2021-03-14,59143.68,59490.73,59777.56,56171.28
2021-03-15,55805.04,54065.71,54396.14,55387.43
2021-03-16,57005.31,56553.54,55586.56,54841.8
2021-03-17,59237.61,58928.67,58830.71,58161.39
2021-03-18,57681.09,56883.49,57887.22,58842.96
2021-03-19,58020.43,58666.39,58238.59,59237.68
2021-03-20,58076.28,58378.28,56898.19,56266.91
2021-03-21,57178.69,56585.27,57606.61,57720.67
2021-03-22,54058.76,54724.37,54427.59,54251.28
2021-03-23,54606.02,53694.87,54097.53,56598.78
2021-03-24,52361.5,52615.7,52269.47,52135.27
2021-03-25,51889.0,52113.47,52698.08,52687.56
2021-03-26,55326.3,54793.74,55003.01,54458.52
2021-03-27,55926.9,56053.8,56280.47,55792.25
2021-03-28,55768.63,55377.95,55321.53,57871.55
2021-03-29,57626.63,57498.59,57527.3,59284.39
2021-03-30,58780.12,59064.07,58757.58,58036.0
2021-03-31,59119.53,59228.05,58921.77,58578.85
2021-04-01,58652.93,58650.6,59553.04,59570.82
2021-04-02,58974.54,59438.04,59405.29,59304.9
2021-04-03,56820.24,56733.36,57579.14,57291.49
2021-04-04,58293.3,57924.51,57279.56,57744.19
2021-04-05,59156.21,59328.4,58780.49,58545.25
2021-04-06,57954.85,57678.61,57651.42,56317.92
2021-04-07,55885.32,56396.78,56894.91,56450.0
2021-04-08,58093.38,58301.49,58210.04,58520.37
2021-04-09,58068.98,58110.2,60964.23,60525.01
2021-04-10,59707.85,60112.83,59864.32,59679.06
2021-04-11,60255.52,59763.59,60080.91,60219.55
2021-04-12,59888.71,60431.38,60538.91,62954.48
2021-04-13,63655.17,63348.22,64274.57,64559.91
2021-04-14,63214.16,62716.76,62973.66,62340.35
2021-04-15,63288.81,63432.5,61718.36,60895.51
2021-04-16,61528.41,61535.53,62275.17,60947.3
2021-04-17,60193.89,59469.31,54901.59,53314.83
2021-04-18,56057.73,56873.78,57073.63,57184.85
2021-04-19,55379.25,54696.72,55345.02,56348.13
2021-04-20,56574.32,55706.21,55454.91,54596.91
2021-04-21,53804.38,54068.21,54273.44,54878.87
2021-04-22,51525.06,51515.05,49149.51,50099.35
2021-04-23,50819.9,49920.6,50467.22,49100.0
2021-04-24,50203.49,49867.07,49677.21,49563.58
2021-04-25,48823.01,50952.68,52350.07,53703.67
2021-04-26,54006.55,53747.16,53537.42,55215.8
2021-04-27,55140.79,55447.96,54887.97,54901.43
2021-04-28,54806.59,54770.23,53621.07,54351.73
2021-04-29,53633.41,53402.82,54175.78,54253.11
2021-04-30,57864.17,57915.01,58129.75,57894.43
2021-05-01,57901.92,57515.13,56950.93,57119.67
2021-05-02,56610.88,57469.65,57860.11,58688.01
2021-05-03,57018.92,55350.58,55863.43,56200.49
2021-05-04,53547.09,54566.89,54585.92,55158.85
2021-05-05,57496.56,57009.57,56997.2,58058.8
2021-05-06,56234.1,56424.27,55853.83,56493.0
2021-05-07,57625.47,57798.8,58142.34,58660.25
2021-05-08,58921.16,58615.83,58207.5,57951.63
2021-05-09,58262.52,58934.41,59264.95,58195.8
2021-05-10,55624.89,55540.0,55343.81,55285.14
2021-05-11,57005.95,57420.25,57424.73,56481.9
2021-05-12,47000.0,49735.78,50531.17,49783.52
2021-05-13,50007.55,50065.55,49243.95,50642.92
2021-05-14,50124.62,49495.43,49418.51,48969.62
2021-05-15,47224.56,47286.83,48121.56,49071.68
2021-05-16,46385.97,45585.14,43538.88,45804.03
2021-05-17,43581.9,44411.4,45350.4,45384.45
2021-05-18,42590.24,42634.99,39238.23,38680.47
2021-05-19,37066.85,35876.84,39432.68,40560.63
2021-05-20,40880.7,41784.91,40011.96,41217.98
2021-05-21,37375.18,37688.15,36351.43,38206.82
2021-05-22,36859.57,38221.53,37248.37,35442.14
2021-05-23,35266.61,35292.41,34956.38,37648.11
2021-05-24,38998.25,39494.24,38424.03,36569.63
2021-05-25,38640.39,38141.81,39435.98,39921.94
2021-05-26,39242.3,38671.98,37795.64,39736.35
2021-05-27,38137.52,38049.81,37381.18,35399.35
2021-05-28,35743.94,36244.62,35730.36,35395.25
2021-05-29,34321.53,33900.53,34775.13,36397.21
2021-05-30,35899.49,35358.83,34537.8,36826.75
2021-05-31,37638.63,37820.94,36766.96,36600.18
2021-06-01,36589.34,36204.62,36677.57,37179.22
2021-06-02,37863.89,37488.54,37980.94,38784.81
2021-06-03,39065.27,38685.04,37583.41,36586.62
2021-06-04,36741.23,37700.87,37695.64,35903.17
2021-06-05,35483.57,35587.29,36107.71,35889.07
2021-06-06,35732.65,36311.91,36275.56,36402.95
2021-06-07,33738.51,33697.12,32871.77,33115.79
2021-06-08,33436.34,32924.34,32995.66,35008.32
2021-06-09,37397.29,36975.38,36825.11,37838.13
2021-06-10,36501.72,36451.82,37092.37,37398.31
2021-06-11,37167.99,37087.67,35264.57,35617.4
2021-06-12,35441.0,35730.19,35196.01,35902.76
2021-06-13,39028.35,39124.38,39296.63,39181.05
2021-06-14,40310.0,40380.97,40542.43,39860.85
2021-06-15,40058.58,39897.64,40272.2,39094.97
2021-06-16,38297.05,38623.65,38831.08,39170.64
2021-06-17,38005.52,37696.07,37907.54,37835.81
2021-06-18,35742.49,35757.01,35213.66,35923.77
2021-06-19,35604.8,35368.41,35816.01,33873.53
2021-06-20,35516.74,35551.71,34209.15,32526.71
2021-06-21,31528.41,31820.93,32926.62,31182.19
2021-06-22,32316.95,33716.47,33798.08,33943.06
2021-06-23,33614.66,33211.09,32556.15,33859.1
2021-06-24,34771.71,34580.27,34733.1,33274.02
2021-06-25,31336.54,32001.95,32365.48,31786.27
2021-06-26,32135.45,32374.99,33160.72,33236.39
2021-06-27,34730.13,34587.07,34360.46,34121.04
2021-06-28,34614.38,34927.77,34867.74,35600.95
2021-06-29,35854.18,35880.77,34754.69,34870.49
2021-06-30,34997.82,34722.86,34342.53,33739.0
2021-07-01,33581.51,33782.89,33141.07,33028.8
2021-07-02,33800.58,33531.79,33679.74,34606.29
2021-07-03,34662.28,34528.69,34790.32,35541.03
2021-07-04,34959.31,34824.89,34219.27,33386.32
2021-07-05,33757.61,34064.12,34672.51,34085.43
2021-07-06,34214.42,34163.55,34726.23,34850.98
2021-07-07,33825.59,33232.9,33310.73,32708.71
2021-07-08,32792.36,32399.85,33034.26,32770.31
2021-07-09,33869.67,34047.99,33644.2,33807.28
2021-07-10,33515.58,33739.71,33481.05,33824.53
2021-07-11,34336.14,34190.0,34311.49,33560.21
2021-07-12,32947.99,33073.58,33131.35,33050.0
2021-07-13,32777.55,32415.87,31955.23,32462.78
2021-07-14,32808.24,32949.31,32653.91,31882.71
2021-07-15,31720.0,31647.96,31918.97,31088.15
2021-07-16,31415.98,31634.76,31408.39,31400.06
2021-07-17,31540.14,31998.61,32097.14,31803.62
2021-07-18,31732.99,31596.97,31754.96,31274.73
2021-07-19,30757.08,30809.63,29651.57,29697.33
2021-07-20,29735.67,29601.36,30678.69,31559.02
2021-07-21,31974.08,32078.91,32067.32,31928.11
2021-07-22,32395.8,32378.02,32696.43,32316.38
2021-07-23,33599.5,33589.56,33712.08,33895.06
2021-07-24,34303.98,34049.74,34414.35,34407.82
2021-07-25,35384.37,36755.42,38310.83,38484.95
2021-07-26,37217.29,37458.58,36989.78,38091.21
2021-07-27,39289.07,39125.35,39687.92,40799.95
2021-07-28,39857.36,39430.0,39993.73,39802.18
2021-07-29,39960.2,39931.39,39828.27,38670.4
2021-07-30,41939.34,41928.01,41850.61,41614.99
2021-07-31,41354.14,41725.24,42087.14,41613.4
2021-08-01,39951.19,39515.04,39672.15,39554.42
2021-08-02,38996.22,39339.6,38321.98,38495.99
2021-08-03,38117.66,38392.2,37955.79,38147.06
2021-08-04,39725.19,39557.04,39371.86,38017.87
2021-08-05,40927.59,40081.09,40197.27,40516.78
2021-08-06,42772.89,43282.93,43321.49,43856.39
2021-08-07,44515.95,44627.86,44389.66,44507.91
2021-08-08,43793.71,43194.02,43619.35,45990.04
2021-08-09,46349.6,45980.55,45455.2,45396.86
2021-08-10,45532.23,45759.07,45645.98,45959.9
2021-08-11,45623.2,45766.88,45614.99,44705.17
2021-08-12,44578.95,44524.64,45277.55,46178.57
2021-08-13,47732.14,47652.3,47487.9,46580.1
2021-08-14,47182.82,47233.24,46756.71,45969.7
2021-08-15,47071.59,47614.09,47443.38,47550.0
2021-08-16,45892.11,45772.75,46425.5,46855.65
2021-08-17,44863.11,44821.65,45103.31,44775.08
2021-08-18,44818.21,45072.85,44150.57,44205.75
2021-08-19,46796.57,47150.76,47124.38,46935.11
2021-08-20,49325.83,48893.78,48656.39,48565.51
2021-08-21,48858.97,49012.93,49162.47,49164.84
2021-08-22,49408.54,49474.16,50310.4,50427.11
2021-08-23,49532.06,49226.42,49500.0,49458.05
2021-08-24,47839.22,48032.56,48023.47,47566.77
2021-08-25,49113.03,49314.29,47909.32,46835.53
2021-08-26,46932.75,47271.95,46937.27,47495.0
2021-08-27,49167.19,49254.12,48982.73,48730.39
2021-08-28,48883.38,49601.67,48191.46,48180.72
2021-08-29,48719.79,48429.93,47912.33,47943.97
2021-08-30,46991.43,46864.6,47080.57,47972.67
2021-08-31,47000.0,46779.16,47167.59,47742.64
2021-09-01,48753.36,48815.83,49404.62,50108.27
2021-09-02,49346.29,48611.61,49729.48,50231.57
2021-09-03,49946.24,49948.89,50363.72,49942.95
2021-09-04,49958.05,50177.2,49868.44,50237.57
2021-09-05,51816.62,51767.12,51729.92,51401.35
2021-09-06,52731.06,52542.41,52557.13,50956.27
2021-09-07,46698.27,47058.38,46424.88,46436.26
2021-09-08,46148.07,46369.42,46172.92,46302.79
2021-09-09,46515.37,46618.04,46590.37,46348.5
2021-09-10,44777.49,45219.59,45302.14,45577.56
2021-09-11,45139.09,44987.1,45368.85,46078.0
2021-09-12,46160.39,46050.99,44744.42,44915.51
2021-09-13,44967.71,45189.32,45101.35,46001.27
2021-09-14,47064.43,47170.63,46877.68,47597.4
2021-09-15,48125.11,47920.48,48334.5,47928.43
2021-09-16,47735.62,47538.33,48120.91,47424.02
2021-09-17,47304.5,47369.0,48349.16,48342.81
2021-09-18,48389.52,47950.1,47865.36,47338.48
2021-09-19,47219.61,47016.55,45667.39,43704.88
2021-09-20,42807.07,41640.39,42419.7,43307.04
2021-09-21,40979.9,41025.01,41909.08,41967.13
2021-09-22,43466.92,43200.72,44049.5,43657.68
2021-09-23,44936.76,44685.89,44280.94,41536.1
2021-09-24,42723.51,42786.2,42737.31,42525.62
2021-09-25,42745.8,42593.55,42246.66,43076.24
2021-09-26,43209.07,43948.65,44051.1,43778.19
2021-09-27,42096.59,42282.49,42668.04,42126.19
2021-09-28,41141.89,41606.14,42258.81,42405.05
2021-09-29,41483.09,42365.55,43516.55,43086.49
2021-09-30,43980.52,43749.19,43624.33,47492.29
2021-10-01,48213.78,47842.41,47601.74,47720.72
2021-10-02,47818.62,47329.37,47921.14,48023.67
2021-10-03,48259.62,47961.59,47784.56,47619.11
2021-10-04,49143.04,49506.8,49174.33,49901.19
2021-10-05,51395.13,51360.87,51344.14,51337.64
2021-10-06,55203.45,54826.28,55089.37,54338.67
2021-10-07,53843.52,54151.01,53894.23,55293.85
2021-10-08,53843.96,54258.2,54697.5,54814.67
2021-10-09,54925.86,54963.34,55871.01,55175.84
2021-10-10,54627.69,55163.83,56472.15,56443.66
2021-10-11,57265.23,56943.49,56995.4,57248.98
2021-10-12,55916.39,56456.38,56084.2,55222.24
2021-10-13,57452.61,57706.21,58001.93,57631.56
2021-10-14,57264.9,57062.06,59602.21,59549.4
2021-10-15,61552.31,61471.41,61742.93,61612.26
2021-10-16,60705.0,60916.04,60924.87,60941.54
2021-10-17,61558.48,62480.87,62363.52,60922.57
2021-10-18,61869.08,61883.66,62427.37,62150.22
2021-10-19,64252.65,64077.53,64061.92,63808.41
2021-10-20,65909.6,65626.98,65068.24,64800.0
2021-10-21,62462.57,62811.03,63061.93,63411.72
2021-10-22,60571.12,61151.48,61174.75,61546.35
2021-10-23,61316.65,61110.15,61008.27,60281.35
2021-10-24,60742.65,61770.92,62050.8,62766.24
2021-10-25,62967.57,63117.52,62468.12,62763.75
2021-10-26,60304.87,60697.16,61189.6,58600.0
2021-10-27,58692.36,58312.24,58826.46,60991.43
2021-10-28,60517.1,61378.8,61550.91,60952.84
2021-10-29,62189.98,61938.64,61492.8,61601.86
2021-10-30,62149.8,62369.11,61443.69,60442.99
2021-10-31,61270.4,61607.17,60551.89,61853.49
2021-11-01,60954.01,61009.08,61468.27,62960.64
2021-11-02,63342.02,63548.48,62824.98,63188.59
2021-11-03,62896.92,62869.97,62721.94,61503.43
2021-11-04,61491.63,60917.37,62137.6,61318.84
2021-11-05,60921.53,61242.94,61257.14,60390.68
2021-11-06,61492.92,61979.65,62237.25,61960.61
2021-11-07,63431.41,65049.98,65210.17,66054.17
2021-11-08,67324.32,67650.81,68298.7,67617.95
2021-11-09,67082.36,67003.28,66659.54,66557.6
2021-11-10,64755.44,64972.53,64638.83,65286.94
2021-11-11,64804.49,64852.09,64976.82,63757.51
2021-11-12,64397.59,64356.6,63710.1,63584.98
2021-11-13,64482.76,65003.72,64778.55,64486.43
2021-11-14,65835.37,65861.67,65809.34,65747.56
2021-11-15,63087.58,62599.93,61243.16,60592.73
2021-11-16,59855.03,59804.44,59428.15,60800.0
2021-11-17,60212.28,60517.15,59693.43,59199.03
2021-11-18,56787.39,57517.06,56283.46,57052.05
2021-11-19,58100.26,58313.74,58571.24,58677.06
2021-11-20,59777.28,59395.42,58647.14,58745.44
2021-11-21,58624.55,58171.53,57124.59,57222.72
2021-11-22,56344.63,56619.26,56818.39,56137.49
2021-11-23,57596.8,57529.53,56592.77,56653.35
2021-11-24,57358.01,58058.41,57285.2,58078.22
2021-11-25,59064.93,58760.52,57839.13,53721.15
2021-11-26,53683.26,54103.3,54538.59,54668.31
2021-11-27,54615.69,54753.48,54011.9,54517.98
2021-11-28,57416.27,57816.57,57320.54,56953.34
2021-11-29,57671.17,57776.01,57265.6,57676.3
2021-11-30,56871.8,57608.07,57147.25,57200.5
2021-12-01,57032.08,57071.02,56565.7,56366.36
2021-12-02,56546.2,56573.74,56611.98,57044.07
2021-12-03,53520.63,53094.67,50344.32,46588.63
2021-12-04,49373.74,49029.48,49007.58,49337.39
2021-12-05,49353.92,48839.32,49068.88,48626.75
2021-12-06,50660.4,50720.14,50967.32,51535.0
2021-12-07,50518.04,50771.5,50271.84,49226.67
2021-12-08,50701.88,50471.94,49843.61,49203.15
2021-12-09,47497.72,48047.95,48191.61,48723.52
2021-12-10,47275.7,47785.54,48611.6,48248.43
2021-12-11,49425.49,49384.07,48885.95,49165.91
2021-12-12,50185.08,49653.41,49067.38,48893.24
2021-12-13,46465.96,47031.61,47015.79,47637.58
2021-12-14,48306.04,48163.91,48249.83,48162.31
2021-12-15,48912.18,49058.33,48763.33,49232.41
2021-12-16,47686.73,47814.15,47946.29,47135.82
2021-12-17,46160.85,46308.07,46445.6,47094.04
2021-12-18,46825.26,46669.94,47910.84,47173.27
2021-12-19,46565.83,46880.48,46976.69,46107.16
2021-12-20,46975.09,46809.94,48566.93,48870.0
2021-12-21,48965.16,48670.81,49340.13,48996.16
2021-12-22,48638.04,48313.84,48376.75,48406.56
2021-12-23,50816.1,50907.78,50996.01,51039.25
2021-12-24,50791.33,51083.18,50915.57,50716.58
2021-12-25,50440.96,50429.85,49912.68,49770.0
2021-12-26,50853.52,50644.48,51032.54,50788.9
2021-12-27,50654.44,50381.21,49066.38,49228.48
2021-12-28,47480.0,47777.24,47806.2,47748.34
2021-12-29,46437.7,46682.28,46731.2,47538.07
2021-12-30,47225.02,47104.82,47354.47,47989.61
2021-12-31,46289.56,46650.66,46706.13,46767.08
2022-01-01,47692.92,47638.65,46912.64,47254.45
2022-01-02,47250.38,47076.96,46834.77,47399.93
2022-01-03,46392.35,46268.24,46108.16,46717.24
2022-01-04,45714.55,46276.61,46421.97,46288.54
2022-01-05,43375.07,43686.3,43041.26,42860.97
2022-01-06,43079.81,42781.96,41684.9,42265.91
2022-01-07,41625.81,41986.53,41912.12,41961.05
2022-01-08,41593.5,41785.11,42109.88,41870.45
2022-01-09,41902.95,41660.69,42190.88,41525.19
2022-01-10,41789.58,41621.26,42326.39,41873.33
2022-01-11,42870.78,42710.44,42655.51,42958.5
2022-01-12,44030.64,43756.72,43646.83,43637.23
2022-01-13,42429.41,42784.95,42716.17,42019.38
2022-01-14,43043.12,43138.1,42928.08,43055.04
2022-01-15,43075.25,43097.41,43060.14,42984.22
2022-01-16,43158.16,42923.75,42609.76,42688.86
2022-01-17,42203.98,42392.03,42032.33,41886.78
2022-01-18,42319.69,42306.19,41722.06,42066.45
2022-01-19,41699.73,41858.82,41909.52,42160.49
2022-01-20,40571.07,40922.94,38854.01,38907.52
2022-01-21,36414.84,36490.56,36293.0,35428.77
2022-01-22,35008.97,35413.05,35249.22,35700.0
2022-01-23,36155.55,35854.77,35133.6,33708.61
2022-01-24,36677.28,36058.2,35957.11,36444.0
2022-01-25,36866.93,36655.78,37792.39,38126.23
2022-01-26,36851.86,37049.36,35956.64,36712.4
2022-01-27,37309.29,37198.11,37252.99,36457.65
2022-01-28,37848.41,37829.76,37851.61,37772.99
2022-01-29,38173.87,37862.59,38142.39,38145.26
2022-01-30,37943.27,36849.51,36917.74,37313.49
2022-01-31,38471.8,38384.86,38592.04,38479.97
2022-02-01,38751.06,38579.04,38462.58,38497.0
2022-02-02,36866.81,36915.13,36938.79,36805.53
2022-02-03,37256.3,37220.45,37331.06,37826.52
2022-02-04,41407.89,41511.11,41495.0,41468.3
2022-02-05,41491.32,41513.99,41565.19,41541.42
2022-02-06,42353.9,41877.16,42870.96,42763.38
2022-02-07,43888.0,43891.37,44415.92,44029.1
2022-02-08,44132.75,44299.06,43514.98,43785.19
2022-02-09,44398.95,44159.97,43819.59,44879.25
2022-02-10,43332.22,43071.46,43130.33,43386.52
2022-02-11,42392.87,42327.17,42319.96,42418.9
2022-02-12,42223.31,42423.45,42240.59,42502.25
2022-02-13,42007.92,42144.97,41971.99,42132.13
2022-02-14,42607.21,42602.59,43500.45,44275.8
2022-02-15,44446.41,44227.5,43931.03,44213.54
2022-02-16,43857.3,44095.16,43654.94,43208.04
2022-02-17,40452.69,40602.52,40530.0,40209.15
2022-02-18,40001.5,40238.65,40258.92,39858.1
2022-02-19,40144.73,39953.29,39563.5,38366.8
2022-02-20,38256.64,38777.48,39318.13,37606.76
2022-02-21,37041.41,37224.02,36642.7,37552.95
2022-02-22,38266.35,38159.89,38062.3,38811.2
2022-02-23,37323.91,36753.43,35103.59,35441.97
2022-02-24,38312.76,38254.83,38751.9,38771.98
2022-02-25,39230.08,39777.78,39376.99,38972.16
2022-02-26,39071.65,38836.1,38593.13,39520.81
2022-02-27,37630.38,37571.16,37834.38,38367.53
2022-02-28,43451.47,43589.44,43371.02,43633.64
2022-03-01,44670.12,44296.74,44291.82,44159.4
2022-03-02,43841.3,44010.44,43450.66,43422.59
2022-03-03,42531.36,41601.56,41377.62,41653.63
2022-03-04,39090.92,38776.39,38863.95,39159.85
2022-03-05,39411.03,39686.98,39486.84,38357.65
2022-03-06,38338.85,38409.31,37959.66,38361.61
2022-03-07,38026.57,38215.87,38552.79,38983.4
2022-03-08,38676.71,38973.95,41649.99,42171.34
2022-03-09,41958.57,41834.84,39516.19,39089.51
2022-03-10,39354.9,39277.9,38514.39,39921.45
2022-03-11,38744.82,39162.1,39111.97,39090.17
2022-03-12,38821.32,38943.23,39119.87,38751.26
2022-03-13,37811.8,37840.26,38540.9,38908.75
2022-03-14,39701.85,39589.59,38795.6,38680.52
2022-03-15,39330.52,39190.57,39139.56,40550.91
2022-03-16,41125.5,41035.38,41357.55,40767.16
2022-03-17,40927.63,40391.73,40655.19,40395.0
2022-03-18,41829.2,41901.51,41839.31,41756.83
2022-03-19,42255.05,42057.69,41886.9,41648.11
2022-03-20,41296.07,41428.9,40894.06,41280.58
2022-03-21,40983.11,41163.54,43003.88,43020.13
2022-03-22,42365.89,42426.6,41943.98,42066.1
2022-03-23,42962.42,43073.26,42931.81,42988.82
2022-03-24,43915.33,43985.27,44118.82,44636.53
2022-03-25,44360.22,44171.35,44441.11,44358.19
2022-03-26,44572.55,44740.98,44606.66,44579.72
2022-03-27,46800.31,46925.93,47130.81,47281.49
2022-03-28,47192.69,47407.98,47645.52,47939.26
2022-03-29,47397.51,47274.43,47255.14,47355.92
2022-03-30,47033.86,47190.09,47047.97,47177.65
2022-03-31,45546.64,45571.59,44669.19,45086.68
2022-04-01,46166.48,46897.96,46563.56,46573.42
2022-04-02,45859.52,46069.79,46373.08,46268.7
2022-04-03,46424.03,45878.01,46104.41,46165.18
2022-04-04,46622.72,46530.56,46776.09,46693.73
2022-04-05,45388.0,45031.91,45361.38,44809.96
2022-04-06,43280.76,42916.15,43446.98,43764.88
2022-04-07,43468.52,43337.69,43554.14,43306.09
2022-04-08,42359.93,42447.39,42433.27,42464.15
2022-04-09,42728.36,42660.66,42755.82,42711.17
2022-04-10,42103.34,42322.95,42252.88,41053.7
2022-04-11,39688.88,39570.01,39900.9,40389.43
2022-04-12,40081.22,39958.39,40141.43,39721.14
2022-04-13,41146.02,41194.8,41291.43,40916.94
2022-04-14,39976.51,39860.47,40119.8,40220.8
2022-04-15,40531.03,40567.2,40555.16,40436.75
2022-04-16,40405.59,40395.14,40294.89,40485.33
2022-04-17,39699.34,39737.42,38826.25,39014.52
2022-04-18,40855.64,40897.8,40876.37,40722.12
2022-04-19,41453.94,41314.45,41362.64,42113.96
2022-04-20,41383.49,41543.67,41622.04,42456.72
2022-04-21,40352.74,40426.19,40637.5,40598.89
2022-04-22,39817.12,39579.82,39550.42,39632.13
2022-04-23,39496.41,39581.68,39720.05,39593.44
2022-04-24,39413.64,38871.09,39162.11,38836.98
2022-04-25,40474.92,40572.46,40573.71,40479.9
2022-04-26,38201.54,38185.47,38422.63,39036.0
2022-04-27,39230.37,39408.18,39416.3,39700.83
2022-04-28,39736.63,39833.94,39541.01,38757.96
2022-04-29,38625.15,38641.53,38562.62,38580.74
2022-04-30,37740.65,37710.95,37970.86,37963.87
2022-05-01,38511.36,38680.01,38992.91,38529.32
2022-05-02,38506.32,38410.86,38500.57,38570.43
2022-05-03,37665.46,37895.21,37991.52,39006.41
2022-05-04,39727.08,39654.7,39748.25,39482.81
2022-05-05,36587.55,36390.04,36424.73,35780.72
2022-05-06,36002.86,35998.7,35750.2,36053.87
2022-05-07,35388.66,35083.16,34408.38,34782.85
2022-05-08,34012.0,34130.32,33627.42,33109.63
2022-05-09,30289.85,30774.39,31224.31,31621.23
2022-05-10,30967.86,31046.85,31220.98,31536.46
2022-05-11,29017.22,29724.46,27667.74,28250.97
2022-05-12,28935.65,29492.09,30389.61,30621.73
2022-05-13,29255.22,29456.18,29308.85,29010.87
2022-05-14,30041.65,29918.18,29573.4,30206.73
2022-05-15,31198.51,31088.41,30323.71,29906.58
2022-05-16,29842.71,30100.09,30345.65,30291.0
2022-05-17,30437.66,30469.24,29810.24,29803.52
2022-05-18,28700.0,28889.48,29062.16,29472.59
2022-05-19,30286.13,30241.1,30083.2,30395.87
2022-05-20,29147.82,29253.97,29226.44,29246.48
2022-05-21,29396.04,29442.92,29253.1,29854.18
2022-05-22,30248.0,30269.44,30108.06,30365.32
2022-05-23,29121.99,29117.54,29328.19,29263.2
2022-05-24,29641.6,29600.38,30062.47,29382.11
2022-05-25,29545.7,29756.69,29742.52,28977.15
2022-05-26,29250.46,29025.27,28892.92,28870.46
2022-05-27,28569.0,28781.72,28812.47,28792.81
2022-05-28,28976.5,28987.47,28919.95,29200.6
2022-05-29,29411.12,29303.52,30320.85,30656.32
2022-05-30,31762.68,31553.63,31662.17,31750.0
2022-05-31,31827.49,31922.11,31545.92,31577.28
2022-06-01,29725.4,29655.61,29785.31,30162.21
2022-06-02,30407.66,30380.03,30416.07,29731.42
2022-06-03,29680.11,29699.21,29698.33,29662.93
2022-06-04,29840.33,29723.67,29714.31,29705.01
2022-06-05,29905.3,30284.14,31194.32,31375.24
2022-06-06,31235.54,30178.57,29518.93,29500.0
2022-06-07,31173.09,31066.94,30221.03,30390.22
2022-06-08,30147.71,30228.13,30253.57,30280.81
2022-06-09,30101.16,29760.63,30076.99,29982.72
2022-06-10,29078.67,29220.47,29348.98,28704.0
2022-06-11,28424.64,28488.2,27414.62,27413.61
2022-06-12,26465.86,26268.86,25397.01,23690.41
2022-06-13,22392.01,21747.79,21963.94,21960.47
2022-06-14,21981.93,21792.88,21119.25,21142.47
2022-06-15,22713.35,22659.6,22070.61,21043.47
2022-06-16,20351.35,20314.86,20514.34,20956.88
2022-06-17,20500.85,20550.6,20467.97,19222.89
2022-06-18,18952.0,18933.72,18482.6,19650.06
2022-06-19,20510.92,20024.58,19834.67,20804.17
2022-06-20,20530.8,20654.02,20645.45,20943.08
2022-06-21,20620.13,20572.5,20414.93,20482.82
2022-06-22,19995.0,20396.3,20355.28,20626.58
2022-06-23,21076.73,20995.09,21039.03,21157.09
2022-06-24,21227.77,21185.08,21220.32,21318.85
2022-06-25,21478.56,21468.43,21420.37,21687.72
2022-06-26,21033.82,21045.69,21238.76,21284.85
2022-06-27,20738.08,20756.6,20761.54,20978.2
2022-06-28,20247.53,20257.29,20279.49,20070.78
2022-06-29,20122.06,20016.78,20028.53,19070.97
2022-06-30,19717.56,20260.51,19380.87,19172.48
2022-07-01,19257.17,19166.58,19181.39,19173.16
2022-07-02,19235.51,19222.65,19220.76,19069.2
2022-07-03,19229.85,19250.53,19105.27,19787.85
2022-07-04,20175.06,20383.35,20255.81,19500.51
2022-07-05,20210.06,20234.85,20081.68,20082.32
2022-07-06,20505.75,20516.99,20406.41,20488.33
2022-07-07,21614.4,21714.96,21980.5,21552.19
2022-07-08,21604.12,21537.18,21548.75,21405.23
2022-07-09,21582.77,21355.89,21268.91,21287.77
2022-07-10,20798.75,20803.95,20506.51,20456.22
2022-07-11,19939.65,19801.25,19992.37,19764.49
2022-07-12,19268.32,19419.19,19468.24,19772.52
2022-07-13,20345.29,20281.57,20077.27,19730.61
2022-07-14,20564.82,20385.67,20539.12,20762.79
2022-07-15,20824.82,20697.06,20747.32,20621.4
2022-07-16,21243.44,21290.93,21251.75,21447.21
2022-07-17,20823.14,20813.53,21281.97,22124.25
2022-07-18,22393.52,22370.01,21900.71,21985.18
2022-07-19,23378.26,23038.77,23400.0,23728.75
2022-07-20,23304.93,23259.73,22877.95,22596.54
2022-07-21,23113.74,23271.03,22969.78,23622.75
2022-07-22,22676.04,22776.26,22938.68,22229.19
2022-07-23,22607.53,22561.12,22384.08,22664.93
2022-07-24,22578.78,22306.89,21907.27,21944.85
2022-07-25,21315.93,20997.49,21133.54,21089.93
2022-07-26,21230.44,21211.92,21109.2,21199.67
2022-07-27,22943.03,22793.77,23071.57,23124.32
2022-07-28,23869.74,23884.2,24017.48,23734.48
2022-07-29,23802.3,23937.58,23753.85,23965.12
2022-07-30,23565.95,23770.61,23818.05,23820.8
2022-07-31,23292.92,23380.92,23403.43,23245.57
2022-08-01,23315.46,23207.1,22875.29,22893.41
2022-08-02,22992.99,22805.63,22848.69,23425.17
2022-08-03,22835.28,23018.35,23093.36,22900.98
2022-08-04,22614.7,22647.43,23162.68,23420.0
2022-08-05,23298.49,23276.42,23221.3,23166.88
2022-08-06,22938.31,22885.24,22966.19,23048.56
2022-08-07,23200.22,23268.77,23346.87,24156.23
2022-08-08,23831.49,23821.19,23879.42,23277.17
2022-08-09,23100.63,22774.13,22954.44,23131.0
2022-08-10,23974.0,24070.0,24535.0,24570.0
2022-08-11,23939.0,23985.0,23946.0,23689.0
2022-08-12,24403.0,24490.0,24752.0,24451.0
2022-08-13,24445.0,24526.0,24567.0,24577.0
2022-08-14,24291.0,24415.0,24854.0,24064.0
2022-08-15,24088.0,24136.0,23984.0,24048.0
2022-08-16,23857.0,24016.0,24076.0,23757.0
2022-08-17,23361.0,23461.0,23390.0,23538.0
2022-08-18,23147.0,22928.0,22788.0,21479.0
2022-08-19,20873.0,21011.0,21264.0,21244.0
2022-08-20,21147.0,21166.0,21199.0,21532.0
2022-08-21,21467.0,21454.0,21473.0,21248.0
2022-08-22,21401.0,21303.0,21263.0,21451.0
2022-08-23,21542.0,21389.0,21325.0,21445.0
2022-08-24,21363.0,21483.0,21531.0,21720.0
2022-08-25,21518.0,21473.0,21524.0,21193.0
2022-08-26,20228.0,20309.0,20156.0,20215.0
2022-08-27,20012.0,20000.0,20003.0,20036.0
2022-08-28,19618.0,19650.0,19807.0,19817.0
2022-08-29,20256.0,20262.0,20470.0,20409.0
2022-08-30,19837.0,19966.0,20345.0,20320.0
2022-08-31,20090.0,20062.0,20054.0,20075.0
2022-09-01,20102.0,20074.0,20164.0,20086.0
2022-09-02,19945.0,20005.0,19933.0,19802.0
2022-09-03,19819.0,19813.0,19806.0,19848.0
2022-09-04,20042.0,19915.0,19892.0,19702.0
2022-09-05,19788.0,20098.0,19763.0,19920.0
2022-09-06,18843.0,18837.0,18722.0,18742.0
2022-09-07,19356.0,19305.0,19357.0,19316.0
2022-09-08,19317.0,19368.0,20364.0,20949.0
2022-09-09,21345.0,21266.0,21455.0,21294.0
2022-09-10,21665.0,21555.0,21562.0,21619.0
2022-09-11,21758.0,21645.0,21723.0,22319.0
2022-09-12,22372.0,22221.0,22285.0,22537.0
2022-09-13,20148.0,20203.0,20389.0,20204.0
2022-09-14,20210.0,20160.0,20038.0,20149.0
2022-09-15,19690.0,19789.0,19835.0,19867.0
2022-09-16,19787.0,19948.0,19939.0,19820.0
2022-09-17,20035.0,19986.0,20013.0,19932.0
2022-09-18,19437.0,19462.0,18817.0,18684.0
2022-09-19,19572.0,19517.0,19335.0,19226.0
2022-09-20,18925.0,18935.0,19000.0,19165.0
2022-09-21,18489.0,18390.0,18706.0,19227.0
2022-09-22,19401.0,19308.0,19421.0,18862.0
2022-09-23,19289.0,19149.0,19165.0,19055.0
2022-09-24,18950.0,18966.0,19009.0,19119.0
2022-09-25,18776.0,18769.0,18808.0,18875.0
2022-09-26,19198.0,19347.0,20049.0,20234.0
2022-09-27,19093.0,19092.0,18765.0,18940.0
2022-09-28,19452.0,19443.0,19598.0,19471.0
2022-09-29,19536.0,19544.0,19431.0,19440.0
2022-09-30,19419.0,19399.0,19407.0,19312.0
2022-10-01,19306.0,19278.0,19333.0,19193.0
2022-10-02,19035.0,19094.0,19109.0,19252.0
2022-10-03,19616.0,19569.0,19601.0,19942.0
2022-10-04,20346.0,20190.0,20122.0,20030.0
2022-10-05,20188.0,20265.0,20360.0,20246.0
2022-10-06,19953.0,20000.0,19947.0,20004.0
2022-10-07,19533.0,19570.0,19443.0,19543.0
2022-10-08,19432.0,19403.0,19389.0,19476.0
2022-10-09,19426.0,19493.0,19471.0,19338.0
2022-10-10,19077.0,19042.0,19041.0,19141.0
2022-10-11,19063.0,19091.0,19097.0,19115.0
2022-10-12,19166.0,19149.0,19093.0,18751.0
2022-10-13,19380.0,19412.0,19810.0,19596.0
2022-10-14,19188.0,19201.0,19189.0,19166.0
2022-10-15,19101.0,19141.0,19139.0,19146.0
2022-10-16,19290.0,19230.0,19232.0,19459.0
2022-10-17,19523.0,19599.0,19582.0,19566.0
2022-10-18,19340.0,19236.0,19278.0,19198.0
2022-10-19,19123.0,18975.0,19179.0,19212.0
2022-10-20,19046.0,19048.0,19049.0,18944.0
2022-10-21,19155.0,19168.0,19150.0,19179.0
2022-10-22,19215.0,19200.0,19188.0,19155.0
2022-10-23,19571.0,19522.0,19334.0,19428.0
2022-10-24,19291.0,19311.0,19341.0,19303.0
2022-10-25,20115.0,20163.0,20211.0,20615.0
2022-10-26,20785.0,20760.0,20810.0,20622.0
2022-10-27,20310.0,20288.0,20248.0,20179.0
2022-10-28,20566.0,20629.0,20685.0,20705.0
2022-10-29,20814.0,20718.0,20752.0,20777.0
2022-10-30,20648.0,20551.0,20568.0,20734.0
2022-10-31,20474.0,20450.0,20493.0,20523.0
2022-11-01,20442.0,20512.0,20516.0,20431.0
2022-11-02,20148.0,20201.0,20355.0,20117.0
2022-11-03,20197.0,20285.0,20329.0,20557.0
2022-11-04,21140.0,21438.0,21373.0,21411.0
2022-11-05,21301.0,21328.0,21222.0,21252.0
2022-11-06,20908.0,20901.0,20891.0,20729.0
2022-11-07,20618.0,20517.0,19656.0,19710.0
2022-11-08,18443.0,18335.0,18245.0,17800.0
2022-11-09,15863.0,16282.0,16460.0,16219.0
2022-11-10,17585.0,17528.0,16995.0,17311.0
2022-11-11,17014.0,16844.0,16726.0,16829.0
2022-11-12,16787.0,16818.0,16844.0,16626.0
2022-11-13,16351.0,16243.0,15957.0,16732.0
2022-11-14,16606.0,16538.0,16753.0,16758.0
2022-11-15,16898.0,16759.0,16900.0,16690.0
2022-11-16,16682.0,16691.0,16496.0,16577.0
2022-11-17,16698.0,16941.0,16798.0,16740.0
2022-11-18,16680.0,16649.0,16616.0,16653.0
2022-11-19,16693.0,16705.0,16666.0,16503.0
2022-11-20,16232.0,16240.0,16119.0,16058.0
2022-11-21,15785.0,15844.0,15798.0,15724.0
2022-11-22,16197.0,16175.0,16482.0,16575.0
2022-11-23,16575.0,16538.0,16681.0,16558.0
2022-11-24,16578.0,16517.0,16366.0,16519.0
2022-11-25,16502.0,16568.0,16620.0,16570.0
2022-11-26,16456.0,16462.0,16561.0,16540.0
2022-11-27,16450.0,16446.0,16197.0,16207.0
2022-11-28,16203.0,16172.0,16428.0,16488.0
2022-11-29,16452.0,16839.0,16871.0,16877.0
2022-11-30,17170.0,17161.0,17141.0,17104.0
2022-12-01,16970.0,17040.0,16934.0,17000.0
2022-12-02,17130.0,17050.0,17022.0,16953.0
2022-12-03,16898.0,16951.0,17010.0,16948.0
2022-12-04,17084.0,17211.0,17364.0,17315.0
2022-12-05,16973.0,17040.0,17004.0,16986.0
2022-12-06,17087.0,17067.0,17041.0,16795.0
2022-12-07,16840.0,16817.0,16825.0,16854.0
2022-12-08,17232.0,17209.0,17226.0,17247.0
2022-12-09,17131.0,17157.0,17157.0,17167.0
2022-12-10,17124.0,17143.0,17169.0,17167.0
2022-12-11,17032.0,16952.0,16935.0,16988.0
2022-12-12,17211.0,17159.0,17171.0,17448.0
2022-12-13,17776.0,17815.0,17769.0,17825.0
2022-12-14,17814.0,17795.0,17709.0,17726.0
2022-12-15,17380.0,17421.0,17396.0,17027.0
2022-12-16,16642.0,16711.0,16710.0,16711.0
2022-12-17,16766.0,16748.0,16766.0,16711.0
2022-12-18,16753.0,16778.0,16717.0,16734.0
2022-12-19,16433.0,16462.0,16795.0,16816.0
2022-12-20,16902.0,16848.0,16796.0,16881.0
2022-12-21,16827.0,16849.0,16843.0,16835.0
2022-12-22,16797.0,16778.0,16838.0,16846.0
2022-12-23,16782.0,16808.0,16830.0,16823.0
2022-12-24,16837.0,16843.0,16825.0,16824.0
2022-12-25,16827.0,16829.0,16875.0,16862.0
2022-12-26,16948.0,16871.0,16886.0,16830.0
2022-12-27,16700.0,16678.0,16658.0,16675.0
2022-12-28,16548.0,16570.0,16562.0,16590.0
2022-12-29,16627.0,16622.0,16605.0,16492.0
2022-12-30,16600.0,16577.0,16543.0,16562.0
2022-12-31,16523.0,16521.0,16509.0,16544.0
2023-01-01,16618.0,16584.0,16631.0,16730.0
2023-01-02,16661.0,16694.0,16687.0,16716.0
2023-01-03,16667.0,16655.0,16860.0,16834.0
2023-01-04,16851.0,16828.0,16836.0,16830.0
2023-01-05,16824.0,16855.0,16817.0,16733.0
2023-01-06,16947.0,16973.0,16938.0,16918.0
2023-01-07,16952.0,16923.0,16937.0,16929.0
2023-01-08,17130.0,17184.0,17228.0,17241.0
2023-01-09,17197.0,17214.0,17215.0,17256.0
2023-01-10,17444.0,17471.0,17413.0,17438.0
2023-01-11,17925.0,18245.0,18217.0,18206.0
2023-01-12,18879.0,18777.0,18824.0,18922.0
2023-01-13,19960.0,20906.0,20901.0,20732.0
2023-01-14,20920.0,20771.0,20702.0,20728.0
2023-01-15,20874.0,20978.0,21161.0,20823.0
2023-01-16,21130.0,21112.0,21160.0,21226.0
2023-01-17,21165.0,21208.0,21285.0,21209.0
2023-01-18,20720.0,20696.0,20808.0,20738.0
2023-01-19,21094.0,21055.0,20997.0,20965.0
2023-01-20,22644.0,22582.0,22605.0,22910.0
2023-01-21,22797.0,22881.0,22854.0,22782.0
2023-01-22,22723.0,22751.0,22759.0,22909.0
2023-01-23,22933.0,22991.0,23076.0,22922.0
2023-01-24,22662.0,22660.0,22631.0,22601.0
2023-01-25,23127.0,23243.0,23194.0,22999.0
2023-01-26,23030.0,22929.0,22811.0,22972.0
2023-01-27,23099.0,23161.0,23100.0,22986.0
2023-01-28,23037.0,23119.0,23236.0,23431.0
2023-01-29,23754.0,23757.0,23718.0,23087.0
2023-01-30,22819.0,22833.0,22864.0,22864.0
2023-01-31,23154.0,23084.0,23139.0,23080.0
2023-02-01,23717.0,24190.0,23888.0,23829.0
2023-02-02,23554.0,23560.0,23518.0,23539.0
2023-02-03,23431.0,23411.0,23337.0,23364.0
2023-02-04,23334.0,23284.0,23376.0,23367.0
2023-02-05,22967.0,23057.0,22881.0,22888.0
2023-02-06,22784.0,22799.0,22874.0,22980.0
2023-02-07,23266.0,23328.0,23253.0,23164.0
2023-02-08,22974.0,22985.0,22572.0,22689.0
2023-02-09,21824.0,21831.0,21793.0,21740.0
2023-02-10,21619.0,21665.0,21691.0,21701.0
2023-02-11,21877.0,21821.0,21787.0,21889.0
2023-02-12,21799.0,21821.0,21844.0,21625.0
2023-02-13,21805.0,21753.0,21729.0,21816.0
2023-02-14,22178.0,22158.0,22093.0,22448.0
2023-02-15,24342.0,24591.0,24646.0,24572.0
2023-02-16,23543.0,23720.0,23815.0,23789.0
2023-02-17,24591.0,24639.0,24637.0,24530.0
2023-02-18,24643.0,24747.0,24720.0,24675.0
2023-02-19,24401.0,24223.0,24484.0,24891.0
2023-02-20,24826.0,24857.0,24901.0,24576.0
2023-02-21,24450.0,24417.0,24159.0,24168.0
2023-02-22,24191.0,24134.0,24523.0,23789.0
2023-02-23,23962.0,23960.0,23947.0,23892.0
2023-02-24,23190.0,23168.0,23131.0,22986.0
2023-02-25,23147.0,23100.0,23195.0,23252.0
2023-02-26,23539.0,23494.0,23495.0,23430.0
2023-02-27,23512.0,23431.0,23416.0,23397.0
2023-02-28,23178.0,23109.0,23793.0,23741.0
2023-03-01,23617.0,23609.0,23543.0,23415.0
2023-03-02,23461.0,23421.0,22388.0,22349.0
2023-03-03,22349.0,22370.0,22344.0,22352.0
2023-03-04,22344.0,22379.0,22451.0,22401.0
2023-03-05,22432.0,22448.0,22346.0,22383.0
2023-03-06,22417.0,22413.0,22475.0,22337.0
2023-03-07,22271.0,22244.0,22142.0,22069.0
2023-03-08,21701.0,21718.0,21739.0,21667.0
2023-03-09,20330.0,20122.0,19877.0,19763.0
2023-03-10,20263.0,20337.0,20409.0,20188.0
2023-03-11,20601.0,20614.0,20603.0,20593.0
2023-03-12,22157.0,22643.0,22438.0,22166.0
2023-03-13,24164.0,24285.0,24535.0,24866.0
2023-03-14,24747.0,24785.0,24916.0,24859.0
2023-03-15,24416.0,24298.0,24343.0,24908.0
2023-03-16,25041.0,24977.0,25799.0,26984.0
2023-03-17,27476.0,27685.0,27396.0,27534.0
2023-03-18,27031.0,27153.0,27221.0,27259.0
2023-03-19,28048.0,27913.0,27525.0,28296.0
2023-03-20,27843.0,27938.0,28002.0,28139.0
2023-03-21,28186.0,28111.0,28275.0,28189.0
2023-03-22,27351.0,27384.0,27360.0,27680.0
2023-03-23,28346.0,28250.0,28177.0,27650.0
2023-03-24,27487.0,27593.0,27571.0,27490.0
2023-03-25,27490.0,27569.0,27545.0,27903.0
2023-03-26,27994.0,28022.0,27935.0,27916.0
2023-03-27,27129.0,26967.0,26976.0,27071.0
2023-03-28,27300.0,27291.0,27583.0,28351.0
2023-03-29,28333.0,28341.0,28600.0,28656.0
2023-03-30,28065.0,28259.0,28193.0,27943.0
2023-03-31,28464.0,28450.0,28595.0,28389.0
2023-04-01,28472.0,28380.0,28397.0,28367.0
2023-04-02,28175.0,28129.0,27714.0,28266.0
2023-04-03,27778.0,27775.0,27842.0,28295.0
2023-04-04,28169.0,28692.0,28515.0,28562.0
2023-04-05,28175.0,28002.0,28080.0,27951.0
2023-04-06,28051.0,28113.0,28037.0,27855.0
2023-04-07,27929.0,27908.0,28006.0,28042.0
2023-04-08,27963.0,28060.0,28066.0,27953.0
2023-04-09,28333.0,28402.0,28259.0,28328.0
2023-04-10,29647.0,29955.0,30124.0,30080.0
2023-04-11,30293.0,30276.0,30019.0,30042.0
2023-04-12,29930.0,30016.0,30090.0,30192.0
2023-04-13,30408.0,30777.0,30743.0,30833.0
2023-04-14,30477.0,30403.0,30388.0,30423.0
2023-04-15,30328.0,30311.0,30332.0,30260.0
2023-04-16,30318.0,29872.0,30002.0,29601.0
2023-04-17,29451.0,29372.0,29514.0,30387.0
2023-04-18,30365.0,30329.0,30211.0,29324.0
2023-04-19,28831.0,28935.0,28890.0,28617.0
2023-04-20,28278.0,28284.0,28241.0,28059.0
2023-04-21,27266.0,27223.0,27350.0,27291.0
2023-04-22,27813.0,27547.0,27620.0,27646.0
2023-04-23,27578.0,27809.0,27704.0,27540.0
2023-04-24,27519.0,27459.0,27404.0,27387.0
2023-04-25,28285.0,28311.0,28333.0,28956.0
2023-04-26,28406.0,29258.0,29123.0,28947.0
2023-04-27,29492.0,29566.0,29507.0,29255.0
2023-04-28,29347.0,29272.0,29389.0,29350.0
2023-04-29,29247.0,29151.0,29234.0,29220.0
2023-04-30,29310.0,29320.0,28563.0,28524.0
2023-05-01,28018.0,28058.0,27922.0,28082.0
2023-05-02,28664.0,28523.0,28525.0,28563.0
2023-05-03,29064.0,29055.0,29111.0,29171.0
2023-05-04,28861.0,28947.0,29250.0,29156.0
2023-05-05,29533.0,29703.0,29389.0,29305.0
2023-05-06,28928.0,29002.0,28901.0,28885.0
2023-05-07,28510.0,28608.0,28160.0,27965.0
2023-05-08,27675.0,27601.0,27633.0,27693.0
2023-05-09,27648.0,27757.0,27700.0,27686.0
2023-05-10,27610.0,27537.0,27515.0,27423.0
2023-05-11,26988.0,27043.0,26670.0,26359.0
2023-05-12,26792.0,26840.0,26807.0,26842.0
2023-05-13,26782.0,26762.0,26833.0,26817.0
2023-05-14,26942.0,26813.0,27297.0,27343.0
2023-05-15,27171.0,27212.0,27120.0,27065.0
2023-05-16,27027.0,27101.0,27076.0,26633.0
2023-05-17,27399.0,27360.0,27308.0,27402.0
2023-05-18,26821.0,26891.0,26875.0,26862.0
2023-05-19,26892.0,26856.0,26878.0,26891.0
2023-05-20,27106.0,27252.0,27138.0,26838.0
2023-05-21,26770.0,26663.0,26701.0,26832.0
2023-05-22,26855.0,26818.0,27384.0,27335.0
2023-05-23,27214.0,27161.0,26801.0,26735.0
2023-05-24,26349.0,26237.0,26226.0,26295.0
2023-05-25,26486.0,26469.0,26436.0,26467.0
2023-05-26,26704.0,26665.0,26769.0,26708.0
2023-05-27,26861.0,27085.0,27177.0,27166.0
2023-05-28,28143.0,28194.0,27951.0,27920.0
2023-05-29,27761.0,27724.0,27785.0,28043.0
2023-05-30,27696.0,27758.0,27278.0,27103.0
2023-05-31,27243.0,27078.0,26814.0,26895.0
2023-06-01,26817.0,26786.0,27078.0,27138.0
2023-06-02,27233.0,27178.0,27170.0,27145.0
2023-06-03,27070.0,27018.0,27061.0,27205.0
2023-06-04,27106.0,27033.0,26847.0,26777.0
2023-06-05,25750.0,25703.0,25805.0,25694.0
2023-06-06,27209.0,27199.0,26946.0,26898.0
2023-06-07,26349.0,26394.0,26401.0,26438.0
2023-06-08,26517.0,26467.0,26494.0,26615.0
2023-06-09,26485.0,26463.0,25783.0,25749.0
2023-06-10,25849.0,25768.0,25747.0,25815.0
2023-06-11,25939.0,25979.0,25819.0,25997.0
2023-06-12,25914.0,25867.0,26055.0,26193.0
2023-06-13,25931.0,25982.0,25980.0,25979.0
2023-06-14,25091.0,25199.0,25011.0,24968.0
2023-06-15,25531.0,25476.0,25505.0,25449.0
2023-06-16,26325.0,26306.0,26341.0,26492.0
2023-06-17,26514.0,26443.0,26528.0,26496.0
2023-06-18,26352.0,26362.0,26424.0,26439.0
2023-06-19,26809.0,26982.0,26959.0,26881.0
2023-06-20,28292.0,28419.0,28787.0,28940.0
2023-06-21,30010.0,30144.0,30357.0,29933.0
2023-06-22,29922.0,30022.0,30011.0,30154.0
2023-06-23,30665.0,30506.0,30725.0,30694.0
2023-06-24,30542.0,30533.0,30901.0,30721.0
2023-06-25,30459.0,30417.0,30252.0,30327.0
2023-06-26,30264.0,30356.0,30354.0,30726.0
2023-06-27,30682.0,30618.0,30486.0,30314.0
2023-06-28,30096.0,30077.0,30214.0,30664.0
2023-06-29,30452.0,30442.0,30840.0,30906.0
2023-06-30,30477.0,30474.0,30387.0,30523.0
2023-07-01,30586.0,30578.0,30531.0,30538.0
2023-07-02,30612.0,30642.0,30674.0,30624.0
2023-07-03,31149.0,31122.0,31057.0,31074.0
2023-07-04,30786.0,30758.0,30836.0,30406.0
2023-07-05,30484.0,30419.0,30463.0,30850.0
2023-07-06,29827.0,30056.0,30091.0,30125.0
2023-07-07,30331.0,30296.0,30237.0,30200.0
2023-07-08,30280.0,30343.0,30291.0,30280.0
2023-07-09,30147.0,30097.0,30119.0,30238.0
2023-07-10,30406.0,30429.0,30448.0,30414.0
2023-07-11,30618.0,30513.0,30643.0,30779.0
2023-07-12,30385.0,30359.0,30294.0,30546.0
2023-07-13,31461.0,31461.0,31408.0,31220.0
2023-07-14,30315.0,30350.0,30309.0,30323.0
2023-07-15,30306.0,30312.0,30169.0,30319.0
2023-07-16,30219.0,30228.0,30308.0,30175.0
2023-07-17,30135.0,30179.0,30123.0,29888.0
2023-07-18,29868.0,30064.0,30108.0,30012.0
2023-07-19,29925.0,30006.0,29965.0,30289.0
2023-07-20,29798.0,29788.0,29863.0,29779.0
2023-07-21,29913.0,29990.0,29886.0,29896.0
2023-07-22,29788.0,29778.0,29910.0,29894.0
2023-07-23,30077.0,30011.0,29794.0,29264.0
2023-07-24,29176.0,29113.0,29085.0,29122.0
2023-07-25,29216.0,29166.0,29199.0,29171.0
2023-07-26,29347.0,29354.0,29480.0,29505.0
2023-07-27,29210.0,29277.0,29254.0,29202.0
2023-07-28,29297.0,29325.0,29385.0,29269.0
2023-07-29,29360.0,29345.0,29327.0,29313.0
2023-07-30,29280.0,29460.0,29401.0,29393.0
2023-07-31,29229.0,29285.0,28857.0,28847.0
2023-08-01,29751.0,29807.0,29660.0,29551.0
2023-08-02,29147.0,29157.0,29114.0,29118.0
2023-08-03,29195.0,29213.0,29175.0,29143.0
2023-08-04,29077.0,29078.0,29012.0,29014.0
2023-08-05,29043.0,29044.0,29044.0,29043.0
2023-08-06,29045.0,29010.0,29134.0,29040.0
2023-08-07,29188.0,29219.0,29186.0,29404.0
2023-08-08,29805.0,29772.0,29754.0,29875.0
2023-08-09,29553.0,29601.0,29520.0,29473.0
2023-08-10,29420.0,29454.0,29377.0,29409.0
2023-08-11,29394.0,29430.0,29387.0,29403.0
2023-08-12,29415.0,29430.0,29378.0,29363.0
2023-08-13,29268.0,29239.0,29381.0,29379.0
2023-08-14,29399.0,29409.0,29342.0,29328.0
2023-08-15,29175.0,29192.0,29171.0,29132.0
2023-08-16,28733.0,28552.0,28615.0,28503.0
2023-08-17,26666.0,26741.0,26261.0,26478.0
2023-08-18,26066.0,26093.0,25986.0,25898.0
2023-08-19,26081.0,26181.0,26122.0,26179.0
2023-08-20,26184.0,26139.0,26055.0,26026.0
2023-08-21,26133.0,26097.0,26009.0,26047.0
2023-08-22,26099.0,26029.0,26044.0,25926.0
2023-08-23,26447.0,26509.0,26455.0,26436.0
2023-08-24,26172.0,26130.0,26023.0,26091.0
2023-08-25,26044.0,26034.0,26061.0,26030.0
2023-08-26,25998.0,25992.0,26024.0,26053.0
2023-08-27,26058.0,26021.0,26014.0,25984.0
2023-08-28,26094.0,26124.0,26033.0,25961.0
2023-08-29,27733.0,27631.0,27441.0,27341.0
2023-08-30,27293.0,27220.0,27253.0,27307.0
2023-08-31,25954.0,26035.0,26033.0,26039.0
2023-09-01,25796.0,25783.0,25769.0,25810.0
2023-09-02,25863.0,25865.0,25878.0,25938.0
2023-09-03,25950.0,25906.0,25981.0,25882.0
2023-09-04,25820.0,25760.0,25682.0,25762.0
2023-09-05,25769.0,25793.0,25745.0,25722.0
2023-09-06,25749.0,25743.0,25807.0,25692.0
2023-09-07,26237.0,26360.0,26342.0,25829.0
2023-09-08,25900.0,25863.0,25864.0,25859.0
2023-09-09,25891.0,25867.0,25825.0,25797.0
2023-09-10,25837.0,25721.0,25770.0,25595.0
2023-09-11,25157.0,25199.0,25747.0,26086.0
2023-09-12,25785.0,25917.0,25926.0,26186.0
2023-09-13,26207.0,26522.0,26218.0,26450.0
2023-09-14,26522.0,26492.0,26644.0,26427.0
2023-09-15,26583.0,26642.0,26562.0,26520.0
2023-09-16,26565.0,26480.0,26561.0,26577.0
2023-09-17,26534.0,26480.0,26632.0,27206.0
2023-09-18,26778.0,26689.0,26865.0,27235.0
2023-09-19,27201.0,27219.0,27082.0,27106.0
2023-09-20,27112.0,27042.0,27098.0,26732.0
2023-09-21,26592.0,26642.0,26646.0,26640.0
2023-09-22,26592.0,26607.0,26547.0,26578.0
2023-09-23,26577.0,26574.0,26573.0,26600.0
2023-09-24,26213.0,26244.0,26143.0,26067.0
2023-09-25,26290.0,26260.0,26340.0,26266.0
2023-09-26,26225.0,26244.0,26235.0,26749.0
2023-09-27,26353.0,26429.0,26426.0,26454.0
2023-09-28,27015.0,27070.0,26972.0,26968.0
2023-09-29,26899.0,26938.0,26927.0,26937.0
2023-09-30,26961.0,26998.0,27049.0,27200.0
2023-10-01,27981.0,27932.0,28072.0,28216.0
2023-10-02,27518.0,27436.0,27632.0,27565.0
2023-10-03,27412.0,27315.0,27404.0,27577.0
2023-10-04,27758.0,27816.0,27690.0,27732.0
2023-10-05,27426.0,27461.0,27531.0,27768.0
2023-10-06,27959.0,27937.0,27933.0,27957.0
2023-10-07,27970.0,27983.0,27962.0,27827.0
2023-10-08,27924.0,27850.0,27947.0,27493.0
2023-10-09,27601.0,27569.0,27609.0,27518.0
2023-10-10,27396.0,27466.0,27130.0,27198.0
2023-10-11,26845.0,26798.0,26816.0,26831.0
2023-10-12,26748.0,26825.0,26799.0,26810.0
2023-10-13,26884.0,26895.0,26908.0,26868.0
2023-10-14,26847.0,26853.0,26888.0,26859.0
2023-10-15,27177.0,27137.0,27259.0,27756.0
2023-10-16,28558.0,28297.0,28200.0,28437.0
2023-10-17,28424.0,28392.0,28735.0,28363.0
2023-10-18,28311.0,28394.0,28290.0,28455.0
2023-10-19,28777.0,28659.0,29331.0,29863.0
2023-10-20,29692.0,29648.0,29569.0,29807.0
2023-10-21,29906.0,29984.0,29972.0,29925.0
2023-10-22,29967.0,30131.0,30683.0,30673.0
2023-10-23,33033.0,33525.0,34401.0,34537.0
2023-10-24,33937.0,34026.0,34198.0,34208.0
2023-10-25,34487.0,34676.0,34703.0,34117.0
2023-10-26,34148.0,34028.0,34104.0,34047.0
2023-10-27,33906.0,33904.0,34094.0,34184.0
2023-10-28,34074.0,34081.0,34028.0,34266.0
2023-10-29,34565.0,34477.0,34330.0,34622.0
2023-10-30,34486.0,34525.0,34252.0,34510.0
2023-10-31,34621.0,34528.0,34452.0,34419.0
2023-11-01,35499.0,35451.0,35498.0,35395.0
2023-11-02,34865.0,34514.0,34421.0,34258.0
2023-11-03,34710.0,34716.0,34687.0,34730.0
2023-11-04,35103.0,35013.0,35184.0,35099.0
2023-11-05,34975.0,35079.0,34897.0,35251.0
2023-11-06,35019.0,34941.0,34909.0,34635.0
2023-11-07,35368.0,35386.0,35364.0,35344.0
2023-11-08,35602.0,35876.0,36744.0,36824.0
2023-11-09,36662.0,36500.0,36781.0,37065.0
2023-11-10,37350.0,37323.0,37094.0,37031.0
2023-11-11,37154.0,36917.0,37024.0,37077.0
2023-11-12,37051.0,37130.0,36962.0,36846.0
2023-11-13,36458.0,36263.0,36516.0,36294.0
2023-11-14,35587.0,35506.0,35579.0,36242.0
2023-11-15,37859.0,37794.0,37453.0,37254.0
2023-11-16,36138.0,36376.0,36438.0,36379.0
2023-11-17,36584.0,36419.0,36398.0,36416.0
2023-11-18,36565.0,36491.0,36556.0,36487.0
2023-11-19,37354.0,37320.0,37228.0,37193.0
2023-11-20,37452.0,37419.0,37416.0,37184.0
2023-11-21,35891.0,36120.0,36440.0,36478.0
2023-11-22,37463.0,37327.0,37357.0,37372.0
2023-11-23,37329.0,37304.0,37362.0,37763.0
2023-11-24,37741.0,37759.0,37811.0,37678.0
2023-11-25,37803.0,37764.0,37788.0,37706.0
2023-11-26,37467.0,37506.0,37383.0,37040.0
2023-11-27,37248.0,37267.0,37002.0,37251.0
2023-11-28,37790.0,37940.0,37956.0,38129.0
2023-11-29,37830.0,37788.0,37988.0,37896.0
2023-11-30,37697.0,37687.0,38216.0,38608.0
2023-12-01,38725.0,38733.0,38830.0,38758.0
2023-12-02,39459.0,39524.0,39374.0,39497.0
2023-12-03,40016.0,40209.0,40894.0,41617.0
2023-12-04,41828.0,41919.0,41784.0,41730.0
2023-12-05,44110.0,44144.0,43738.0,43841.0
2023-12-06,43732.0,43831.0,43958.0,43189.0
2023-12-07,43372.0,43407.0,43467.0,43664.0
2023-12-08,44250.0,44201.0,44247.0,43835.0
2023-12-09,43705.0,43776.0,43949.0,43747.0
2023-12-10,43791.0,43639.0,42157.0,42339.0
2023-12-11,41214.0,41699.0,41381.0,41573.0
2023-12-12,41417.0,41393.0,40893.0,40985.0
2023-12-13,42850.0,42796.0,42718.0,43268.0
2023-12-14,42969.0,42895.0,42814.0,42780.0
2023-12-15,41957.0,41881.0,42274.0,42295.0
2023-12-16,42250.0,42117.0,41961.0,41923.0
2023-12-17,41389.0,41334.0,41161.0,41067.0
2023-12-18,42612.0,42746.0,42906.0,42962.0
2023-12-19,42250.0,42413.0,42817.0,42860.0
2023-12-20,43641.0,43580.0,43624.0,43946.0
2023-12-21,43863.0,43840.0,44124.0,43757.0
2023-12-22,44014.0,43858.0,43534.0,43573.0
2023-12-23,43710.0,43733.0,43826.0,43660.0
2023-12-24,43074.0,42939.0,43115.0,43201.0
2023-12-25,43605.0,43471.0,43454.0,42676.0
2023-12-26,42492.0,42356.0,42298.0,43020.0
2023-12-27,43458.0,43586.0,43347.0,43068.0
2023-12-28,42666.0,42439.0,42676.0,42887.0
2023-12-29,42039.0,42102.0,41993.0,41892.0
2023-12-30,42206.0,42341.0,42221.0,42501.0
2023-12-31,42375.0,42470.0,42388.0,42682.0
2024-01-01,44266.0,45098.0,45236.0,45467.0
2024-01-02,44970.0,45161.0,45205.0,43739.0
2024-01-03,42852.0,42903.0,43185.0,43226.0
2024-01-04,44220.0,44266.0,43625.0,43811.0
2024-01-05,44177.0,44108.0,43886.0,43701.0
2024-01-06,44003.0,44144.0,44020.0,44084.0
2024-01-07,43965.0,43660.0,43618.0,44652.0
2024-01-08,47091.0,46706.0,46826.0,46662.0
2024-01-09,46076.0,45880.0,45986.0,45532.0
2024-01-10,46595.0,46689.0,46421.0,47063.0
2024-01-11,46334.0,46297.0,45957.0,45958.0
2024-01-12,42817.0,42792.0,42834.0,42614.0
2024-01-13,42828.0,42685.0,42575.0,42805.0
2024-01-14,41817.0,42257.0,42582.0,42671.0
2024-01-15,42507.0,42572.0,42759.0,42864.0
2024-01-16,43131.0,43085.0,42841.0,42649.0
2024-01-17,42724.0,42624.0,42626.0,42492.0
2024-01-18,41307.0,41253.0,41044.0,41438.0
2024-01-19,41582.0,41451.0,41578.0,41548.0
2024-01-20,41675.0,41624.0,41649.0,41702.0
2024-01-21,41581.0,41628.0,40763.0,40774.0
2024-01-22,39548.0,39832.0,40025.0,38807.0
2024-01-23,39899.0,40155.0,39621.0,40190.0
2024-01-24,40056.0,40155.0,39942.0,40155.0
2024-01-25,39930.0,39875.0,40123.0,41257.0
2024-01-26,41779.0,41787.0,41829.0,41753.0
2024-01-27,42121.0,41989.0,42722.0,42476.0
2024-01-28,41947.0,41968.0,42206.0,42220.0
2024-01-29,43190.0,43171.0,43415.0,43530.0
2024-01-30,43006.0,42932.0,42945.0,42615.0
2024-01-31,42571.0,42448.0,42034.0,42039.0
2024-02-01,43058.0,43155.0,42946.0,43131.0
2024-02-02,43153.0,43213.0,43173.0,42976.0
2024-02-03,42987.0,42999.0,42907.0,43043.0
2024-02-04,42568.0,42347.0,42707.0,43156.0
2024-02-05,42649.0,42551.0,42776.0,42788.0
2024-02-06,43113.0,43078.0,42907.0,42905.0
2024-02-07,44418.0,44672.0,44475.0,44696.0
2024-02-08,45367.0,45309.0,45954.0,47180.0
2024-02-09,47218.0,47106.0,47443.0,47205.0
2024-02-10,47720.0,47754.0,48322.0,48433.0
2024-02-11,48275.0,48617.0,48083.0,47908.0
2024-02-12,49973.0,50130.0,49916.0,49998.0
2024-02-13,49703.0,49525.0,49411.0,51575.0
2024-02-14,51888.0,52374.0,52190.0,52378.0
2024-02-15,51935.0,51968.0,52162.0,52242.0
2024-02-16,52163.0,52035.0,52038.0,51710.0
2024-02-17,51643.0,51698.0,51582.0,51838.0
2024-02-18,52146.0,52194.0,52105.0,52348.0
2024-02-19,51806.0,51648.0,51786.0,52300.0
2024-02-20,52314.0,52188.0,51954.0,50964.0
2024-02-21,51777.0,51539.0,51429.0,51606.0
2024-02-22,51247.0,51423.0,51204.0,51208.0
2024-02-23,50743.0,50884.0,50947.0,51114.0
2024-02-24,51564.0,51482.0,51613.0,51644.0
2024-02-25,51695.0,51675.0,51538.0,51081.0
2024-02-26,54620.0,54595.0,55761.0,56567.0
2024-02-27,57070.0,57045.0,57247.0,58994.0
2024-02-28,62180.0,61403.0,62469.0,62943.0
2024-02-29,61161.0,61524.0,61528.0,61907.0
2024-03-01,62430.0,62348.0,62115.0,61916.0
2024-03-02,61996.0,61787.0,62042.0,61861.0
2024-03-03,63114.0,63494.0,63657.0,65246.0
2024-03-04,68389.0,68147.0,67367.0,66701.0
2024-03-05,63685.0,63514.0,64654.0,67329.0
2024-03-06,66042.0,66266.0,65872.0,66928.0
2024-03-07,66976.0,67182.0,67157.0,67800.0
2024-03-08,68253.0,68267.0,68433.0,68441.0
2024-03-09,68475.0,68502.0,69545.0,69709.0
2024-03-10,68874.0,68151.0,68575.0,71585.0
2024-03-11,72292.0,72027.0,71822.0,72047.0
2024-03-12,71436.0,71428.0,72234.0,73109.0
2024-03-13,72988.0,72887.0,73010.0,72934.0
2024-03-14,71530.0,71885.0,67423.0,67650.0
2024-03-15,69569.0,69612.0,69001.0,68242.0
2024-03-16,65971.0,65147.0,66314.0,66863.0
2024-03-17,68258.0,67247.0,68316.0,68207.0
2024-03-18,67787.0,67093.0,65354.0,63016.0
2024-03-19,61909.0,63182.0,61627.0,63359.0
2024-03-20,67775.0,67666.0,66731.0,67047.0
2024-03-21,65520.0,65789.0,66147.0,64233.0
2024-03-22,63733.0,63586.0,63881.0,64634.0
2024-03-23,64186.0,64536.0,64216.0,65340.0
2024-03-24,66971.0,66573.0,67503.0,66836.0
2024-03-25,69782.0,69910.0,70630.0,70700.0
2024-03-26,69994.0,70612.0,70173.0,70213.0
2024-03-27,69436.0,69641.0,69675.0,70605.0
2024-03-28,70816.0,70752.0,70374.0,70167.0
2024-03-29,69879.0,69991.0,70107.0,70218.0
2024-03-30,69666.0,69896.0,70115.0,70379.0
2024-03-31,71263.0,71182.0,70446.0,69478.0
2024-04-01,69651.0,69384.0,66672.0,65623.0
2024-04-02,65505.0,65408.0,66356.0,66099.0
2024-04-03,66029.0,66319.0,65474.0,66356.0
2024-04-04,68413.0,68653.0,67663.0,66498.0
2024-04-05,67768.0,67934.0,67778.0,67679.0
2024-04-06,68890.0,69032.0,69342.0,69374.0
2024-04-07,69252.0,69340.0,69395.0,72370.0
2024-04-08,71594.0,71422.0,71203.0,70792.0
2024-04-09,69067.0,69122.0,69123.0,69045.0
2024-04-10,70455.0,70511.0,70616.0,70007.0
2024-04-11,70140.0,70307.0,71131.0,70882.0
2024-04-12,67061.0,66952.0,67611.0,67368.0
2024-04-13,64360.0,63755.0,63987.0,64215.0
2024-04-14,65537.0,65573.0,64953.0,65934.0
2024-04-15,63481.0,63279.0,62518.0,63105.0
2024-04-16,63766.0,64059.0,64119.0,62620.0
2024-04-17,61380.0,61506.0,61645.0,62623.0
2024-04-18,63357.0,62738.0,62441.0,64927.0
2024-04-19,63860.0,63507.0,64197.0,63731.0
2024-04-20,64917.0,64793.0,65081.0,65263.0
2024-04-21,64971.0,64919.0,65766.0,65911.0
2024-04-22,66796.0,67056.0,66293.0,66064.0
2024-04-23,66559.0,66751.0,67019.0,66570.0
2024-04-24,64290.0,64555.0,64327.0,63830.0
2024-04-25,64489.0,64311.0,64201.0,64229.0
2024-04-26,63764.0,63135.0,63009.0,62813.0
2024-04-27,63483.0,63580.0,63819.0,63467.0
2024-04-28,63128.0,63249.0,62522.0,62241.0
2024-04-29,63752.0,64546.0,63379.0,61181.0
2024-04-30,60641.0,60186.0,60208.0,57831.0
2024-05-01,58497.0,57698.0,57308.0,58537.0
2024-05-02,59073.0,59049.0,59603.0,59282.0
2024-05-03,62866.0,63107.0,63081.0,63868.0
2024-05-04,63995.0,63531.0,63356.0,63878.0
2024-05-05,64096.0,64225.0,64159.0,64220.0
2024-05-06,63226.0,63548.0,63466.0,63496.0
2024-05-07,62382.0,62587.0,62519.0,62220.0
2024-05-08,61226.0,61379.0,61482.0,61040.0
2024-05-09,62915.0,62828.0,62918.0,63303.0
2024-05-10,60842.0,60773.0,60758.0,60659.0
2024-05-11,60864.0,60947.0,61081.0,61105.0
2024-05-12,61506.0,61478.0,60951.0,62718.0
2024-05-13,62879.0,62803.0,62509.0,61761.0
2024-05-14,61592.0,61411.0,61881.0,62452.0
2024-05-15,66461.0,66108.0,65835.0,66528.0
2024-05-16,65308.0,65497.0,65469.0,66221.0
2024-05-17,66964.0,66926.0,66911.0,67209.0
2024-05-18,66992.0,66924.0,67151.0,67322.0
2024-05-19,66221.0,66448.0,67119.0,67005.0
2024-05-20,71360.0,71302.0,70876.0,71120.0
2024-05-21,70136.0,70107.0,69595.0,69747.0
2024-05-22,69248.0,69468.0,69502.0,69955.0
2024-05-23,67797.0,67820.0,67672.0,67309.0
2024-05-24,68555.0,68529.0,68767.0,69106.0
2024-05-25,69251.0,69156.0,68968.0,69100.0
2024-05-26,68469.0,68775.0,68747.0,68394.0
2024-05-27,69334.0,69321.0,67751.0,68325.0
2024-05-28,68313.0,68417.0,68766.0,67695.0
2024-05-29,67641.0,67517.0,68105.0,67764.0
2024-05-30,68325.0,68446.0,68498.0,68319.0
2024-05-31,67573.0,67579.0,67629.0,67609.0
2024-06-01,67721.0,67834.0,67799.0,68203.0
2024-06-02,67680.0,67784.0,68468.0,69065.0
2024-06-03,68862.0,68989.0,69048.0,68933.0
2024-06-04,70577.0,70792.0,71171.0,70951.0
2024-06-05,71149.0,71025.0,71088.0,71145.0
2024-06-06,70743.0,70861.0,71192.0,71645.0
2024-06-07,69292.0,69365.0,69284.0,69339.0
2024-06-08,69290.0,69273.0,69308.0,69360.0
2024-06-09,69602.0,69547.0,69639.0,69445.0
2024-06-10,69537.0,69376.0,67994.0,66824.0
2024-06-11,67360.0,67196.0,67443.0,67773.0
2024-06-12,68181.0,68303.0,67322.0,67749.0
2024-06-13,66856.0,66686.0,66674.0,66980.0
2024-06-14,66013.0,66150.0,66199.0,66269.0
2024-06-15,66160.0,66138.0,66122.0,66449.0
2024-06-16,66583.0,66539.0,66407.0,65756.0
2024-06-17,66496.0,65745.0,65568.0,65339.0
2024-06-18,65099.0,65110.0,65432.0,65190.0
2024-06-19,64842.0,65065.0,65267.0,66138.0
2024-06-20,64906.0,64800.0,64627.0,63717.0
2024-06-21,64161.0,64027.0,64321.0,64232.0
2024-06-22,64248.0,64452.0,64358.0,64290.0
2024-06-23,63128.0,63030.0,62807.0,61276.0
2024-06-24,60276.0,60368.0,61350.0,61156.0
2024-06-25,61734.0,61759.0,61708.0,61427.0
2024-06-26,60828.0,60931.0,61035.0,61134.0
2024-06-27,61577.0,61497.0,61678.0,61609.0
2024-06-28,60315.0,60643.0,60671.0,60999.0
2024-06-29,60874.0,60922.0,60680.0,61434.0
2024-06-30,62630.0,62851.0,63215.0,62586.0
2024-07-01,62840.0,62852.0,62978.0,62739.0
2024-07-02,62075.0,62010.0,60793.0,60309.0
2024-07-03,60180.0,60370.0,58936.0,57723.0
2024-07-04,56784.0,57338.0,53921.0,55476.0
2024-07-05,56528.0,56611.0,56068.0,56774.0
2024-07-06,58199.0,57968.0,57602.0,57450.0
2024-07-07,55738.0,55098.0,55480.0,57143.0
2024-07-08,56638.0,56527.0,57307.0,57432.0
2024-07-09,57924.0,57494.0,59350.0,58484.0
2024-07-10,57615.0,57619.0,57765.0,58789.0
2024-07-11,57296.0,57176.0,57024.0,57208.0
2024-07-12,57872.0,57856.0,57800.0,58546.0
2024-07-13,59331.0,59776.0,59975.0,60117.0
2024-07-14,60892.0,61237.0,62635.0,62474.0
2024-07-15,64883.0,64655.0,64533.0,63763.0
2024-07-16,65106.0,65548.0,65867.0,64719.0
2024-07-17,64162.0,64445.0,64574.0,64763.0
2024-07-18,63908.0,63598.0,64137.0,64095.0
2024-07-19,66749.0,66466.0,66697.0,66519.0
2024-07-20,67136.0,67096.0,67074.0,66897.0
2024-07-21,68185.0,68207.0,67929.0,67526.0
2024-07-22,67569.0,67509.0,66935.0,66691.0
2024-07-23,65998.0,65791.0,65859.0,66380.0
2024-07-24,65449.0,65508.0,64205.0,64093.0
2024-07-25,65827.0,66383.0,67072.0,67299.0
2024-07-26,67876.0,67884.0,67870.0,68233.0
2024-07-27,67572.0,67960.0,67340.0,67833.0
2024-07-28,68199.0,68726.0,69337.0,69577.0
2024-07-29,66745.0,66598.0,66798.0,66572.0
2024-07-30,66082.0,66341.0,65784.0,66067.0
2024-07-31,64688.0,64614.0,63700.0,64643.0
2024-08-01,65410.0,64849.0,64466.0,64607.0
2024-08-02,61479.0,61097.0,61489.0,61881.0
2024-08-03,60701.0,60706.0,60544.0,60873.0
2024-08-04,58280.0,56098.0,53540.0,51344.0
2024-08-05,54189.0,56052.0,55527.0,55243.0
2024-08-06,55939.0,56282.0,57091.0,56994.0
2024-08-07,55206.0,55311.0,56781.0,57337.0
2024-08-08,61653.0,61238.0,60737.0,60668.0
2024-08-09,60737.0,60563.0,60427.0,60936.0
2024-08-10,60969.0,61121.0,60922.0,60697.0
2024-08-11,58800.0,58460.0,58508.0,59887.0
2024-08-12,59456.0,59795.0,59239.0,58851.0
2024-08-13,60472.0,60813.0,60964.0,61303.0
2024-08-14,58738.0,59000.0,58396.0,58747.0
2024-08-15,57507.0,57469.0,58307.0,58418.0
2024-08-16,58914.0,59189.0,59228.0,59143.0
2024-08-17,59490.0,59692.0,59463.0,60022.0
2024-08-18,58406.0,58362.0,58574.0,58402.0
2024-08-19,59469.0,60503.0,60940.0,60545.0
2024-08-20,59162.0,59005.0,59369.0,59387.0
2024-08-21,61170.0,60829.0,60831.0,61358.0
2024-08-22,60406.0,60738.0,60721.0,60736.0
2024-08-23,64136.0,64012.0,63941.0,63944.0
2024-08-24,64234.0,64202.0,64172.0,63895.0
2024-08-25,64371.0,64131.0,64033.0,63876.0
2024-08-26,62881.0,62734.0,63052.0,62410.0
2024-08-27,59337.0,59097.0,59342.0,59943.0
2024-08-28,59072.0,59221.0,59214.0,60090.0
2024-08-29,59306.0,59200.0,59011.0,59402.0
2024-08-30,59112.0,59232.0,59336.0,59114.0
2024-08-31,58972.0,58923.0,58438.0,58217.0
2024-09-01,57334.0,57467.0,57449.0,58429.0
2024-09-02,59104.0,59250.0,59070.0,59062.0
2024-09-03,57626.0,57116.0,56681.0,56568.0
2024-09-04,58007.0,58007.0,57198.0,56685.0
2024-09-05,56193.0,56167.0,56631.0,55986.0
2024-09-06,53966.0,53904.0,54043.0,54324.0
2024-09-07,54118.0,54134.0,54478.0,54554.0
2024-09-08,54784.0,55045.0,54859.0,55267.0
2024-09-09,56975.0,56992.0,56613.0,57233.0
2024-09-10,57625.0,57652.0,56530.0,56787.0
2024-09-11,57382.0,57639.0,58193.0,58059.0
2024-09-12,58159.0,58033.0,57859.0,57868.0
2024-09-13,60614.0,60465.0,60221.0,59729.0
2024-09-14,60028.0,60043.0,60142.0,60019.0
2024-09-15,59197.0,58682.0,58345.0,58666.0
2024-09-16,58263.0,57639.0,58242.0,59108.0
2024-09-17,60317.0,60239.0,60427.0,59853.0
2024-09-18,61880.0,62242.0,62100.0,62666.0
2024-09-19,62936.0,62769.0,63844.0,63464.0
2024-09-20,63177.0,63202.0,62871.0,63095.0
2024-09-21,63372.0,63238.0,63105.0,62791.0
2024-09-22,63462.0,63603.0,63927.0,63402.0
2024-09-23,63380.0,62901.0,63066.0,63466.0
2024-09-24,64219.0,64136.0,64197.0,63837.0
2024-09-25,63137.0,62878.0,63415.0,64387.0
2024-09-26,65071.0,65244.0,65310.0,65451.0
2024-09-27,65827.0,65903.0,66027.0,65798.0
2024-09-28,65867.0,65671.0,65752.0,65699.0
2024-09-29,65502.0,65471.0,64453.0,63828.0
2024-09-30,63314.0,63516.0,63794.0,63728.0
2024-10-01,60799.0,61018.0,61467.0,61183.0
2024-10-02,60599.0,60885.0,61345.0,60753.0
2024-10-03,60756.0,60516.0,61002.0,61436.0
2024-10-04,62194.0,62158.0,61943.0,62176.0
2024-10-05,61999.0,61917.0,61882.0,62101.0
2024-10-06,62840.0,63665.0,63460.0,63128.0
2024-10-07,62288.0,62527.0,62670.0,62594.0
2024-10-08,62072.0,62112.0,62302.0,62145.0
2024-10-09,60560.0,60387.0,60822.0,61189.0
2024-10-10,60246.0,60150.0,60656.0,61138.0
2024-10-11,62564.0,62859.0,62569.0,62925.0
2024-10-12,63254.0,63178.0,62806.0,62528.0
2024-10-13,62808.0,62500.0,64112.0,64870.0
2024-10-14,66070.0,65914.0,65551.0,65365.0
2024-10-15,67030.0,66876.0,67034.0,67891.0
2024-10-16,67702.0,67683.0,67238.0,66859.0
2024-10-17,67376.0,67209.0,67707.0,67657.0
2024-10-18,68466.0,68323.0,68347.0,68093.0
2024-10-19,68379.0,68226.0,68220.0,68412.0
2024-10-20,68981.0,69139.0,69007.0,68208.0
2024-10-21,67354.0,67115.0,67457.0,67246.0
2024-10-22,67356.0,67131.0,67159.0,66349.0
2024-10-23,66576.0,67362.0,67308.0,67181.0
2024-10-24,68198.0,67953.0,67698.0,68054.0
2024-10-25,66545.0,66674.0,66867.0,67056.0
2024-10-26,67000.0,66925.0,67061.0,67042.0
2024-10-27,67948.0,67770.0,67660.0,68679.0
2024-10-28,69823.0,69911.0,71027.0,71421.0
2024-10-29,72641.0,72240.0,72252.0,71969.0
2024-10-30,72348.0,72131.0,72249.0,72210.0
2024-10-31,70230.0,70062.0,69515.0,69961.0
2024-11-01,69573.0,69655.0,69556.0,69581.0
2024-11-02,69296.0,69147.0,68559.0,68348.0
2024-11-03,68619.0,68669.0,69095.0,68740.0
2024-11-04,67810.0,67975.0,68272.0,68772.0
2024-11-05,69504.0,71118.0,74282.0,74303.0
2024-11-06,75659.0,75402.0,74809.0,74757.0
2024-11-07,75972.0,76074.0,75922.0,76023.0
2024-11-08,76496.0,76491.0,76427.0,76526.0
2024-11-09,76569.0,76942.0,79109.0,79915.0
2024-11-10,80536.0,80612.0,81526.0,82230.0
2024-11-11,88334.0,89080.0,88580.0,87251.0
2024-11-12,88251.0,88172.0,87311.0,87801.0
2024-11-13,90350.0,90255.0,90173.0,91561.0
2024-11-14,87705.0,87903.0,87486.0,89759.0
2024-11-15,91169.0,91059.0,91333.0,91195.0
2024-11-16,90691.0,90844.0,90569.0,90688.0
2024-11-17,89787.0,89959.0,90461.0,90272.0
2024-11-18,90489.0,91073.0,91575.0,91720.0
2024-11-19,92374.0,92187.0,92200.0,93568.0
2024-11-20,94356.0,94840.0,97592.0,97989.0
2024-11-21,98439.0,98087.0,98907.0,98951.0
2024-11-22,98902.0,98783.0,98698.0,98554.0
2024-11-23,97802.0,98026.0,98308.0,97403.0
2024-11-24,97843.0,97956.0,97910.0,98290.0
2024-11-25,93010.0,93796.0,94322.0,92346.0
2024-11-26,91774.0,91901.0,92559.0,93377.0
2024-11-27,95941.0,96658.0,95839.0,95501.0
2024-11-28,95616.0,95535.0,96285.0,97293.0
2024-11-29,97357.0,97072.0,96761.0,96290.0
2024-11-30,96562.0,96370.0,96531.0,97176.0
2024-12-01,97255.0,97551.0,96768.0,95143.0
2024-12-02,95863.0,95831.0,95934.0,95005.0
2024-12-03,95982.0,95813.0,96058.0,96253.0
2024-12-04,98713.0,98486.0,103401.0,102644.0
2024-12-05,96667.0,97587.0,97934.0,98153.0
2024-12-06,99994.0,100447.0,99658.0,99730.0
2024-12-07,99993.0,100052.0,99839.0,99762.0
2024-12-08,101044.0,99687.0,99442.0,98066.0
2024-12-09,97079.0,97904.0,97074.0,97815.0
2024-12-10,96740.0,96464.0,97580.0,98321.0
2024-12-11,101155.0,100838.0,100730.0,100366.0
2024-12-12,100098.0,100102.0,99999.0,100378.0
2024-12-13,101416.0,101212.0,101688.0,101586.0
2024-12-14,101466.0,101440.0,102305.0,102651.0
2024-12-15,104573.0,105387.0,104656.0,103716.0
2024-12-16,106051.0,106045.0,106516.0,106844.0
2024-12-17,106129.0,106110.0,103880.0,105010.0
2024-12-18,100536.0,100719.0,100604.0,102385.0
2024-12-19,97586.0,97162.0,97216.0,92600.0
2024-12-20,97669.0,97564.0,97565.0,98240.0
2024-12-21,97133.0,97200.0,96034.0,97045.0
2024-12-22,95041.0,94319.0,95743.0,95811.0
2024-12-23,94615.0,94458.0,94265.0,94281.0
2024-12-24,98526.0,98372.0,98158.0,97837.0
2024-12-25,99721.0,98954.0,98221.0,95584.0
2024-12-26,95719.0,95652.0,96165.0,96841.0
2024-12-27,94280.0,94264.0,94384.0,94611.0
2024-12-28,95008.0,94977.0,94911.0,94886.0
2024-12-29,93412.0,93373.0,93110.0,93750.0
2024-12-30,92556.0,92255.0,92314.0,94088.0
2024-12-31,93450.0,94211.0,93355.0,93278.0
2025-01-01,94294.0,94900.0,95509.0,96618.0
2025-01-02,96882.0,96740.0,96727.0,96690.0
2025-01-03,98174.0,97916.0,97967.0,97882.0
2025-01-04,98182.0,98209.0,98332.0,97620.0
2025-01-05,98437.0,98201.0,99427.0,99221.0
2025-01-06,102163.0,102095.0,101698.0,100855.0
2025-01-07,96749.0,97247.0,96259.0,95104.0
2025-01-08,94940.0,95101.0,94387.0,93414.0
2025-01-09,92580.0,92741.0,93832.0,95092.0
2025-01-10,94664.0,94578.0,94046.0,94574.0
2025-01-11,94566.0,94415.0,94546.0,94201.0
2025-01-12,94506.0,95288.0,94506.0,90775.0
2025-01-13,94484.0,94452.0,95087.0,96500.0
2025-01-14,96483.0,96892.0,97154.0,96728.0
2025-01-15,100500.0,99873.0,99602.0,99135.0
2025-01-16,100017.0,100127.0,101467.0,102244.0
2025-01-17,104252.0,104698.0,103557.0,103521.0
2025-01-18,104289.0,104039.0,104902.0,104171.0
2025-01-19,100724.0,99679.0,102120.0,108099.0
2025-01-20,101666.0,101038.0,102190.0,103673.0
2025-01-21,106006.0,105970.0,105578.0,105049.0
2025-01-22,103663.0,103262.0,101994.0,101904.0
2025-01-23,103866.0,103442.0,104614.0,105421.0
2025-01-24,104753.0,104417.0,104624.0,104656.0
2025-01-25,104779.0,104589.0,105151.0,104809.0
2025-01-26,102850.0,101635.0,100360.0,98750.0
2025-01-27,102498.0,101901.0,102902.0,102779.0
2025-01-28,101336.0,101676.0,101979.0,102585.0
2025-01-29,103700.0,104037.0,105469.0,105295.0
2025-01-30,104866.0,104898.0,103997.0,104752.0
2025-01-31,102277.0,102477.0,102303.0,102005.0
2025-02-01,100577.0,101245.0,99532.0,98796.0
2025-02-02,97282.0,96480.0,92831.0,95176.0
2025-02-03,101557.0,101198.0,100150.0,99056.0
2025-02-04,98010.0,98332.0,98075.0,98271.0
2025-02-05,96794.0,96840.0,97627.0,98931.0
2025-02-06,96754.0,96520.0,97458.0,97766.0
2025-02-07,96485.0,96683.0,96299.0,96111.0
2025-02-08,96465.0,96608.0,97249.0,96607.0
2025-02-09,96794.0,96751.0,96955.0,97691.0
2025-02-10,97493.0,97821.0,98113.0,98172.0
2025-02-11,95877.0,96053.0,95524.0,96083.0
2025-02-12,97688.0,97824.0,96966.0,95926.0
2025-02-13,96633.0,96758.0,96775.0,96904.0
2025-02-14,97459.0,97458.0,97529.0,97632.0
2025-02-15,97630.0,97621.0,97541.0,97347.0
2025-02-16,96159.0,96318.0,96043.0,96066.0
2025-02-17,95873.0,95617.0,96061.0,95604.0
2025-02-18,95551.0,95297.0,95215.0,96406.0
2025-02-19,96664.0,96822.0,97223.0,97211.0
2025-02-20,98443.0,98261.0,98232.0,98656.0
2025-02-21,95979.0,96170.0,96402.0,96572.0
2025-02-22,96540.0,96666.0,96417.0,96124.0
2025-02-23,96244.0,96259.0,95295.0,95846.0
2025-02-24,91607.0,91833.0,91923.0,89211.0
2025-02-25,88456.0,88055.0,88603.0,88585.0
2025-02-26,84239.0,84605.0,85056.0,86620.0
2025-02-27,84764.0,84238.0,80313.0,80470.0
2025-02-28,84262.0,83830.0,86154.0,84600.0
2025-03-01,86022.0,85980.0,85706.0,86079.0
2025-03-02,93987.0,93284.0,92820.0,92713.0
2025-03-03,86028.0,85950.0,83354.0,83911.0
2025-03-04,87076.0,86781.0,86875.0,89829.0
2025-03-05,90691.0,90089.0,92279.0,91339.0
2025-03-06,90133.0,85493.0,87615.0,88957.0
2025-03-07,86701.0,86693.0,86417.0,85922.0
2025-03-08,86146.0,86392.0,86038.0,85003.0
2025-03-09,81237.0,81271.0,82639.0,83483.0
2025-03-10,78889.0,77655.0,79741.0,81710.0
2025-03-11,82782.0,82732.0,81767.0,82983.0
2025-03-12,83783.0,83432.0,83281.0,82957.0
2025-03-13,80961.0,81508.0,81945.0,83248.0
2025-03-14,84065.0,84322.0,84463.0,84111.0
2025-03-15,84347.0,84228.0,84400.0,82405.0
2025-03-16,82627.0,83044.0,83591.0,83502.0
2025-03-17,83923.0,83794.0,82974.0,82587.0
2025-03-18,82632.0,83087.0,82952.0,83863.0
2025-03-19,87329.0,86062.0,85683.0,85463.0
2025-03-20,84265.0,84434.0,84638.0,84012.0
2025-03-21,84049.0,84170.0,84330.0,84206.0
2025-03-22,83813.0,83996.0,84092.0,84651.0
2025-03-23,85969.0,86013.0,86852.0,87699.0
2025-03-24,87310.0,87623.0,86563.0,87378.0
2025-03-25,87356.0,87666.0,87349.0,87992.0
2025-03-26,86950.0,87302.0,87543.0,86958.0
2025-03-27,87118.0,87347.0,86303.0,85212.0
2025-03-28,84317.0,84345.0,84041.0,82256.0
2025-03-29,82609.0,82770.0,83083.0,83097.0
2025-03-30,82388.0,81591.0,81842.0,82197.0
2025-03-31,82602.0,82639.0,83042.0,83929.0
2025-04-01,85188.0,84979.0,84615.0,84569.0
2025-04-02,82209.0,83209.0,83556.0,83095.0
2025-04-03,83216.0,83011.0,82683.0,82677.0
2025-04-04,83760.0,83758.0,83664.0,83433.0
2025-04-05,83478.0,83480.0,83471.0,82804.0
2025-04-06,77759.0,78251.0,76925.0,76643.0
2025-04-07,79234.0,79006.0,80277.0,79964.0
2025-04-08,75999.0,76451.0,76353.0,76215.0
2025-04-09,82586.0,82322.0,81969.0,81838.0
2025-04-10,79552.0,79012.0,80856.0,82077.0
2025-04-11,83348.0,83342.0,83166.0,83494.0
2025-04-12,85280.0,85467.0,84587.0,84508.0
2025-04-13,83778.0,84301.0,84833.0,84923.0
2025-04-14,84514.0,84906.0,85462.0,85583.0
2025-04-15,83646.0,83145.0,83579.0,84025.0
2025-04-16,84091.0,84214.0,84155.0,84542.0
2025-04-17,84888.0,84824.0,84679.0,84664.0
2025-04-18,84468.0,84421.0,85018.0,85217.0
2025-04-19,85059.0,85165.0,85178.0,84125.0
2025-04-20,85180.0,86620.0,87381.0,86989.0
2025-04-21,87567.0,87701.0,88063.0,88624.0
2025-04-22,93678.0,92938.0,93696.0,93486.0
2025-04-23,93615.0,93410.0,92773.0,92613.0
2025-04-24,93925.0,93936.0,93092.0,94631.0
2025-04-25,94847.0,94947.0,94578.0,94175.0
2025-04-26,94639.0,94913.0,94048.0,93965.0
2025-04-27,93709.0,93420.0,94049.0,95294.0
2025-04-28,94979.0,95105.0,94393.0,95163.0
2025-04-29,94202.0,94575.0,95081.0,95203.0
2025-04-30,94228.0,94400.0,94889.0,96204.0
2025-05-01,96614.0,97061.0,96966.0,96977.0
2025-05-02,96939.0,96743.0,96555.0,95987.0
2025-05-03,95924.0,95906.0,95751.0,95437.0
2025-05-04,94271.0,94723.0,94420.0,94045.0
2025-05-05,94700.0,94598.0,94563.0,93799.0
2025-05-06,96763.0,97429.0,96568.0,97022.0
2025-05-07,97071.0,97777.0,98962.0,99442.0
2025-05-08,103122.0,102799.0,102809.0,102942.0
2025-05-09,103036.0,102874.0,103173.0,103415.0
2025-05-10,104879.0,104436.0,104163.0,104664.0
2025-05-11,104194.0,104624.0,104085.0,103776.0
2025-05-12,102633.0,102243.0,102738.0,103714.0
2025-05-13,104034.0,103943.0,103734.0,103943.0
2025-05-14,103541.0,103837.0,102914.0,102410.0
2025-05-15,103871.0,103785.0,103945.0,103705.0
2025-05-16,103499.0,103402.0,103681.0,103021.0
2025-05-17,103236.0,103411.0,103384.0,103830.0
2025-05-18,106649.0,105306.0,103030.0,103005.0
2025-05-19,105716.0,105767.0,106224.0,105250.0
2025-05-20,106955.0,106795.0,107353.0,106589.0
2025-05-21,109876.0,109936.0,111498.0,110979.0
2025-05-22,111559.0,111623.0,110848.0,109089.0
2025-05-23,106929.0,107393.0,108508.0,109228.0
2025-05-24,107980.0,107459.0,108286.0,107298.0
2025-05-25,108963.0,109637.0,109588.0,109805.0
2025-05-26,109386.0,109182.0,108980.0,109609.0
2025-05-27,108902.0,109252.0,109010.0,108916.0
2025-05-28,107657.0,108303.0,107607.0,108820.0
2025-05-29,105734.0,104933.0,106139.0,105908.0
2025-05-30,104059.0,103995.0,103845.0,103534.0
2025-05-31,104608.0,104508.0,104695.0,104126.0
2025-06-01,105682.0,105478.0,104773.0,104076.0
2025-06-02,105834.0,106365.0,105211.0,105369.0
2025-06-03,105562.0,105538.0,105490.0,105149.0
2025-06-04,104816.0,105044.0,105225.0,104884.0
2025-06-05,101494.0,101939.0,102855.0,104000.0
2025-06-06,104371.0,104595.0,104911.0,105223.0
2025-06-07,105591.0,105537.0,105672.0,105726.0
2025-06-08,105784.0,105765.0,105505.0,107760.0
2025-06-09,110240.0,109968.0,109582.0,109571.0
2025-06-10,110260.0,109826.0,109593.0,109261.0
2025-06-11,108618.0,108723.0,107790.0,106927.0
2025-06-12,104848.0,103963.0,104482.0,105091.0
2025-06-13,106066.0,105863.0,105430.0,105147.0
2025-06-14,105410.0,105698.0,105615.0,105006.0
2025-06-15,105603.0,105455.0,106404.0,106891.0
2025-06-16,106663.0,107286.0,107365.0,105680.0
2025-06-17,104602.0,104856.0,105469.0,104851.0
2025-06-18,104900.0,104979.0,105097.0,104812.0
2025-06-19,104621.0,104719.0,104275.0,105996.0
2025-06-20,103267.0,103293.0,103415.0,103896.0
2025-06-21,102581.0,102882.0,102604.0,102771.0
2025-06-22,100758.0,100910.0,101210.0,101325.0
2025-06-23,105453.0,105209.0,104912.0,105238.0
2025-06-24,106093.0,106456.0,106245.0,107242.0
2025-06-25,107440.0,107390.0,107879.0,107386.0
2025-06-26,107050.0,106748.0,107553.0,107021.0
2025-06-27,107029.0,107133.0,107248.0,107423.0
2025-06-28,107340.0,107512.0,107303.0,108479.0
2025-06-29,108308.0,108766.0,108364.0,107686.0
2025-06-30,107170.0,107400.0,106918.0,106623.0
2025-07-01,105727.0,105404.0,106380.0,107513.0
2025-07-02,109023.0,108973.0,108838.0,109637.0
2025-07-03,109659.0,109524.0,109030.0,108920.0
2025-07-04,108039.0,108233.0,108196.0,108166.0
2025-07-05,108221.0,108245.0,108029.0,108109.0
2025-07-06,109192.0,108846.0,109161.0,108658.0
2025-07-07,108275.0,108295.0,108024.0,108769.0
2025-07-08,108877.0,108957.0,108571.0,109070.0
2025-07-09,111339.0,110961.0,111176.0,111068.0
2025-07-10,116038.0,115619.0,116939.0,117837.0
2025-07-11,117588.0,117453.0,117697.0,117859.0
2025-07-12,117407.0,117352.0,117924.0,118120.0
2025-07-13,119064.0,119120.0,121445.0,121487.0
2025-07-14,119799.0,119498.0,117492.0,117096.0
2025-07-15,117603.0,118121.0,117626.0,118795.0
2025-07-16,118714.0,118947.0,118528.0,118044.0
2025-07-17,119472.0,119832.0,120512.0,119256.0
2025-07-18,118017.0,117843.0,118231.0,118393.0
2025-07-19,117886.0,118006.0,118029.0,117938.0
2025-07-20,117256.0,117399.0,118394.0,118114.0
2025-07-21,117383.0,117170.0,116636.0,119226.0
2025-07-22,119954.0,119621.0,119010.0,118592.0
2025-07-23,118710.0,119101.0,118048.0,118663.0
2025-07-24,118290.0,117734.0,116134.0,116514.0
2025-07-25,117497.0,117529.0,117552.0,117846.0
2025-07-26,117947.0,118003.0,118248.0,118136.0
2025-07-27,119417.0,119288.0,119234.0,118836.0
2025-07-28,118119.0,117973.0,118527.0,118581.0
2025-07-29,117802.0,117734.0,118000.0,117557.0
2025-07-30,117819.0,118393.0,118506.0,118347.0
2025-07-31,115755.0,115425.0,115698.0,115255.0
2025-08-01,113175.0,113762.0,113994.0,113764.0
2025-08-02,112611.0,112919.0,113455.0,113883.0
2025-08-03,114262.0,114902.0,114377.0,114506.0
2025-08-04,114996.0,114874.0,114325.0,114822.0
2025-08-05,114088.0,113880.0,113432.0,114232.0
2025-08-06,114987.0,114927.0,114384.0,116541.0
2025-08-07,117450.0,117312.0,116795.0,116923.0
2025-08-08,116680.0,116589.0,116463.0,117115.0
2025-08-09,116555.0,116768.0,118505.0,118324.0
2025-08-10,119222.0,119149.0,122079.0,120533.0
2025-08-11,118734.0,118982.0,119066.0,118548.0
2025-08-12,120153.0,119694.0,119332.0,120564.0
2025-08-13,123637.0,123898.0,123076.0,121019.0
2025-08-14,118425.0,118278.0,118964.0,119097.0
2025-08-15,117443.0,117835.0,117916.0,117443.0
2025-08-16,117453.0,117342.0,118164.0,118365.0
2025-08-17,117453.0,117374.0,115542.0,115005.0
2025-08-18,116341.0,116593.0,115338.0,115539.0
2025-08-19,113159.0,113198.0,113629.0,113656.0
2025-08-20,114184.0,114288.0,113793.0,113146.0
2025-08-21,112500.0,112586.0,112797.0,112279.0
2025-08-22,116846.0,116820.0,115873.0,115240.0
2025-08-23,115319.0,115334.0,115133.0,114711.0
2025-08-24,113451.0,112632.0,112736.0,111165.0
2025-08-25,109885.0,109096.0,110125.0,109878.0
2025-08-26,111659.0,111383.0,111592.0,111334.0
2025-08-27,111386.0,111349.0,112976.0,112929.0
2025-08-28,112511.0,112216.0,111519.0,110112.0
2025-08-29,108283.0,108306.0,108433.0,108706.0
2025-08-30,108824.0,109399.0,108821.0,108399.0
2025-08-31,108123.0,108241.0,107411.0,108775.0
2025-09-01,109131.0,109038.0,110312.0,109755.0
2025-09-02,111316.0,111350.0,111039.0,111470.0
2025-09-03,111760.0,112126.0,110974.0,110859.0
2025-09-04,110792.0,110491.0,111461.0,112374.0
2025-09-05,110647.0,110795.0,110888.0,110799.0
2025-09-06,110261.0,110387.0,110581.0,111300.0
2025-09-07,111050.0,110844.0,110979.0,112042.0
2025-09-08,112080.0,111659.0,112028.0,112443.0
2025-09-09,111560.0,111015.0,111529.0,112289.0
2025-09-10,113991.0,113911.0,114190.0,114045.0
2025-09-11,115695.0,115896.0,115388.0,114945.0
2025-09-12,116102.0,116299.0,115769.0,116040.0
2025-09-13,116018.0,115993.0,115811.0,115860.0
2025-09-14,115200.0,115122.0,116096.0,115111.0
2025-09-15,115311.0,115109.0,115531.0,115316.0
2025-09-16,116784.0,116612.0,116363.0,116288.0
2025-09-17,116387.0,116385.0,117633.0,117101.0
2025-09-18,117156.0,117468.0,117039.0,116456.0
2025-09-19,115698.0,115784.0,115641.0,115958.0
2025-09-20,115767.0,115724.0,115570.0,115675.0
2025-09-21,115360.0,114483.0,114481.0,112956.0
2025-09-22,112678.0,112485.0,112517.0,113052.0
2025-09-23,111997.0,112256.0,112195.0,113062.0
2025-09-24,113445.0,113105.0,111755.0,111372.0
2025-09-25,109197.0,109525.0,109375.0,109186.0
2025-09-26,109701.0,109710.0,109712.0,109364.0
2025-09-27,109725.0,109659.0,109424.0,109416.0
2025-09-28,112156.0,112295.0,111857.0,112150.0
2025-09-29,114319.0,114589.0,114168.0,113107.0
2025-09-30,114202.0,114259.0,114303.0,116839.0
2025-10-01,119122.0,118503.0,118730.0,118838.0
2025-10-02,120462.0,120241.0,120154.0,120420.0
2025-10-03,122200.0,122205.0,122591.0,122061.0
2025-10-04,122390.0,122239.0,125209.0,123491.0
2025-10-05,123421.0,123421.0,123641.0,124269.0
2025-10-06,124753.0,124967.0,124579.0,124545.0
2025-10-07,121646.0,121986.0,121948.0,122920.0
2025-10-08,123263.0,122899.0,122170.0,122787.0
2025-10-09,121762.0,121811.0,121289.0,121612.0
2025-10-10,113030.0,112703.0,113107.0,112395.0
2025-10-11,110596.0,109772.0,111611.0,111897.0
2025-10-12,115202.0,115407.0,114816.0,114289.0
2025-10-13,115222.0,115052.0,113154.0,111412.0
2025-10-14,113002.0,113059.0,112400.0,112003.0
2025-10-15,110851.0,110490.0,111028.0,111444.0
2025-10-16,108076.0,108808.0,108819.0,105706.0
2025-10-17,106397.0,106879.0,106507.0,107260.0
2025-10-18,107207.0,106940.0,107052.0,107807.0
2025-10-19,108415.0,108090.0,110461.0,111051.0
2025-10-20,110436.0,110496.0,107842.0,108610.0
2025-10-21,108499.0,108048.0,108676.0,107604.0
2025-10-22,107601.0,107859.0,108676.0,109302.0
2025-10-23,110129.0,110543.0,111221.0,111100.0
2025-10-24,111039.0,110797.0,111240.0,111591.0
2025-10-25,111609.0,111738.0,111444.0,113279.0
2025-10-26,114740.0,114763.0,115271.0,115359.0
2025-10-27,114014.0,113951.0,113972.0,114351.0
2025-10-28,112890.0,112457.0,112839.0,113142.0
2025-10-29,109990.0,110555.0,108581.0,109721.0
2025-10-30,108411.0,109277.0,110067.0,110381.0
2025-10-31,109398.0,109670.0,110233.0,110068.0
2025-11-01,109988.0,109925.0,110632.0,111102.0
2025-11-02,110571.0,109753.0,107882.0,107770.0
2025-11-03,106482.0,106440.0,106728.0,104560.0
2025-11-04,101345.0,100533.0,101960.0,102077.0
2025-11-05,103598.0,103662.0,104031.0,103205.0
2025-11-06,101425.0,101426.0,101960.0,100361.0
2025-11-07,103112.0,102644.0,102509.0,101829.0
2025-11-08,102300.0,101758.0,101709.0,102215.0
2025-11-09,104346.0,106278.0,106136.0,106171.0
2025-11-10,105977.0,106113.0,105724.0,105301.0
2025-11-11,103210.0,102849.0,103210.0,104999.0
2025-11-12,101694.0,101843.0,102116.0,102910.0
2025-11-13,99467.0,98915.0,97766.0,96121.0
2025-11-14,94885.0,95056.0,96047.0,95622.0
2025-11-15,95551.0,95311.0,95752.0,95584.0
2025-11-16,94139.0,95236.0,95035.0,95503.0
2025-11-17,92141.0,92053.0,89967.0,91409.0
2025-11-18,92620.0,92350.0,91101.0,91348.0
2025-11-19,91391.0,91801.0,92873.0,91842.0
2025-11-20,86611.0,87165.0,85944.0,82209.0
2025-11-21,85236.0,84674.0,84176.0,84031.0
2025-11-22,84859.0,84911.0,86525.0,86285.0
2025-11-23,86594.0,86706.0,86707.0,86215.0
2025-11-24,88139.0,88070.0,88305.0,87338.0
2025-11-25,87565.0,87535.0,87196.0,87083.0
2025-11-26,90404.0,90464.0,91268.0,91386.0
2025-11-27,91184.0,91185.0,91416.0,91428.0
2025-11-28,90971.0,90890.0,90917.0,90705.0
2025-11-29,90871.0,90918.0,90874.0,91064.0
2025-11-30,89817.0,87010.0,85803.0,86139.0
2025-12-01,86326.0,86516.0,86971.0,87364.0
2025-12-02,91293.0,91685.0,93379.0,93033.0
2025-12-03,93455.0,93069.0,93361.0,92955.0
2025-12-04,92235.0,92320.0,92046.0,91368.0
2025-12-05,89224.0,89433.0,89679.0,89636.0
2025-12-06,89306.0,89418.0,89552.0,89168.0
2025-12-07,90389.0,90363.0,91292.0,91973.0
2025-12-08,90644.0,90408.0,89946.0,90395.0
2025-12-09,92676.0,92142.0,92567.0,92125.0
2025-12-10,92026.0,91412.0,90458.0,90268.0
2025-12-11,92481.0,91585.0,92413.0,92425.0
2025-12-12,90402.0,90330.0,90385.0,90353.0
2025-12-13,90174.0,90363.0,90208.0,89388.0
2025-12-14,88286.0,88467.0,89662.0,89644.0
2025-12-15,86441.0,85843.0,85815.0,87234.0
2025-12-16,87612.0,87513.0,86727.0,86960.0
2025-12-17,86170.0,86200.0,86728.0,87233.0
2025-12-18,85401.0,85553.0,87028.0,88143.0
2025-12-19,88048.0,87965.0,88247.0,88238.0
2025-12-20,88304.0,88345.0,88043.0,88570.0
2025-12-21,88739.0,88606.0,88874.0,89901.0
2025-12-22,88447.0,88720.0,87870.0,87800.0
2025-12-23,87489.0,87600.0,87077.0,87145.0
2025-12-24,87557.0,87503.0,87732.0,87454.0
2025-12-25,87200.0,87058.0,88891.0,88472.0
2025-12-26,87274.0,87340.0,87408.0,87420.0
2025-12-27,87824.0,87781.0,87653.0,87805.0
2025-12-28,87783.0,88227.0,90053.0,87468.0
2025-12-29,87149.0,87127.0,87191.0,87777.0
2025-12-30,88320.0,88149.0,88230.0,88912.0
2025-12-31,87548.0,87662.0,87401.0,87871.0
2026-01-01,88602.0,88721.0,88528.0,89405.0
2026-01-02,90001.0,90121.0,90131.0,89699.0
2026-01-03,90906.0,91294.0,91363.0,91266.0
2026-01-04,91785.0,92350.0,92556.0,93081.0
2026-01-05,93971.0,93819.0,93794.0,93808.0
2026-01-06,93564.0,92656.0,92621.0,92044.0
2026-01-07,91244.0,91297.0,90912.0,90097.0
2026-01-08,91032.0,91216.0,90915.0,90349.0
2026-01-09,90527.0,90457.0,90326.0,90601.0
2026-01-10,90353.0,90514.0,90655.0,90602.0
2026-01-11,90794.0,91113.0,92039.0,90510.0
2026-01-12,91270.0,91378.0,91408.0,91897.0
2026-01-13,95428.0,95209.0,95208.0,94739.0
2026-01-14,96826.0,96648.0,96297.0,96573.0
2026-01-15,95657.0,95597.0,95246.0,95395.0
2026-01-16,95495.0,95436.0,95269.0,95282.0
2026-01-17,95068.0,95068.0,95063.0,95130.0
2026-01-18,92947.0,92682.0,92620.0,93139.0
2026-01-19,92706.0,92641.0,91983.0,91130.0
2026-01-20,88467.0,88816.0,89331.0,88700.0
2026-01-21,89509.0,89831.0,89904.0,89851.0
2026-01-22,89412.0,89428.0,89867.0,89081.0
2026-01-23,89477.0,89342.0,89709.0,89455.0
2026-01-24,89106.0,89161.0,88875.0,88423.0
2026-01-25,86670.0,86757.0,87621.0,87763.0
2026-01-26,88180.0,88254.0,88480.0,87875.0
2026-01-27,89063.0,89342.0,88863.0,89949.0
2026-01-28,89012.0,89013.0,88186.0,87692.0
2026-01-29,84598.0,84061.0,82795.0,82990.0
2026-01-30,83999.0,83929.0,83836.0,82870.0
2026-01-31,78816.0,78813.0,78901.0,78679.0
2026-02-01,76725.0,77601.0,75797.0,77668.0
2026-02-02,78480.0,79008.0,78735.0,78004.0
2026-02-03,75547.0,75801.0,76386.0,75905.0
2026-02-04,72902.0,72697.0,70739.0,70198.0
2026-02-05,62190.0,63401.0,64840.0,66550.0
2026-02-06,70215.0,69926.0,70736.0,67918.0
2026-02-07,69337.0,69090.0,69296.0,70933.0
2026-02-08,70384.0,70470.0,70944.0,68863.0
2026-02-09,70058.0,69794.0,69784.0,68483.0
2026-02-10,68777.0,69163.0,67537.0,67021.0
2026-02-11,67070.0,67412.0,66971.0,68048.0
2026-02-12,66392.0,65872.0,66273.0,67110.0
2026-02-13,68840.0,69051.0,68759.0,70475.0
2026-02-14,69783.0,69740.0,70161.0,70252.0
2026-02-15,68705.0,68816.0,68825.0,68772.0
2026-02-16,68796.0,68850.0,68448.0,67815.0
2026-02-17,67503.0,67266.0,67770.0,67342.0
2026-02-18,66408.0,66415.0,66778.0,66469.0
2026-02-19,66935.0,67200.0,67236.0,67278.0
2026-02-20,67982.0,67815.0,67798.0,68074.0
2026-02-21,68005.0,67912.0,67962.0,68197.0
2026-02-22,67588.0,66717.0,64800.0,66204.0
2026-02-23,64676.0,64910.0,63354.0,63220.0
2026-02-24,64054.0,64222.0,65444.0,65422.0
2026-02-25,67809.0,68354.0,68573.0,68041.0
2026-02-26,67399.0,67220.0,67748.0,66125.0
2026-02-27,65898.0,65940.0,65664.0,63845.0
2026-02-28,67046.0,66821.0,67341.0,66467.0
2026-03-01,65912.0,66502.0,66869.0,66347.0
2026-03-02,68942.0,69101.0,68109.0,67020.0
2026-03-03,68280.0,68103.0,67789.0,71117.0
2026-03-04,72703.0,72792.0,72832.0,72925.0
2026-03-05,70907.0,70973.0,70622.0,70243.0
2026-03-06,68112.0,68297.0,68069.0,68019.0
2026-03-07,67385.0,67205.0,66647.0,67529.0
2026-03-08,66138.0,66371.0,67150.0,67757.0
2026-03-09,68482.0,69166.0,70072.0,70617.0
2026-03-10,69768.0,70036.0,70152.0,69186.0
2026-03-11,70193.0,70236.0,69387.0,70458.0
2026-03-12,70493.0,71488.0,71395.0,72239.0
2026-03-13,70823.0,70661.0,71041.0,70748.0
2026-03-14,71123.0,71015.0,71584.0,71848.0
2026-03-15,72967.0,72549.0,73848.0,73562.0
2026-03-16,74710.0,75314.0,74240.0,74045.0
2026-03-17,73929.0,73891.0,74207.0,72971.0
2026-03-18,71276.0,71012.0,70827.0,69933.0
2026-03-19,69863.0,70209.0,70776.0,70469.0
2026-03-20,70555.0,70670.0,70637.0,70636.0
2026-03-21,68453.0,68937.0,69355.0,68222.0
2026-03-22,67943.0,67656.0,68514.0,70096.0
2026-03-23,70906.0,70675.0,70350.0,71133.0
2026-03-24,70597.0,70831.0,70937.0,71664.0
2026-03-25,71231.0,71265.0,70749.0,69244.0
2026-03-26,68737.0,68730.0,68538.0,66667.0
2026-03-27,66404.0,66386.0,66226.0,66287.0
2026-03-28,66408.0,66442.0,66674.0,66764.0
2026-03-29,65820.0,66233.0,67555.0,67604.0
2026-03-30,66744.0,67128.0,67484.0,66616.0
2026-03-31,68120.0,68252.0,68237.0,68691.0
2026-04-01,68105.0,68592.0,66337.0,66224.0
2026-04-02,66974.0,66771.0,66619.0,67025.0
2026-04-03,66899.0,66893.0,66859.0,67128.0
2026-04-04,67288.0,67188.0,67081.0,66979.0
2026-04-05,69302.0,69058.0,69112.0,69619.0
2026-04-06,68933.0,68797.0,68851.0,68339.0
2026-04-07,71889.0,71696.0,71566.0,71690.0
2026-04-08,71051.0,70812.0,70782.0,71159.0
2026-04-09,71817.0,71954.0,72132.0,72147.0
2026-04-10,72880.0,72851.0,72842.0,72935.0
2026-04-11,72923.0,73096.0,71508.0,71501.0
2026-04-12,70692.0,71192.0,70922.0,70945.0
2026-04-13,74476.0,74191.0,74421.0,74411.0
2026-04-14,74586.0,74613.0,74380.0,74207.0
2026-04-15,74678.0,74827.0,74970.0,74586.0
2026-04-16,75106.0,74969.0,74803.0,75623.0
2026-04-17,77207.0,77195.0,77160.0,76075.0
2026-04-18,75792.0,75718.0,75701.0,75637.0
2026-04-19,74096.0,74319.0,74601.0,75226.0
2026-04-20,75851.0,76123.0,75843.0,76475.0
2026-04-21,76342.0,76377.0,77524.0,78307.0
2026-04-22,78388.0,78439.0,77959.0,77756.0
2026-04-23,78203.0,78408.0,77695.0,78256.0
2026-04-24,77452.0,77468.0,77658.0,77695.0
2026-04-25,77649.0,77530.0,77791.0,78128.0
2026-04-26,78823.0,79270.0,78950.0,77861.0
2026-04-27,77284.0,77388.0,76886.0,76196.0
2026-04-28,76336.0,76510.0,77275.0,77588.0
2026-04-29,75798.0,76230.0,75469.0,76040.0
2026-04-30,76449.0,76407.0,77012.0,77452.0
2026-05-01,78275.0,78335.0,78175.0,78138.0
2026-05-02,78711.0,78543.0,78164.0,78653.0
2026-05-03,78487.0,78542.0,80320.0,78784.0
2026-05-04,79976.0,80153.0,80901.0,81004.0
2026-05-05,81062.0,81019.0,81331.0,82515.0
2026-05-06,81446.0,81019.0,80966.0,80859.0
2026-05-07,80045.0,79815.0,79650.0,80236.0
2026-05-08,80163.0,80238.0,80390.0,80339.0
2026-05-09,80641.0,80649.0,80767.0,80841.0
2026-05-10,82087.0,81463.0,80822.0,81179.0
2026-05-11,81725.0,81531.0,81206.0,80759.0
2026-05-12,80441.0,80702.0,81212.0,80499.0
2026-05-13,79357.0,79564.0,79413.0,79229.0
2026-05-14,81128.0,81507.0,80706.0,80619.0
2026-05-15,79086.0,79055.0,78994.0,78063.0
2026-05-16,78189.0,77913.0,78139.0,78395.0
2026-05-17,77284.0,77162.0,77018.0,77246.0
2026-05-18,76921.0,77109.0,76858.0,76669.0
2026-05-19,76812.0,76701.0,76701.0,77331.01
2026-05-20,77566.01,77904.01,77967.01,77116.98
2026-05-21,77473.74,77309.0,77578.01,77342.72
2026-05-22,75483.01,75272.66,75454.12,74714.01
2026-05-23,76605.0,76746.0,76689.0,77213.01
2026-05-24,77059.0,77057.37,77296.16,77281.0
2026-05-25,77190.01,76727.0,76664.01,77109.0
2026-05-26,75815.0,75977.01,75458.99,75644.58
2026-05-27,74434.08,74435.96,73047.14,73381.97
2026-05-28,73559.53,73618.68,73396.0,73374.75
2026-05-29,73354.01,73401.0,73307.43,73499.16
2026-05-30,73769.24,73921.49,74076.01,73846.56
2026-05-31,73755.13,73780.64,73432.38,72381.24
2026-06-01,71245.01,71186.33,70702.05,69352.45
2026-06-02,66648.0,66838.59,66368.5,66980.38
2026-06-03,64247.78,63241.74,64334.91,62479.4
2026-06-04,63670.91,63346.53,63543.63,61905.2
2026-06-05,61372.54,61246.93,60077.41,60777.96
2026-06-06,60907.7,60760.59,61871.68,62589.68
2026-06-07,63278.0,63603.04,62671.67,63440.41
2026-06-08,63004.85,62533.09,63205.0,62664.59
2026-06-09,61790.3,61880.99,61254.78,60980.41
2026-06-10,61525.93,61763.74,62646.71,63044.91
2026-06-11,63514.23,63572.75,63615.77,63689.59
2026-06-12,63528.45,63563.01,63481.11,63932.18
2026-06-13,64386.17,64531.01,64306.04,64510.02
2026-06-14,65640.0,65588.38,65607.23,66199.62
2026-06-15,66278.45,66210.56,65795.01,66426.49
2026-06-16,65650.8,65662.19,65827.75,64751.83
2026-06-17,64544.02,64404.23,63821.48,63910.45
2026-06-18,62900.11,62959.09,62384.26,62567.02
2026-06-19,63455.16,63473.5,63522.86,63622.75
2026-06-20,64184.68,64215.25,64205.0,64084.01
2026-06-21,63358.09,63811.59,64018.15,64583.75
2026-06-22,63962.61,64074.53,63544.45,62438.61
2026-06-23,62675.56,62926.0,62683.62,62821.9
2026-06-24,60999.61,60726.76,61264.21,61187.8
2026-06-25,59748.79,59579.98,59826.11,59328.22
2026-06-26,60024.87,59973.87,60143.89,60270.64
2026-06-27,59953.68,60049.51,60045.38,60249.38
2026-06-28,59309.7,59585.75,59736.13,59883.73
2026-06-29,60184.14,59740.72,59387.14,59093.87
2026-06-30,58628.06,58474.6,59237.48,58543.89
2026-07-01,59854.66,59676.77,60709.48,61284.08
2026-07-02,61418.02,61227.92,61373.75,61961.74
2026-07-03,62541.11,62695.16,62629.53,62434.65
2026-07-04,63009.8,62921.77,62776.34,62596.53
2026-07-05,63653.43,63699.93,63208.37,62420.75
2026-07-06,64008.32,64158.01,63046.76,63339.3
2026-07-07,63393.56,63566.6,62753.06,62246.45
2026-07-08,62135.03,62074.74,62409.56,62720.72
2026-07-09,63146.35,63056.14,64002.14,64379.38
2026-07-10,64060.97,64084.91,64104.98,64150.45
2026-07-11,63840.01,63784.55,63955.08,63976.69
2026-07-12,63854.05,64025.43,62629.04,62842.07
2026-07-13,62233.84,62479.22,62675.35,62770.35
2026-07-14,64954.26,64781.15,64690.84,64682.36
2026-07-15,64769.72,64548.02,64587.1,64205.98
2026-07-16,63759.5,63827.51,63429.17,63243.7
2026-07-17,63900.97,63860.42,63922.28,64017.39
2026-07-18,64796.28,64737.38,64676.24,64428.0
2026-07-19,64586.94,64502.05,64492.03,64940.03
2026-07-20,65203.87,65532.85,65474.6,66308.46
2026-07-21,66577.98,66592.59,66336.01,65967.65
2026-07-22,66106.06,66033.53,65565.03,65525.92
2026-07-23,64975.95,64923.17,65262.41,65035.06
2026-07-24,64108.57,64008.48,64115.09,64000.69
2026-07-25,64317.89,64444.63,64475.33,64448.18
2026-07-26,65226.35,65057.61,65225.94,65047.75
2026-07-27,63700.18,63427.11,63285.02,63404.56
2026-07-28,63964.22,63876.84,63881.49,64433.38
2026-07-29,63913.92,63594.87,63934.94,64708.36
2026-07-30,64808.33,64662.53,64244.35,63737.45
2026-07-31,62888.44,62878.36,63041.09,63017.75
2026-08-01,62831.51,62767.74,63520.02,62966.63
2026-08-02,63436.53,63239.83,62703.02,62477.87
2026-08-03,63511.94,63287.3,63974.64,63856.79
2026-08-04,64023.8,63945.07,64116.12,64017.5
2026-08-05,64559.4,64590.4,64668.35,64557.04
2026-08-06,64290.06,64256.82,64188.68,64973.48
2026-08-07,64885.32,64875.77,64965.94,64926.95
2026-08-08,64908.62,64926.22,64740.01,64902.4
2026-08-09,64849.05,64909.53,64956.11,65072.43
2026-08-10,63886.78,63975.03,63973.5,64330.98
2026-08-11,63507.05,63675.86,63716.76,64181.23
2026-08-12,63399.74,63494.02,63628.34,63416.02
2026-08-13,63413.78,63477.3,63298.8,62800.45
2026-08-14,62968.88,62945.43,63056.69,62950.98
2026-08-15,63014.82,63013.89,63024.86,62931.47
2026-08-16,62856.87,62849.31,63478.49,63568.0
2026-08-17,64430.47,64318.97,64138.53,64283.97
2026-08-18,64590.98,64444.53,64258.52,64456.39
2026-08-19,69515.16,69373.11,69435.69,71872.32
2026-08-20,73083.9,73691.23,74985.7,76709.55
2026-08-21,78176.45,77935.57,78454.47,77112.25
2026-08-22,77126.51,77283.91,76612.77,77286.09
2026-08-23,77602.66,77654.83,76894.41,78428.47
2026-08-24,78939.53,79730.09,80348.53,79101.99
2026-08-25,78616.11,78630.57,78813.22,78467.09
2026-08-26,78859.45,78703.12,78759.99,79476.47
2026-08-27,80192.69,80569.95,79659.74,79602.06
2026-08-28,77809.07,77729.86,77649.53,77572.96
2026-08-29,78202.36,78177.09,78100.32,78150.45
2026-08-30,77810.4,77923.88,77609.62,78287.1
2026-08-31,78621.56,78623.61,78684.66,78057.99
2026-09-01,77419.28,77172.33,77522.37,76774.64
2026-09-02,77313.59,77051.98,77730.81,77906.78
2026-09-03,81135.68,80969.85,81067.45,81219.65
2026-09-04,79667.8,79596.15,79525.0,79626.67
2026-09-05,79873.16,79861.3,79870.35,79927.13
2026-09-06,80319.76,80138.46,79712.44,79412.73
2026-09-07,79031.47,79280.5,78663.02,78404.85
2026-09-08,78547.18,78764.78,79148.68,79309.78
2026-09-09,78328.62,78161.47,78366.17,77825.44
2026-09-10,76620.33,76880.15,77095.13,76998.78
2026-09-11,77286.51,77288.82,77217.36,77341.32
2026-09-12,77271.08,77258.48,77187.6,76743.39
2026-09-13,76819.55,76763.13,77645.48,77741.75
2026-09-14,78164.31,77940.37,77548.26,76896.93
2026-09-15,75691.59,75722.25,75815.6,76172.15
2026-09-16,76228.85,76273.59,76470.98,76401.55
2026-09-17,76361.83,76519.1,77507.44,78001.02
2026-09-18,80846.36,81649.08,80987.84,81288.65
2026-09-19,81190.36,81263.07,80401.53,80435.04
2026-09-20,81355.66,81599.52,81371.68,84862.99
2026-09-21,86395.28,85878.17,85419.48,85967.81
2026-09-22,86203.49,86452.29,87159.93,85634.14
2026-09-23,84451.23,84312.72,84023.24,83463.63
2026-09-24,84479.47,84566.16,84189.1,84580.91
2026-09-25,84039.79,83903.52,83971.54,84164.97
2026-09-26,84347.8,84292.93,84309.14,84878.71
2026-09-27,84519.97,84135.53,83479.39,83051.58
2026-09-28,83489.4,83155.82,83167.05,84320.9
2026-09-29,83630.05,83417.31,83170.67,83886.72
2026-09-30,83479.14,83449.24,84041.15,83881.65
2026-10-01,84737.16,84754.48,86627.19,86416.17
2026-10-02,84450.09,84641.31,84578.07,84668.38
2026-10-03,84813.27,84783.18,84809.35,85293.22
2026-10-04,86427.19,86630.8,85503.49,86206.62
2026-10-05,85795.7,85895.27,,
